brand,year,km_driven,fuel_type,transmission,body_type,color,owner_count,has_accident,service_history,price
Mercedes,2022,6976.0,Petrol,Manual,Hatchback,Blue,4,0,0.0,25378.44
Honda,2014,73934.0,Petrol,DSG,Sedan,Silver,1,1,1.0,2803.88
Kia,2018,26960.0,Diesel,Automatic,Sedan,Green,1,1,1.0,6039.79
BMW,2015,56770.0,Electric,Automatic,SUV,Brown,1,1,1.0,7495.63
Volkswagen,2017,65890.0,CNG,CVT,Sedan,Green,1,0,1.0,6711.58
Subaru,2020,37868.0,Petrol,Manual,SUV,Silver,2,0,1.0,11905.51
Mercedes,2023,4441.0,Petrol,CVT,SUV,Gray,3,0,1.0,52684.27
Mazda,2013,101003.0,Petrol,Automatic,Sedan,Gray,3,0,1.0,2490.93
Jeep,2016,28963.0,Diesel,Automatic,SUV,Green,3,0,1.0,6927.16
Nissan,2010,242559.0,CNG,Manual,Pickup,Red,1,0,1.0,461.64
Kia,2014,181209.0,Hybrid,Automatic,Hatchback,Red,1,0,1.0,1545.15
Honda,2020,8403.0,Petrol,Automatic,SUV,Black,2,0,1.0,9593.77
Honda,2023,7339.0,CNG,DSG,Hatchback,Brown,1,0,1.0,22957.38
Jeep,2017,100677.0,Electric,DSG,SUV,Black,1,0,1.0,7522.18
Honda,2013,172674.0,Diesel,Manual,SUV,Brown,1,0,1.0,1112.55
Volkswagen,2017,41140.0,Hybrid,Manual,Sedan,White,1,1,0.0,9284.96
Chevrolet,2021,15172.0,Electric,Manual,Sedan,Yellow,1,0,1.0,19254.25
Toyota,2011,220015.0,Diesel,Automatic,SUV,Orange,2,0,1.0,867.35
Jeep,2019,31817.0,Electric,Manual,Hatchback,Brown,2,0,0.0,10149.7
Suzuki,2015,44812.0,Diesel,CVT,Sedan,Blue,1,0,0.0,3264.69
Mercedes,2012,17246.0,Petrol,Automatic,Sedan,Blue,1,0,1.0,8973.53
Kia,2010,300000.0,Petrol,DSG,Hatchback,Blue,2,0,0.0,295.46
BMW,2014,58025.0,Petrol,Manual,Coupe,Blue,1,0,1.0,5712.26
Mercedes,2019,300000.0,Diesel,DSG,Wagon,Gray,2,0,1.0,5166.69
Audi,2012,34874.0,Petrol,Automatic,Sedan,Black,2,0,1.0,7466.0
Lexus,2019,15766.0,Petrol,Automatic,Pickup,Gray,1,0,1.0,25385.35
Suzuki,2013,276715.0,Petrol,DSG,SUV,Yellow,1,1,0.0,388.76
Jeep,2021,7445.0,Petrol,Automatic,Hatchback,Blue,2,0,1.0,11733.27
Toyota,2019,47081.0,CNG,Automatic,Convertible,White,1,0,1.0,9379.94
Toyota,2011,134850.0,Electric,Manual,Wagon,Gray,1,0,1.0,1820.4
Mercedes,2016,45622.0,Petrol,Manual,Sedan,Yellow,2,0,0.0,10309.11
Mercedes,2021,23038.0,Petrol,Automatic,Pickup,Black,1,0,0.0,28974.65
Suzuki,2015,59817.0,Petrol,Manual,SUV,Orange,1,0,1.0,3496.83
Ford,2020,45887.0,Electric,CVT,Wagon,Blue,2,0,1.0,13173.4
Chevrolet,2022,19076.0,Hybrid,Automatic,Coupe,White,2,0,1.0,18371.25
Ford,2016,58349.0,Electric,CVT,Sedan,Yellow,1,1,0.0,5260.82
Kia,2011,300000.0,Electric,Automatic,Hatchback,Yellow,2,0,1.0,252.74
Mazda,2023,1819.0,Electric,Manual,SUV,Green,3,0,1.0,24245.95
Nissan,2022,11598.0,Diesel,Manual,Hatchback,Silver,1,0,1.0,16565.42
Mercedes,2017,52651.0,Diesel,Manual,Coupe,Black,1,0,0.0,15439.08
Honda,2018,16441.0,Diesel,Automatic,SUV,White,1,0,1.0,7881.4
Honda,2017,189557.0,Petrol,Automatic,Wagon,Black,1,0,0.0,3087.79
Ford,2014,77139.0,Petrol,Automatic,SUV,Yellow,1,0,1.0,3319.28
Hyundai,2017,89827.0,Petrol,Automatic,SUV,Yellow,1,0,0.0,4986.37
Ford,2013,91824.0,Petrol,DSG,SUV,Red,2,1,1.0,2650.3
Ford,2021,36375.0,Hybrid,CVT,Sedan,Gray,1,0,1.0,9552.6
Audi,2014,44872.0,Hybrid,Automatic,SUV,Brown,2,0,1.0,8407.76
Nissan,2011,139518.0,Petrol,CVT,Sedan,Silver,1,0,1.0,1306.13
Volkswagen,2013,300000.0,Diesel,Automatic,SUV,White,1,1,1.0,446.9
Jeep,2012,181390.0,Electric,Automatic,Hatchback,Gray,4,0,1.0,1806.01
Mazda,2010,77003.0,Petrol,CVT,Sedan,Green,1,0,1.0,1912.56
Mercedes,2022,3936.0,Petrol,DSG,Hatchback,Green,1,0,1.0,42147.61
Jeep,2017,211547.0,Hybrid,Manual,Hatchback,Orange,1,0,0.0,2968.16
Lexus,2020,221418.0,Petrol,Manual,Coupe,Blue,2,0,1.0,7151.63
Chevrolet,2015,19645.0,Petrol,Manual,SUV,Red,1,0,1.0,4048.38
Ford,2019,19163.0,Diesel,Automatic,Sedan,Brown,1,0,1.0,9346.74
Audi,2010,300000.0,Petrol,Automatic,Sedan,White,1,0,1.0,430.96
Ford,2012,128505.0,Petrol,Manual,Sedan,Green,1,0,0.0,1505.1
Kia,2017,61340.0,Diesel,Manual,SUV,Black,1,0,0.0,3333.68
Toyota,2022,17423.0,Hybrid,Automatic,Sedan,Gray,2,0,1.0,21243.37
Audi,2021,24892.0,Diesel,Manual,SUV,White,1,0,1.0,26268.84
Ford,2015,82920.0,Hybrid,Automatic,Coupe,Yellow,1,0,1.0,3902.18
Lexus,2016,120464.0,Diesel,Automatic,Hatchback,White,1,0,1.0,6498.85
Toyota,2021,18200.0,Hybrid,Automatic,Wagon,Brown,2,1,0.0,10253.64
Toyota,2013,54413.0,Petrol,Automatic,Hatchback,Green,1,0,1.0,4613.31
Subaru,2021,47942.0,Hybrid,Automatic,SUV,Green,2,0,1.0,9421.95
Nissan,2015,52111.0,Petrol,Automatic,Pickup,Orange,2,1,1.0,2021.25
Ford,2017,52007.0,Hybrid,Manual,Hatchback,Silver,2,0,1.0,5815.32
Volkswagen,2019,115564.0,Diesel,CVT,Hatchback,Black,1,1,1.0,6154.16
Volkswagen,2012,300000.0,Petrol,Manual,SUV,Gray,2,0,0.0,461.15
BMW,2023,10495.0,Petrol,Automatic,Sedan,Orange,2,0,1.0,43564.33
Suzuki,2023,6720.0,Hybrid,Manual,Convertible,Orange,1,0,0.0,17843.46
Tesla,2017,158400.0,Petrol,CVT,Sedan,Green,2,0,1.0,6101.18
Chevrolet,2020,36518.0,Diesel,Manual,SUV,Red,1,0,1.0,14082.06
Toyota,2021,45034.0,Diesel,Automatic,Convertible,White,3,0,1.0,12125.09
Chevrolet,2020,13825.0,CNG,Automatic,Convertible,Orange,1,0,1.0,11938.41
Honda,2013,134657.0,Petrol,Manual,Coupe,Red,1,0,1.0,2052.66
Lexus,2021,25075.0,Petrol,Automatic,Sedan,Orange,1,0,0.0,31988.02
Chevrolet,2023,9742.0,Petrol,Manual,SUV,Silver,1,0,0.0,15130.19
Audi,2013,134238.0,Petrol,Automatic,Hatchback,Silver,4,0,1.0,2929.31
Porsche,2014,70030.0,Petrol,Manual,Sedan,Yellow,2,0,1.0,14550.45
Volkswagen,2021,,Diesel,Manual,Sedan,Orange,2,0,1.0,16572.67
Honda,2010,64248.0,Petrol,Automatic,SUV,White,1,0,,1508.85
Audi,2015,30158.0,CNG,Manual,SUV,Red,1,0,1.0,10922.73
Porsche,2010,45630.0,Diesel,CVT,Sedan,Brown,2,1,1.0,5619.85
Hyundai,2018,59691.0,Petrol,CVT,Sedan,Gray,2,0,1.0,4756.59
Audi,2018,174223.0,Diesel,Manual,SUV,Green,3,0,0.0,4337.33
Honda,2015,67386.0,Diesel,Manual,Sedan,White,2,0,1.0,4666.26
Mercedes,2017,60842.0,Hybrid,Automatic,Convertible,Black,2,0,1.0,13167.44
Ford,2022,8807.0,Electric,Manual,Sedan,Black,1,1,0.0,11019.46
Chevrolet,2023,5435.0,Petrol,Automatic,SUV,Green,2,0,0.0,17465.01
Ford,2019,80581.0,Petrol,Automatic,Hatchback,Red,1,0,,6558.49
Kia,2014,83473.0,Petrol,DSG,Sedan,Blue,3,0,0.0,3313.48
Audi,2014,35892.0,Diesel,Manual,SUV,Yellow,2,0,1.0,5920.76
BMW,2015,30854.0,CNG,Manual,Hatchback,Red,3,0,1.0,9638.73
Lexus,2019,42067.0,Petrol,CVT,Wagon,White,1,0,1.0,16263.29
Kia,2019,69008.0,Hybrid,Manual,SUV,Gray,2,0,1.0,4149.93
Audi,2011,83740.0,Petrol,Manual,SUV,Brown,2,0,1.0,4479.09
Hyundai,2010,145874.0,Diesel,Automatic,Pickup,Black,1,0,1.0,603.69
Mercedes,2011,213943.0,Hybrid,Automatic,Coupe,Brown,3,0,1.0,1488.53
Kia,2012,84840.0,Petrol,Manual,Coupe,Silver,2,0,1.0,1833.67
Mercedes,2022,6690.0,Hybrid,Manual,Hatchback,Orange,3,0,0.0,30927.48
Lexus,2021,57188.0,Petrol,Manual,Hatchback,Orange,1,1,1.0,21492.43
Ford,2013,46614.0,Diesel,Automatic,Sedan,Silver,3,0,1.0,3199.43
Honda,2014,46497.0,Diesel,DSG,Sedan,Blue,2,0,1.0,4460.16
Nissan,2020,45800.0,Petrol,Manual,Wagon,Silver,1,0,1.0,8196.5
Hyundai,2022,17514.0,Diesel,Automatic,SUV,Silver,1,0,1.0,14850.44
BMW,2012,136234.0,Diesel,Manual,SUV,Yellow,2,0,1.0,3399.74
Mitsubishi,2012,92399.0,Diesel,Automatic,Sedan,Brown,3,0,1.0,2221.97
Honda,2022,8269.0,Diesel,Manual,SUV,Brown,3,1,1.0,12734.72
Hyundai,2021,23263.0,Electric,CVT,Coupe,Brown,1,0,1.0,15300.76
Honda,2011,104203.0,Petrol,Automatic,Sedan,Red,2,0,1.0,1401.81
Lexus,2022,21805.0,Petrol,Automatic,SUV,Red,1,0,1.0,30042.11
BMW,2012,300000.0,Petrol,Automatic,Sedan,Blue,1,0,0.0,938.88
Nissan,2021,12124.0,Diesel,CVT,Hatchback,Blue,3,0,0.0,12235.37
BMW,2021,18089.0,Diesel,Automatic,Sedan,Blue,1,0,0.0,29425.86
Mitsubishi,2011,181390.0,Petrol,Manual,Sedan,Black,1,0,1.0,696.03
Mercedes,2013,115901.0,Petrol,Manual,Wagon,Green,1,0,1.0,6647.54
Jeep,2017,49631.0,Petrol,Automatic,Hatchback,Silver,1,0,1.0,9062.35
Nissan,2019,15347.0,Hybrid,Manual,SUV,White,1,0,1.0,10349.61
Mercedes,2011,203877.0,Petrol,Automatic,Sedan,Blue,3,0,1.0,1670.45
Honda,2019,15743.0,Diesel,DSG,Sedan,Blue,2,0,0.0,8289.74
Suzuki,2019,31771.0,Diesel,CVT,Hatchback,Brown,1,0,1.0,9829.85
Mazda,2018,59998.0,Petrol,Automatic,Convertible,Red,1,0,1.0,7697.12
Ford,2012,75552.0,Diesel,CVT,Hatchback,Silver,4,0,1.0,1486.6
Subaru,2020,99955.0,Diesel,Automatic,Convertible,Orange,1,0,0.0,9053.02
Tesla,2018,52446.0,Petrol,Automatic,Coupe,Red,2,0,1.0,15652.59
Nissan,2014,22868.0,Diesel,Automatic,Sedan,Orange,2,0,1.0,2916.78
Kia,2011,42686.0,Hybrid,DSG,Sedan,Gray,1,0,0.0,2335.7
BMW,2016,95239.0,Petrol,Manual,Hatchback,Gray,2,0,1.0,7186.69
Lexus,2020,38630.0,Hybrid,Automatic,Hatchback,Red,1,0,1.0,27560.17
Ford,2023,1000.0,Hybrid,Automatic,Sedan,Brown,1,0,1.0,23003.86
Mazda,2015,62617.0,Petrol,Manual,SUV,Brown,3,0,0.0,1479.73
Mazda,2019,84326.0,Petrol,CVT,Sedan,Black,2,0,0.0,7629.31
Chevrolet,2014,137113.0,Diesel,Automatic,Pickup,Yellow,1,0,1.0,2254.53
Mercedes,2018,34403.0,Diesel,Manual,SUV,White,1,0,1.0,28107.72
Ford,2019,20566.0,Hybrid,Automatic,Sedan,White,1,0,0.0,8786.87
BMW,2023,3332.0,Electric,Automatic,Coupe,White,1,0,1.0,48359.89
Jeep,2010,17438.0,Petrol,Manual,Sedan,Green,1,0,1.0,3234.75
Kia,2016,6389.0,Petrol,Automatic,SUV,Black,1,0,1.0,6484.33
Toyota,2017,264737.0,Electric,CVT,SUV,White,1,1,1.0,1614.61
Honda,2015,40338.0,Hybrid,Manual,SUV,Silver,1,1,1.0,3721.8
Nissan,2021,8968.0,Electric,Automatic,Sedan,Green,1,0,1.0,9830.59
Jeep,2012,25867.0,Diesel,DSG,Hatchback,Gray,2,0,1.0,4042.73
Toyota,2016,116341.0,Petrol,Manual,Coupe,Blue,2,1,1.0,3063.63
Subaru,2022,4167.0,Petrol,Manual,SUV,Gray,1,0,0.0,29736.38
Mitsubishi,2015,118047.0,Hybrid,Manual,Coupe,Silver,3,0,1.0,1551.71
Volkswagen,2017,746.8705771036903,Petrol,Automatic,Hatchback,Gray,3,1,1.0,10442.367440769029
Suzuki,2016,15823.0,Diesel,Automatic,SUV,Blue,2,0,0.0,5038.3
Jeep,2013,32602.0,Petrol,Manual,Wagon,Red,2,0,0.0,5565.05
Volkswagen,2021,10640.0,CNG,Manual,SUV,Red,1,0,1.0,17465.51
Toyota,2017,300000.0,Petrol,Automatic,Hatchback,Red,3,0,1.0,1242.57
Lexus,2010,22686.0,Petrol,Manual,Hatchback,Green,1,1,0.0,3023.82
Kia,2023,2412.0,Electric,Automatic,Hatchback,White,2,1,0.0,11397.42
Kia,2016,42976.0,Hybrid,Automatic,Sedan,Green,2,0,0.0,4925.69
BMW,2016,69975.0,Petrol,Manual,Sedan,Silver,2,0,1.0,7347.2
Toyota,2023,6553.0,Petrol,Manual,Hatchback,Yellow,2,0,1.0,19649.06
Nissan,2011,116471.0,Petrol,Automatic,Hatchback,Yellow,1,0,1.0,1515.68
BMW,2018,15816.0,Petrol,CVT,Wagon,Silver,1,0,1.0,20278.12
BMW,2020,7893.0,CNG,Automatic,Hatchback,Black,1,0,1.0,20819.46
Mitsubishi,2013,19431.0,Petrol,Automatic,Sedan,Orange,1,1,1.0,1868.73
Hyundai,2021,21473.0,Petrol,Manual,Convertible,Silver,1,0,0.0,10198.7
Toyota,2023,2690.0,CNG,Manual,Coupe,Gray,1,1,1.0,26568.4
Hyundai,2019,52263.0,Petrol,Automatic,Hatchback,Red,1,1,1.0,6117.26
Honda,2010,49125.0,Diesel,Manual,SUV,White,2,0,1.0,2146.08
Volvo,2012,226530.0,Diesel,DSG,Sedan,Yellow,1,0,1.0,1573.81
Ford,2017,300000.0,Petrol,Automatic,Hatchback,Silver,2,0,0.0,1126.94
BMW,2011,85522.0,Petrol,Manual,Wagon,Yellow,2,0,1.0,3756.34
Toyota,2018,235597.0,Diesel,Manual,Sedan,Red,1,0,1.0,2208.06
Subaru,2015,29418.0,Hybrid,DSG,SUV,Red,1,0,0.0,5297.92
Kia,2014,41431.0,Electric,Automatic,Coupe,Red,1,0,0.0,3386.18
Nissan,2013,45802.0,Electric,CVT,Hatchback,Yellow,2,0,0.0,2233.93
Volkswagen,2019,16753.0,Electric,Manual,Wagon,Yellow,1,0,1.0,19213.25
BMW,2013,129455.0,Petrol,Manual,Hatchback,Yellow,2,0,0.0,5401.74
Nissan,2022,19968.0,Diesel,Automatic,Pickup,White,1,1,1.0,10733.41
Audi,2011,75087.0,Petrol,Automatic,SUV,Red,1,1,1.0,2891.27
Hyundai,2011,105467.0,Diesel,Manual,Sedan,Yellow,2,0,1.0,1254.53
Toyota,2019,30503.0,Diesel,Automatic,Sedan,Yellow,4,0,1.0,8099.72
BMW,2021,26226.0,Petrol,Automatic,Sedan,Brown,1,0,1.0,25177.42
Volkswagen,2013,128191.0,Diesel,Automatic,Coupe,Brown,2,0,1.0,2366.09
Ford,2012,49513.0,Diesel,DSG,Sedan,Green,4,0,1.0,2315.92
Toyota,2018,17546.0,Diesel,DSG,Sedan,White,1,1,1.0,5511.2
Jeep,2018,12401.0,Petrol,Manual,Coupe,Orange,2,0,0.0,12531.02
Subaru,2011,225318.0,Electric,Automatic,Sedan,Black,3,0,1.0,882.2
Honda,2012,26048.0,Electric,Manual,Sedan,Black,4,0,,3464.57
Jeep,2011,87704.0,Hybrid,Manual,Sedan,Brown,2,1,1.0,2357.09
Hyundai,2014,120096.0,Petrol,CVT,Hatchback,Red,1,0,1.0,1838.94
Kia,2019,36107.0,Diesel,Automatic,Sedan,Silver,1,0,0.0,10172.12
Hyundai,2022,5512.0,Electric,Manual,SUV,Yellow,1,0,0.0,18576.03
Chevrolet,2022,3093.0,Hybrid,Manual,SUV,Brown,3,1,1.0,12782.87
Audi,2011,191956.0,Petrol,Manual,Wagon,Blue,1,0,1.0,1504.64
Toyota,2013,1247.5579499159362,Petrol,Manual,Coupe,Yellow,2,0,1.0,11420.95588367745
Nissan,2017,87550.0,Hybrid,Automatic,SUV,Blue,2,0,0.0,3693.41
BMW,2020,35594.0,Petrol,Automatic,Coupe,Black,2,0,1.0,19657.47
Toyota,2018,50008.0,Hybrid,Manual,Pickup,Green,1,0,0.0,5676.11
Subaru,2016,,Petrol,Manual,Coupe,Brown,1,0,1.0,6572.28
Volkswagen,2013,76132.0,Hybrid,CVT,SUV,White,1,0,1.0,3644.89
Audi,2017,22911.0,Petrol,Manual,SUV,Green,2,0,0.0,9305.87
BMW,2016,61439.0,Petrol,Automatic,Hatchback,White,1,1,0.0,7811.72
BMW,2011,83349.0,Diesel,Automatic,Hatchback,Brown,1,0,0.0,3760.36
Ford,2011,130541.0,Diesel,DSG,Hatchback,Black,2,0,1.0,1674.58
Mercedes,2020,55149.0,Petrol,Automatic,Sedan,Red,1,0,1.0,22763.31
Audi,2012,225798.0,Petrol,Manual,Hatchback,Gray,3,0,0.0,1413.37
Tesla,2015,20582.0,Diesel,Automatic,Wagon,Yellow,1,1,1.0,15499.58
Honda,2015,32737.0,Electric,Automatic,SUV,Yellow,1,1,1.0,2958.49
Kia,2011,125851.0,Petrol,Manual,Sedan,Green,1,0,0.0,461.55
Hyundai,2011,84819.0,Hybrid,Automatic,SUV,Brown,2,0,0.0,1051.07
BMW,2018,31132.0,Diesel,CVT,SUV,Black,2,1,1.0,13310.26
Ford,2020,15297.0,Petrol,Manual,Hatchback,Red,2,0,0.0,7370.27
Honda,2014,138727.0,Hybrid,Manual,Wagon,Green,2,0,1.0,2238.69
Toyota,2017,45987.0,Diesel,DSG,Convertible,Blue,3,0,1.0,7152.07
BMW,2018,60986.0,Diesel,Manual,Hatchback,Gray,1,0,0.0,21775.57
Toyota,2011,18150.0,Hybrid,CVT,Sedan,Silver,1,0,1.0,4132.73
Ford,2016,83196.0,Petrol,CVT,Convertible,Silver,2,0,0.0,4192.55
Volkswagen,2012,96954.0,Electric,Automatic,Pickup,White,1,0,1.0,2709.57
Honda,2010,142160.0,Electric,Manual,Hatchback,Yellow,2,0,,795.57
Audi,2015,53996.0,Electric,CVT,SUV,Blue,1,0,0.0,11912.78
Ford,2011,140427.0,Diesel,Manual,SUV,Red,1,1,1.0,1092.07
Ford,2015,20446.0,Petrol,DSG,SUV,Black,2,0,0.0,4185.63
Subaru,2022,45801.0,Petrol,Automatic,Coupe,Silver,2,0,1.0,9178.94
Honda,2018,72674.0,Hybrid,CVT,SUV,Orange,1,0,1.0,5426.32
Mercedes,2017,100407.0,Petrol,Manual,Hatchback,Silver,2,0,1.0,7679.8
Ford,2015,74292.0,Diesel,Manual,Hatchback,Brown,1,0,1.0,2936.56
Mazda,2016,34781.0,Diesel,Manual,SUV,Silver,2,0,1.0,5424.48
Mazda,2018,56975.0,Diesel,Manual,Sedan,Gray,3,1,,8497.87
Toyota,2020,76780.0,Petrol,Automatic,Sedan,Red,1,1,1.0,7499.83
Honda,2020,7746.0,Diesel,Automatic,Hatchback,Yellow,1,0,1.0,14279.75
Volvo,2016,45669.0,Diesel,DSG,SUV,Black,1,1,1.0,6423.35
Kia,2016,32081.0,Diesel,Manual,Hatchback,Red,2,0,1.0,4113.8
Toyota,2011,131584.0,Diesel,Automatic,SUV,Black,2,0,1.0,1450.93
Hyundai,2017,59981.0,Diesel,Automatic,SUV,Green,1,0,0.0,4062.89
Subaru,2012,300000.0,Hybrid,Manual,SUV,Blue,4,0,1.0,404.81
Porsche,2012,80712.0,Electric,Manual,SUV,Gray,4,0,1.0,7562.25
Audi,2017,35507.0,Petrol,DSG,Sedan,Gray,1,0,1.0,9795.63
Honda,2016,24702.0,Hybrid,Manual,SUV,Brown,1,0,1.0,5196.72
Lexus,2019,60110.0,Diesel,Manual,Sedan,Brown,2,1,1.0,10977.26
Honda,2011,225955.0,Hybrid,Manual,Hatchback,Yellow,1,1,1.0,671.58
Volkswagen,2022,18402.0,Diesel,Manual,Hatchback,Blue,1,0,0.0,16137.94
Lexus,2015,177159.0,Electric,CVT,SUV,Blue,1,0,0.0,3345.1
Ford,2019,106880.0,Petrol,Manual,SUV,White,1,0,1.0,7907.52
Volvo,2022,20484.0,Hybrid,Automatic,Coupe,White,2,1,1.0,16859.75
Audi,2020,199765.0,Diesel,Automatic,Sedan,Gray,1,1,1.0,6245.17
Subaru,2020,18416.0,Petrol,Manual,SUV,Green,1,0,1.0,12289.7
Kia,2010,88359.0,Petrol,CVT,SUV,Yellow,1,0,0.0,1018.67
BMW,2011,300000.0,Hybrid,DSG,Wagon,Gray,1,1,1.0,954.67
Kia,2010,42573.0,Petrol,Manual,SUV,Green,1,1,1.0,1776.08
Honda,2020,31102.0,Diesel,Automatic,Coupe,Green,2,1,1.0,5387.22
Toyota,2012,183730.0,Electric,Manual,Hatchback,White,1,0,1.0,1356.05
Hyundai,2013,18620.0,Petrol,Automatic,SUV,Blue,2,0,1.0,3040.72
Toyota,2021,26914.0,Electric,Automatic,SUV,White,1,0,1.0,20457.37
Toyota,2014,244327.0,Diesel,Automatic,Sedan,Orange,2,0,1.0,1213.08
Ford,2021,4736.0,Petrol,Automatic,SUV,Green,4,0,0.0,9829.37
Kia,2019,12968.0,Petrol,Manual,Sedan,White,1,1,0.0,8544.41
Honda,2015,42665.0,Diesel,DSG,SUV,Red,1,0,1.0,6840.77
Hyundai,2023,25103.0,Diesel,Automatic,Sedan,Silver,1,0,1.0,18030.38
Hyundai,2010,120089.0,Petrol,Manual,SUV,Green,1,0,0.0,1894.72
Mercedes,2021,10804.0,Petrol,Automatic,SUV,Yellow,1,0,1.0,32995.52
Toyota,2014,87585.0,Hybrid,Automatic,SUV,Brown,1,0,0.0,3248.7
Volkswagen,2018,40407.0,Petrol,Automatic,Coupe,Red,1,0,1.0,11030.14
Audi,2019,20258.0,Petrol,Automatic,Sedan,Gray,1,0,0.0,14951.24
Honda,2018,103667.0,Petrol,Manual,Sedan,Blue,2,1,0.0,3336.34
Chevrolet,2021,19198.0,Hybrid,DSG,Coupe,Orange,2,0,1.0,13941.92
Volkswagen,2020,29987.0,Petrol,Automatic,Sedan,White,1,0,1.0,15906.71
Toyota,2021,10337.0,Electric,CVT,Hatchback,Gray,2,0,0.0,15476.88
Honda,2014,38103.0,Diesel,Manual,Sedan,Silver,2,0,1.0,3874.03
Ford,2015,83436.0,Hybrid,Manual,SUV,Black,1,0,1.0,2727.56
BMW,2019,44210.0,Petrol,Automatic,Coupe,Blue,3,0,1.0,11623.0
Hyundai,2013,300000.0,Petrol,Manual,Sedan,Blue,2,0,1.0,403.6
Toyota,2010,172655.0,Diesel,Manual,SUV,Black,2,0,1.0,791.2
Kia,2010,175704.0,Diesel,Automatic,SUV,Red,1,0,1.0,903.42
Toyota,2018,19583.0,Diesel,CVT,Convertible,Brown,2,0,1.0,5884.83
Honda,2020,39545.0,Petrol,Automatic,SUV,Blue,2,0,1.0,14899.62
Mercedes,2017,14225.0,Diesel,Automatic,SUV,Blue,2,0,1.0,19996.66
Toyota,2015,61149.0,Electric,Automatic,SUV,White,1,0,1.0,4677.65
Honda,2023,,Diesel,Automatic,Hatchback,Yellow,1,0,0.0,29711.33
Toyota,2016,161389.0,Petrol,Automatic,Hatchback,Red,2,0,1.0,2698.58
Nissan,2014,111163.0,Hybrid,Automatic,Sedan,Yellow,1,0,1.0,2184.95
Lexus,2012,39742.0,Hybrid,Automatic,Convertible,Silver,2,0,0.0,5739.46
Kia,2020,102263.0,Petrol,DSG,SUV,Gray,2,0,1.0,7689.99
Audi,2018,45245.0,Electric,DSG,Convertible,Red,1,0,1.0,19870.62
Mazda,2023,4304.0,Petrol,CVT,SUV,White,1,0,1.0,19287.17
Suzuki,2023,6124.0,Diesel,Automatic,Hatchback,Red,1,0,1.0,15499.64
Honda,2010,24155.0,Petrol,Automatic,Sedan,White,2,0,0.0,1992.47
Toyota,2011,109470.0,Diesel,DSG,SUV,Silver,1,0,1.0,2998.75
Toyota,2023,7001.0,Hybrid,CVT,SUV,Brown,2,0,1.0,28504.36
BMW,2015,300000.0,Diesel,Automatic,Coupe,Red,2,0,1.0,2090.33
Toyota,2022,5281.0,Diesel,DSG,SUV,Blue,3,0,,20135.59
Audi,2020,80193.0,Hybrid,Automatic,SUV,Brown,2,0,1.0,18095.72
Hyundai,2022,27356.0,Petrol,Automatic,Sedan,Silver,1,0,1.0,17784.22
Toyota,2015,55802.0,Petrol,Manual,Hatchback,Silver,3,0,1.0,5563.81
Toyota,2016,41796.0,Hybrid,Manual,Sedan,Yellow,1,0,1.0,6236.41
Ford,2018,35323.0,Petrol,Manual,SUV,Yellow,1,0,1.0,5897.73
Honda,2011,33758.0,Diesel,Manual,Hatchback,Black,1,0,1.0,3143.51
Kia,2016,60245.0,Petrol,Automatic,Pickup,Brown,1,0,1.0,4931.45
Ford,2021,11530.0,Diesel,Automatic,SUV,Red,1,0,1.0,18322.36
Suzuki,2017,31922.0,Diesel,Automatic,SUV,Black,2,0,1.0,5058.79
Hyundai,2022,12543.0,Diesel,Manual,Hatchback,Yellow,2,0,1.0,12549.11
Volkswagen,2016,27648.0,Petrol,DSG,Sedan,Red,1,0,,7522.54
Honda,2012,,Diesel,Manual,SUV,Black,3,0,1.0,1912.41
Mercedes,2015,33598.0,Petrol,Automatic,Hatchback,Orange,1,0,0.0,12912.76
Nissan,2019,97897.0,Diesel,CVT,Wagon,Silver,2,0,1.0,3039.78
Subaru,2011,68700.0,Petrol,Manual,Sedan,Silver,3,0,0.0,1765.63
Mercedes,2014,38092.0,CNG,Automatic,Wagon,Orange,2,0,1.0,7724.88
Mitsubishi,2021,101736.0,Petrol,Manual,Sedan,Gray,2,0,1.0,5357.71
Ford,2023,10176.0,Petrol,DSG,SUV,Silver,2,1,1.0,21729.65
Toyota,2013,102591.0,Electric,Manual,Convertible,Yellow,1,0,0.0,2763.83
Ford,2023,18859.0,Hybrid,DSG,SUV,Brown,1,0,1.0,19855.33
Kia,2013,76055.0,Hybrid,Automatic,Hatchback,Gray,2,0,1.0,2758.5
Subaru,2012,230966.0,Electric,Automatic,Sedan,Black,1,0,0.0,1276.72
BMW,2011,84391.0,Petrol,Manual,Sedan,White,1,0,0.0,3469.78
Volkswagen,2022,194499.0,CNG,Manual,Sedan,Yellow,2,0,1.0,9866.36
Subaru,2012,62279.0,Electric,Automatic,Hatchback,White,4,0,1.0,2522.3
BMW,2018,48314.0,Petrol,CVT,Coupe,White,2,1,0.0,12814.35
Volkswagen,2011,174909.0,Petrol,Manual,Coupe,Green,1,0,1.0,923.64
BMW,2014,127579.0,Diesel,Manual,Coupe,Black,4,0,0.0,5184.48
Volkswagen,2023,18064.0,CNG,Manual,Sedan,Gray,2,0,1.0,25988.2
Ford,2017,24772.0,Hybrid,Automatic,SUV,White,4,0,0.0,5643.71
Ford,2023,3306.0,Petrol,CVT,Sedan,Blue,1,0,1.0,25531.34
Ford,2014,56136.0,Diesel,Manual,Coupe,Brown,1,0,0.0,3681.26
Mercedes,2013,37841.0,Hybrid,Automatic,SUV,White,1,0,0.0,7609.57
Mercedes,2022,29880.0,Petrol,Automatic,SUV,Orange,1,1,1.0,28268.71
BMW,2012,224354.0,Petrol,Manual,Hatchback,Brown,2,0,1.0,1482.14
Hyundai,2021,47681.0,Diesel,Automatic,Coupe,White,1,0,1.0,7937.18
Mercedes,2011,70482.0,Petrol,Automatic,Sedan,Green,1,0,0.0,4220.2
Lexus,2018,50059.0,Hybrid,Manual,SUV,Green,1,1,1.0,13016.04
Hyundai,2010,217430.0,Petrol,Automatic,Sedan,Silver,1,0,1.0,631.98
Ford,2010,114012.0,Hybrid,Manual,SUV,Brown,2,1,1.0,1218.0
BMW,2013,72324.0,Diesel,Automatic,SUV,Gray,1,0,,7129.63
Honda,2016,61797.0,Diesel,CVT,SUV,Orange,1,0,0.0,5239.19
Audi,2019,35442.0,Petrol,Manual,Hatchback,Gray,2,0,1.0,17577.46
Mazda,2013,47852.0,Petrol,CVT,Hatchback,Blue,1,0,1.0,3787.58
BMW,2020,11515.0,Hybrid,CVT,Sedan,Silver,1,0,0.0,37286.33
BMW,2020,12180.0,Petrol,Manual,SUV,Orange,2,0,1.0,23013.48
Volkswagen,2021,34274.0,Petrol,Manual,Hatchback,Red,1,0,1.0,11880.82
Hyundai,2018,83767.0,Hybrid,Automatic,SUV,Red,2,0,0.0,4079.89
Toyota,2013,15157.0,Petrol,Automatic,Hatchback,Green,1,0,1.0,6824.63
Honda,2018,29487.0,Diesel,CVT,Sedan,Orange,1,0,1.0,10336.56
Mercedes,2016,39551.0,Petrol,Automatic,Hatchback,Red,2,0,1.0,12565.11
Chevrolet,2014,260922.0,Diesel,Automatic,SUV,Brown,1,0,0.0,990.73
Mercedes,2018,11963.0,Electric,Automatic,SUV,Black,1,1,1.0,15324.55
Toyota,2014,50175.0,Petrol,Automatic,SUV,Black,2,0,1.0,4442.4
Mercedes,2012,25474.0,Petrol,Manual,SUV,White,4,0,0.0,5556.12
Honda,2022,4332.0,Diesel,Automatic,Hatchback,Green,1,1,1.0,12779.14
Volkswagen,2019,97519.0,Electric,Manual,Coupe,Red,1,0,0.0,7710.65
Honda,2015,62173.0,Petrol,CVT,Sedan,Silver,1,0,0.0,3007.39
Hyundai,2022,11963.0,Petrol,Automatic,Sedan,Silver,2,0,0.0,11042.49
BMW,2016,47837.0,Diesel,Manual,SUV,Green,1,0,1.0,11795.08
Audi,2019,10774.0,CNG,Automatic,Sedan,Yellow,4,0,0.0,17214.9
Toyota,2013,47505.0,Diesel,Manual,SUV,Silver,1,0,0.0,4693.21
Ford,2013,68289.0,Petrol,Automatic,SUV,Brown,3,0,1.0,1790.39
Suzuki,2012,242406.0,Petrol,Manual,Sedan,Gray,2,0,0.0,543.23
Mazda,2010,107078.0,Hybrid,Automatic,Wagon,Green,3,0,1.0,848.49
Jeep,2014,42298.0,Petrol,Automatic,Sedan,Silver,2,0,0.0,4662.16
Toyota,2021,19176.0,Electric,Manual,Coupe,Silver,2,0,1.0,14567.86
Porsche,2018,104389.0,Petrol,Automatic,SUV,Gray,1,0,0.0,18389.84
Toyota,2013,90101.0,Diesel,Automatic,Coupe,Silver,1,1,0.0,2451.16
Toyota,2021,13592.0,Diesel,Manual,Sedan,Brown,1,0,1.0,24486.89
Hyundai,2011,176071.0,Petrol,Manual,SUV,Yellow,3,0,1.0,825.0
Tesla,2014,129317.0,Petrol,Manual,Sedan,Red,1,0,0.0,6720.26
Nissan,2021,23325.0,Diesel,Automatic,Coupe,Brown,2,0,1.0,18252.73
Toyota,2016,32656.0,Hybrid,Automatic,SUV,Silver,1,1,0.0,3969.7
BMW,2016,26264.0,Hybrid,Manual,SUV,Blue,1,1,1.0,10554.86
Ford,2017,25621.0,Petrol,Automatic,Sedan,White,1,0,0.0,9257.44
Mercedes,2013,198930.0,Petrol,Automatic,Hatchback,Silver,1,0,1.0,3425.6
Jeep,2017,48939.0,Electric,Manual,Hatchback,Black,1,0,0.0,9698.51
Volvo,2020,47127.0,Petrol,Manual,SUV,White,2,0,1.0,11390.01
Toyota,2015,28389.0,CNG,Manual,Sedan,Red,1,1,1.0,4603.2
Toyota,2016,19278.0,Petrol,Automatic,Wagon,Red,1,0,1.0,5514.57
Audi,2012,42401.0,Petrol,Automatic,Hatchback,Blue,1,0,0.0,4194.72
Toyota,2011,184214.0,Diesel,Manual,Sedan,Orange,1,0,1.0,1539.36
Volvo,2019,60585.0,Diesel,CVT,Hatchback,Orange,2,0,1.0,12133.37
Honda,2020,28945.0,Hybrid,Automatic,Hatchback,Red,2,1,1.0,7545.45
Honda,2014,79600.0,Diesel,Automatic,Hatchback,Orange,2,0,1.0,3330.76
Honda,2014,200239.0,Petrol,Automatic,SUV,Orange,1,0,1.0,1753.29
Nissan,2022,28675.0,Diesel,Manual,Sedan,Silver,2,0,1.0,16936.56
Toyota,2011,65289.0,Petrol,DSG,Sedan,Yellow,1,0,0.0,2093.77
Ford,2021,12715.0,Petrol,CVT,Hatchback,Black,2,0,1.0,12334.48
Audi,2012,76767.0,Electric,Manual,Wagon,Black,3,0,1.0,3901.52
Audi,2013,155757.0,Diesel,Manual,SUV,Green,2,0,0.0,2540.37
Honda,2013,28870.0,Petrol,Manual,Sedan,Orange,1,1,1.0,2554.1
Suzuki,2014,31005.0,Electric,Manual,Sedan,Blue,2,0,1.0,3081.31
Ford,2021,29300.0,Petrol,Manual,Wagon,Black,2,0,1.0,12427.69
Toyota,2022,27966.0,Petrol,CVT,Sedan,Brown,2,1,1.0,14041.19
Subaru,2015,74313.0,Hybrid,Manual,SUV,Yellow,1,1,1.0,3097.01
Honda,2021,30111.0,Hybrid,Manual,SUV,Blue,1,0,1.0,11150.35
Honda,2018,11247.0,Diesel,CVT,SUV,Orange,3,0,1.0,11026.08
Ford,2011,52517.0,Petrol,Automatic,Sedan,Yellow,1,0,1.0,1769.34
BMW,2017,114811.0,Hybrid,Automatic,Sedan,Blue,2,0,1.0,5585.54
Hyundai,2021,94747.0,Petrol,Automatic,Sedan,Black,1,0,1.0,8048.05
Suzuki,2019,68556.0,Petrol,Manual,Convertible,Red,4,0,1.0,5154.39
Volkswagen,2016,20208.0,Petrol,Automatic,Convertible,Black,2,0,1.0,7525.46
Toyota,2017,32665.0,CNG,DSG,SUV,Gray,2,0,1.0,9123.02
Jeep,2022,16771.0,Hybrid,CVT,Hatchback,Orange,3,0,0.0,20169.16
Nissan,2012,68885.0,Hybrid,Automatic,Sedan,Silver,2,1,0.0,1219.84
Honda,2020,62384.0,Petrol,DSG,Coupe,Black,1,0,1.0,14625.87
Ford,2020,34909.0,Diesel,Manual,Hatchback,Silver,1,0,1.0,11992.95
Tesla,2014,74685.0,Diesel,Manual,Hatchback,Silver,3,0,1.0,8733.79
Toyota,2012,161157.0,CNG,Automatic,SUV,Red,3,0,1.0,1015.29
Lexus,2013,127542.0,Hybrid,Manual,Hatchback,Black,2,0,0.0,4034.16
BMW,2019,16391.0,Petrol,Automatic,Coupe,White,1,0,1.0,31870.4
BMW,2019,2644.0,Hybrid,CVT,SUV,White,3,0,1.0,26223.82
Jeep,2017,25056.0,Petrol,Manual,SUV,Orange,1,0,0.0,8520.32
Kia,2020,103043.0,Hybrid,Manual,SUV,Red,1,0,1.0,4874.84
Volvo,2022,41774.0,Electric,Manual,Sedan,Green,1,0,0.0,32131.99
Hyundai,2020,60819.0,CNG,Manual,Hatchback,Silver,1,0,1.0,8675.25
Lexus,2010,69900.0,Hybrid,Automatic,Sedan,Black,2,0,1.0,4567.96
Toyota,2020,18534.0,Diesel,Automatic,Wagon,Silver,1,0,0.0,18861.54
Toyota,2014,139573.0,Electric,Manual,SUV,Yellow,4,0,0.0,990.05
Toyota,2012,101023.0,Hybrid,Automatic,SUV,White,1,0,0.0,2053.96
Ford,2017,58319.0,Petrol,CVT,Sedan,Green,2,0,1.0,6829.32
Kia,2012,199597.0,Electric,Automatic,Sedan,Gray,2,0,0.0,1041.18
BMW,2019,24411.0,Diesel,Manual,Pickup,Black,1,0,1.0,14021.41
Toyota,2021,64220.0,Electric,DSG,Sedan,Orange,2,0,1.0,14454.88
Honda,2022,5173.0,Petrol,Automatic,SUV,Blue,2,1,1.0,19004.7
Volkswagen,2014,159419.0,Electric,Manual,SUV,Black,4,0,1.0,1677.16
Hyundai,2015,122973.0,Diesel,CVT,SUV,Yellow,1,0,1.0,2001.74
Mitsubishi,2014,191505.0,Petrol,Automatic,Sedan,Silver,2,0,1.0,1210.48
Mercedes,2017,49177.0,Petrol,Manual,Sedan,Blue,1,0,1.0,17189.94
Nissan,2022,7199.0,Petrol,Automatic,SUV,Brown,1,0,0.0,14103.14
Mercedes,2015,191615.0,Petrol,Manual,SUV,Green,2,0,0.0,3697.1
Volkswagen,2020,5394.0,Diesel,Manual,SUV,White,1,0,0.0,22410.42
Subaru,2017,76364.0,Petrol,Manual,Hatchback,Blue,4,1,1.0,3632.05
Toyota,2012,70485.0,Hybrid,Automatic,Sedan,Green,1,1,1.0,3778.16
Honda,2013,75910.0,Hybrid,Manual,Sedan,Brown,1,0,1.0,2801.52
Mercedes,2018,91955.0,Hybrid,Automatic,Coupe,Orange,1,0,0.0,13427.46
Volkswagen,2014,18149.0,Hybrid,Manual,Hatchback,Black,4,0,1.0,4992.37
Ford,2021,35981.0,Diesel,Automatic,Sedan,Black,4,0,1.0,15158.13
Tesla,2012,153334.0,Diesel,DSG,Hatchback,Black,2,0,1.0,4382.16
Mazda,2017,85178.0,Petrol,Automatic,Hatchback,Orange,2,0,1.0,4273.97
Audi,2013,47487.0,Diesel,Manual,Sedan,Gray,2,1,1.0,4432.83
Toyota,2010,162067.0,CNG,Manual,Sedan,Black,4,0,1.0,1157.92
Nissan,2021,45051.0,Petrol,Manual,SUV,Red,1,0,1.0,16615.32
Hyundai,2015,32609.0,Diesel,Manual,SUV,White,1,0,0.0,6032.87
Ford,2018,23610.0,Diesel,Manual,SUV,Gray,1,0,1.0,8887.74
Nissan,2016,69212.0,Petrol,Automatic,Hatchback,Yellow,2,1,1.0,3027.64
Audi,2010,84728.0,Petrol,CVT,Hatchback,White,1,0,1.0,3138.55
Honda,2018,77793.0,Electric,CVT,Sedan,Red,2,0,1.0,5901.27
Hyundai,2019,93479.0,CNG,Manual,Sedan,Orange,2,0,1.0,5689.22
Volkswagen,2022,16775.0,Petrol,CVT,Coupe,Red,3,0,1.0,26503.76
Jeep,2019,29037.0,Petrol,Automatic,SUV,Brown,1,0,0.0,11962.15
Hyundai,2010,70450.0,Petrol,CVT,SUV,Green,2,0,0.0,1811.9
Honda,2022,19247.0,Diesel,Automatic,SUV,Silver,1,0,0.0,10915.82
Kia,2023,19689.0,Petrol,Manual,Sedan,Yellow,1,1,0.0,9477.41
Ford,2021,43282.0,Petrol,Manual,SUV,Brown,1,0,1.0,14764.72
Jeep,2015,38655.0,Hybrid,Automatic,Sedan,Yellow,1,0,1.0,5797.12
Nissan,2022,34581.0,CNG,Automatic,Sedan,Silver,1,0,1.0,12831.64
Ford,2016,32554.0,Diesel,Manual,Pickup,Orange,4,0,1.0,4669.77
BMW,2014,18613.0,Diesel,DSG,Sedan,Black,1,0,1.0,11536.22
Ford,2013,91355.0,Petrol,Automatic,SUV,White,1,1,0.0,2806.75
Toyota,2023,21615.0,Petrol,Manual,SUV,Blue,1,0,1.0,21487.79
Subaru,2011,133361.0,Diesel,DSG,Pickup,Red,1,0,1.0,1433.4
Honda,2010,199478.0,Petrol,Automatic,Hatchback,Blue,1,0,1.0,741.22
Nissan,2011,32564.0,Petrol,Manual,Wagon,White,2,0,0.0,1731.36
Volkswagen,2023,10406.0,Petrol,Manual,Hatchback,Yellow,1,0,1.0,25741.06
Volkswagen,2022,12538.0,Diesel,Automatic,Sedan,White,1,0,1.0,23783.36
Porsche,2020,158526.0,Diesel,CVT,Coupe,White,3,0,0.0,21379.24
BMW,2023,20778.0,Petrol,Manual,Coupe,Yellow,1,0,1.0,55498.61
Honda,2012,116709.0,Hybrid,CVT,Sedan,Gray,2,0,0.0,2401.98
Mercedes,2021,24816.0,Petrol,Automatic,Sedan,Blue,1,0,1.0,42065.53
Hyundai,2023,4745.0,Electric,Manual,Coupe,Green,1,0,1.0,16555.07
Kia,2020,4313.0,Diesel,Manual,Sedan,White,3,0,0.0,12240.96
Toyota,2015,47388.0,Petrol,Automatic,SUV,White,3,0,1.0,5133.66
Ford,2016,76553.0,Diesel,Manual,Wagon,Yellow,1,0,1.0,4774.53
Ford,2018,16166.0,Petrol,Manual,Sedan,Silver,1,0,1.0,8072.11
Nissan,2020,81675.0,Hybrid,DSG,Coupe,Green,1,0,1.0,8348.74
Hyundai,2017,196383.0,Hybrid,Manual,SUV,Blue,3,0,1.0,2343.36
Volkswagen,2018,41418.0,Diesel,DSG,SUV,Red,1,1,1.0,7623.52
Mercedes,2018,30478.0,Petrol,Automatic,Sedan,Silver,1,0,0.0,19748.88
Mitsubishi,2014,142263.0,Petrol,CVT,SUV,Black,2,0,1.0,1478.64
Hyundai,2019,19869.0,Diesel,CVT,Sedan,Red,1,1,1.0,6413.05
Suzuki,2015,96444.0,Hybrid,DSG,SUV,Blue,1,1,0.0,1551.91
Nissan,2021,30235.0,Hybrid,Manual,SUV,Black,3,0,1.0,13584.8
Kia,2016,115725.0,Diesel,Automatic,Sedan,Yellow,2,0,0.0,3003.54
Audi,2010,197402.0,Diesel,Manual,Hatchback,Yellow,2,0,1.0,1157.41
Kia,2016,78574.0,Electric,CVT,SUV,Blue,2,0,1.0,2611.5
Suzuki,2017,44899.0,Diesel,Manual,Sedan,Red,2,0,1.0,4623.55
Volkswagen,2022,12471.0,Hybrid,Automatic,Convertible,Red,1,1,0.0,18428.05
Mercedes,2013,84386.0,Diesel,Automatic,Hatchback,Gray,1,0,1.0,5651.79
Audi,2021,20034.0,Petrol,Automatic,SUV,Yellow,2,1,1.0,9543.74
Lexus,2016,56694.0,Petrol,Manual,SUV,Black,3,0,1.0,11147.19
Ford,2017,27524.0,Petrol,CVT,Sedan,Black,1,0,1.0,7391.31
Honda,2011,49443.0,CNG,Automatic,Sedan,White,1,0,1.0,2396.39
Volvo,2010,37564.0,Petrol,Automatic,SUV,Black,2,0,0.0,3498.15
BMW,2010,220324.0,CNG,Automatic,SUV,Brown,1,0,1.0,1427.38
Hyundai,2011,27148.0,Petrol,Manual,Sedan,Orange,1,0,1.0,2806.85
Hyundai,2020,57307.0,Electric,Automatic,Hatchback,White,1,0,1.0,11851.38
Audi,2020,13469.0,Hybrid,Manual,SUV,Gray,1,0,1.0,24472.74
Honda,2018,105334.0,Diesel,Manual,Sedan,Silver,1,0,1.0,6025.09
Kia,2015,26794.0,CNG,Manual,SUV,Blue,1,0,1.0,3887.7
Kia,2010,148226.0,Diesel,Automatic,SUV,Yellow,2,0,1.0,560.55
Ford,2014,34510.0,Diesel,Automatic,Sedan,Blue,1,0,1.0,4511.06
Nissan,2019,12086.0,Petrol,CVT,Sedan,Yellow,1,0,1.0,12891.84
Toyota,2023,10574.0,Hybrid,Manual,Wagon,Orange,1,0,1.0,33875.2
Suzuki,2021,15112.0,Diesel,CVT,Convertible,Silver,2,0,1.0,10428.04
Toyota,2018,48673.0,Petrol,Automatic,Sedan,White,3,0,1.0,2914.46
Chevrolet,2016,138815.0,Petrol,CVT,Sedan,Green,1,0,1.0,3486.82
Ford,2015,144975.0,Hybrid,DSG,Sedan,Orange,2,0,0.0,2389.97
Ford,2019,47091.0,Hybrid,Automatic,SUV,Yellow,2,0,0.0,6899.4
Honda,2015,40412.0,Petrol,Manual,Sedan,Gray,4,0,0.0,3968.19
Mazda,2015,66539.0,Diesel,Manual,Hatchback,Gray,1,0,1.0,6448.98
Kia,2016,100578.0,Hybrid,Manual,Sedan,Gray,2,0,1.0,3012.85
Kia,2020,33165.0,Petrol,CVT,Hatchback,Black,4,1,1.0,10190.01
Ford,2019,72462.0,Diesel,Manual,Hatchback,Red,2,0,0.0,6089.02
Jeep,2015,39453.0,Petrol,Automatic,SUV,Yellow,1,1,1.0,4524.42
Hyundai,2011,107516.0,CNG,Manual,SUV,Blue,1,0,1.0,1701.8
Honda,2018,683.5637850359556,Hybrid,Manual,Sedan,Yellow,2,0,1.0,26476.946086985663
Mazda,2010,186913.0,Hybrid,Manual,SUV,Green,1,0,1.0,780.33
Mazda,2022,18417.0,Hybrid,Automatic,SUV,White,2,0,1.0,13196.5
Nissan,2012,227993.0,Petrol,Automatic,Sedan,Brown,1,0,0.0,950.21
Hyundai,2013,46340.0,Diesel,Manual,Sedan,Red,3,0,1.0,2161.81
Hyundai,2012,300000.0,Hybrid,Manual,Pickup,Yellow,2,0,1.0,294.3
Jeep,2020,15013.0,CNG,Automatic,SUV,Gray,2,0,1.0,19131.91
Honda,2018,195908.0,Diesel,Automatic,Sedan,Green,2,1,1.0,3456.41
Volkswagen,2015,291463.0,Petrol,Manual,Sedan,Silver,2,0,1.0,750.45
Volvo,2015,64507.0,Electric,Manual,Hatchback,Silver,1,1,1.0,5307.43
Honda,2021,12274.0,Hybrid,CVT,SUV,Silver,1,0,1.0,18442.98
Audi,2018,9235.0,Petrol,Automatic,SUV,Silver,1,0,1.0,21108.36
Mercedes,2013,70463.0,Diesel,Automatic,Convertible,Silver,1,0,1.0,5890.72
Lexus,2012,112654.0,Hybrid,Automatic,Sedan,Orange,1,0,0.0,4196.98
Honda,2019,9406.0,Petrol,DSG,SUV,Black,2,0,1.0,7207.71
Jeep,2011,61302.0,Hybrid,Manual,SUV,Silver,1,0,0.0,3435.52
Mercedes,2014,58730.0,Hybrid,Automatic,SUV,Blue,3,0,0.0,7596.99
Ford,2022,29750.0,Hybrid,Automatic,Hatchback,White,2,0,1.0,16230.89
Audi,2022,7343.0,Electric,Manual,Convertible,Blue,2,0,1.0,26882.02
Mazda,2022,11329.0,Electric,Manual,Hatchback,Red,3,0,1.0,14011.85
Honda,2023,3200.0,Diesel,CVT,Coupe,Black,3,1,1.0,10631.54
Hyundai,2017,47775.0,CNG,Automatic,Sedan,Orange,1,0,1.0,4210.12
Mazda,2019,27887.0,Diesel,Manual,Convertible,Red,2,0,1.0,8258.96
Jeep,2020,24333.0,Petrol,Automatic,Hatchback,White,3,0,1.0,12726.08
Mazda,2022,30253.0,Diesel,Automatic,SUV,Red,2,0,1.0,14751.67
Volkswagen,2012,45687.0,Hybrid,Manual,Hatchback,Silver,1,0,1.0,2185.42
Toyota,2011,89803.0,Electric,Manual,Hatchback,Blue,2,0,1.0,1922.42
Honda,2018,113290.0,Petrol,Automatic,SUV,Brown,2,0,1.0,4926.31
Honda,2014,48228.0,Petrol,Automatic,Sedan,Brown,1,0,1.0,3571.42
Volkswagen,2019,29521.0,Diesel,DSG,Hatchback,Orange,1,0,1.0,11529.64
Ford,2022,75354.0,CNG,Automatic,Sedan,Gray,3,1,0.0,5987.63
Kia,2011,43443.0,Hybrid,Manual,Sedan,Yellow,2,1,1.0,1961.04
Toyota,2023,13104.0,CNG,Automatic,Hatchback,Blue,1,0,1.0,26043.42
Mercedes,2019,151479.0,Petrol,CVT,SUV,Silver,2,0,,8760.51
Toyota,2012,257226.0,Petrol,Automatic,SUV,Brown,1,0,0.0,776.38
Suzuki,2010,218582.0,Petrol,Automatic,Sedan,Yellow,3,0,0.0,469.7
Ford,2019,37317.0,Electric,Automatic,SUV,Orange,1,0,1.0,8039.4
Ford,2017,156971.0,Electric,Automatic,Convertible,Gray,4,1,1.0,2275.88
BMW,2019,59310.0,Petrol,CVT,SUV,Silver,2,1,1.0,15448.28
Toyota,2017,55430.0,Hybrid,Automatic,Sedan,White,1,0,1.0,5377.62
Audi,2014,204093.0,Hybrid,Manual,Sedan,Orange,1,0,,2140.56
BMW,2014,206379.0,Petrol,Manual,Sedan,Orange,3,0,0.0,1927.86
Toyota,2010,208155.0,Petrol,Manual,Sedan,Blue,4,0,0.0,539.63
Honda,2022,6654.0,Diesel,Automatic,Sedan,Blue,1,0,0.0,24496.52
BMW,2012,93099.0,Petrol,CVT,Hatchback,Gray,1,0,0.0,4838.75
Audi,2023,14842.0,Petrol,Automatic,Sedan,Orange,2,0,1.0,29087.25
Volkswagen,2011,143174.0,Diesel,CVT,Convertible,Silver,1,0,0.0,1564.81
Honda,2017,182010.0,Hybrid,Automatic,Sedan,White,1,0,1.0,2759.62
Volkswagen,2011,22999.0,Petrol,Automatic,Convertible,Red,4,0,1.0,2829.62
Toyota,2016,13087.0,Hybrid,Automatic,SUV,Brown,2,0,1.0,7727.89
Honda,2016,10614.0,Hybrid,CVT,Pickup,Green,2,0,0.0,5638.6
Hyundai,2023,4125.0,Petrol,CVT,Sedan,Red,2,0,1.0,26289.23
Tesla,2023,4738.0,Petrol,Automatic,SUV,White,2,1,1.0,26842.93
Kia,2017,60713.0,Hybrid,Manual,Hatchback,Green,1,0,1.0,5575.11
Ford,2016,71587.0,Diesel,CVT,Sedan,Red,1,0,1.0,4684.58
BMW,2020,17232.0,Petrol,Automatic,Wagon,White,4,1,0.0,19839.74
BMW,2021,59260.0,Petrol,Automatic,Pickup,White,1,0,1.0,26928.61
Kia,2014,38350.0,Diesel,CVT,Hatchback,Brown,1,0,1.0,3429.09
Mazda,2014,228798.0,Petrol,Manual,Wagon,Gray,2,0,1.0,1248.23
Honda,2017,34104.0,Petrol,DSG,Sedan,White,1,0,1.0,10218.38
Toyota,2013,100802.0,Diesel,Automatic,Wagon,Blue,1,0,1.0,3029.42
Audi,2023,8554.0,Petrol,Manual,SUV,Silver,1,0,0.0,38457.09
Subaru,2016,120160.0,Electric,Automatic,SUV,Blue,1,0,1.0,2494.08
Toyota,2014,12321.0,Petrol,Automatic,Convertible,Brown,3,1,0.0,3410.91
Tesla,2021,26280.0,Hybrid,CVT,SUV,Orange,1,0,1.0,33313.19
Ford,2010,169782.0,Electric,Automatic,SUV,Blue,1,0,1.0,1100.25
Ford,2016,25948.0,Diesel,CVT,SUV,Orange,3,0,1.0,4903.97
Toyota,2013,117391.0,Petrol,Manual,SUV,Brown,1,0,1.0,2787.25
Honda,2021,17740.0,Petrol,Automatic,SUV,Brown,1,0,1.0,16288.53
Ford,2020,11848.0,Diesel,CVT,Hatchback,Blue,3,1,0.0,7412.67
Kia,2021,102320.0,Diesel,Manual,Coupe,White,3,0,1.0,7187.87
Kia,2017,25524.0,Petrol,DSG,SUV,Yellow,1,0,0.0,5211.12
Honda,2023,2799.0,Petrol,Manual,Hatchback,Blue,1,0,1.0,23998.31
BMW,2012,63325.0,Diesel,CVT,Sedan,Red,1,0,0.0,3984.58
Volkswagen,2014,300000.0,Petrol,Manual,Coupe,Orange,2,0,0.0,953.87
Audi,2017,39298.0,Diesel,Automatic,SUV,Gray,1,0,1.0,9686.09
Honda,2022,16638.0,Petrol,Manual,SUV,Black,1,0,1.0,23306.7
Lexus,2023,3890.0,Petrol,Automatic,SUV,Green,1,1,1.0,37697.29
BMW,2015,111677.0,Petrol,CVT,Coupe,Yellow,2,1,1.0,5286.9
Toyota,2011,62651.0,Diesel,Manual,Wagon,Green,1,0,1.0,2448.59
Hyundai,2016,90569.0,Petrol,Automatic,Hatchback,Black,3,0,1.0,3525.13
Toyota,2020,5493.0,Petrol,Automatic,Sedan,Black,1,0,0.0,5301.27
Hyundai,2018,20966.0,Petrol,Automatic,SUV,Green,1,0,1.0,8591.38
Honda,2017,300000.0,Petrol,Automatic,SUV,Blue,2,0,1.0,1080.15
Toyota,2023,2439.0,Diesel,Automatic,Hatchback,Green,1,0,1.0,21964.4
Mazda,2013,147498.0,Electric,Manual,Hatchback,Brown,1,0,1.0,1565.46
BMW,2019,22208.0,Diesel,DSG,Coupe,White,2,0,1.0,23542.39
Toyota,2010,56099.0,Diesel,Automatic,SUV,Yellow,2,0,1.0,2447.35
Toyota,2021,1986.0,Diesel,Automatic,Hatchback,Blue,1,1,1.0,13347.79
Jeep,2021,7820.0,Diesel,Automatic,SUV,White,1,0,0.0,17906.96
Toyota,2020,65898.0,Diesel,Manual,Convertible,Black,2,0,1.0,12777.37
Mercedes,2011,95784.0,Diesel,Automatic,Hatchback,White,1,0,1.0,2616.33
Ford,2021,24965.0,Petrol,Manual,Convertible,Green,2,1,0.0,13702.76
Ford,2016,116913.0,Hybrid,Manual,Wagon,Yellow,3,0,1.0,3987.15
Toyota,2012,163618.0,Petrol,Automatic,SUV,White,1,0,1.0,1627.51
Chevrolet,2021,21408.0,Diesel,CVT,SUV,Brown,1,0,1.0,15849.23
Honda,2016,74724.0,Hybrid,DSG,SUV,Brown,1,0,1.0,5775.16
Hyundai,2021,20408.0,Electric,Automatic,Pickup,Orange,2,0,1.0,14022.66
Ford,2013,100052.0,Petrol,Automatic,Hatchback,Orange,1,1,1.0,2805.76
Mercedes,2023,6169.0,Diesel,Manual,Sedan,Orange,1,0,0.0,64210.42
Hyundai,2015,53218.0,Petrol,Manual,Convertible,White,1,0,0.0,4674.51
Subaru,2017,37053.0,Diesel,DSG,Sedan,Yellow,4,0,1.0,5384.3
Toyota,2013,89862.0,Diesel,Automatic,Convertible,Gray,2,0,1.0,3316.32
Toyota,2011,123123.0,Petrol,Automatic,Hatchback,Red,1,1,0.0,1639.08
Toyota,2012,93732.0,Petrol,Manual,Sedan,Silver,1,1,1.0,1305.28
BMW,2015,53976.0,Diesel,Manual,Sedan,Blue,1,0,0.0,7918.79
Kia,2021,10710.0,Petrol,Manual,Sedan,White,1,0,0.0,11867.38
Honda,2023,2496.0,Electric,Automatic,Coupe,Yellow,3,0,1.0,24554.44
Hyundai,2017,,Electric,DSG,Convertible,Red,1,0,0.0,2105.61
Subaru,2014,52223.0,Petrol,Automatic,SUV,Red,2,0,1.0,3828.1
Hyundai,2020,14411.0,Diesel,Automatic,Sedan,White,4,0,0.0,9565.06
Jeep,2010,159438.0,Petrol,Automatic,Hatchback,Yellow,1,0,0.0,1210.59
Hyundai,2010,30778.0,Petrol,Automatic,SUV,Red,3,0,1.0,2052.39
Lexus,2015,100997.0,Diesel,Automatic,Hatchback,Orange,1,1,0.0,5020.23
Nissan,2023,13746.0,Electric,CVT,Hatchback,Black,1,1,0.0,21822.09
Nissan,2015,69554.0,Petrol,CVT,Sedan,Orange,1,0,0.0,3419.39
Toyota,2016,40506.0,Petrol,Automatic,SUV,Red,2,0,0.0,4695.4
Hyundai,2010,222094.0,Petrol,DSG,SUV,Yellow,1,0,0.0,512.12
Nissan,2021,17810.0,Diesel,Manual,Pickup,Orange,1,0,1.0,12243.02
Chevrolet,2015,37663.0,Diesel,Manual,Hatchback,Blue,1,0,1.0,4787.26
Ford,2023,4712.0,Electric,Manual,Wagon,Blue,4,1,0.0,17622.56
Honda,2017,300000.0,Hybrid,Manual,Convertible,Blue,2,0,0.0,1085.34
Audi,2017,43851.0,Petrol,Automatic,SUV,Blue,1,1,1.0,8300.37
Lexus,2022,2166.0,Diesel,DSG,Hatchback,Blue,1,0,1.0,33750.76
Honda,2018,98230.0,Petrol,Automatic,Coupe,Brown,1,0,0.0,6354.97
Ford,2021,,Electric,Automatic,Hatchback,Black,1,0,0.0,11613.15
Volkswagen,2011,124144.0,Petrol,Automatic,Wagon,Green,1,0,1.0,2101.99
Honda,2010,221366.0,Petrol,Manual,SUV,Yellow,1,0,1.0,798.04
Toyota,2020,12189.0,Petrol,Manual,SUV,Orange,1,0,0.0,14562.88
Jeep,2013,206868.0,Diesel,Manual,Hatchback,White,1,0,1.0,1660.32
Mitsubishi,2011,47969.0,Petrol,Automatic,Hatchback,Silver,2,0,1.0,2551.98
Ford,2013,102027.0,Petrol,DSG,Sedan,Silver,2,0,0.0,1346.85
Kia,2011,107554.0,Petrol,Manual,Sedan,Orange,2,1,1.0,865.97
Volvo,2012,205626.0,Petrol,Automatic,Coupe,Silver,1,0,1.0,2114.57
Mercedes,2013,15272.0,Petrol,Manual,Coupe,Silver,1,0,0.0,9453.19
Mercedes,2019,87269.0,Electric,Automatic,Sedan,White,2,0,0.0,8947.02
Nissan,2020,11572.0,Diesel,Automatic,Sedan,Black,1,0,0.0,16409.65
Honda,2020,16306.0,Petrol,Automatic,Hatchback,Gray,1,0,1.0,17946.66
Mazda,2015,21543.0,Petrol,Automatic,SUV,Blue,1,0,1.0,6894.8
Ford,2022,36647.0,CNG,Manual,Sedan,White,1,0,1.0,15034.6
Honda,2021,11319.0,Hybrid,Manual,Sedan,Green,2,0,1.0,21173.91
Suzuki,2014,68086.0,Petrol,Automatic,Hatchback,Green,1,0,0.0,1909.13
Volkswagen,2011,48241.0,Hybrid,DSG,SUV,Yellow,2,0,1.0,2115.48
Hyundai,2013,,Petrol,Automatic,SUV,Orange,3,0,1.0,993.91
Mitsubishi,2012,39882.0,Petrol,DSG,Sedan,White,2,0,0.0,2949.1
Suzuki,2019,57715.0,Diesel,Manual,Sedan,Yellow,4,0,1.0,3932.04
Chevrolet,2015,50673.0,Diesel,Automatic,Pickup,Brown,1,0,0.0,6377.3
Jeep,2017,19197.0,Diesel,Automatic,Coupe,Green,2,0,1.0,8721.71
BMW,2014,37513.0,Petrol,Manual,Pickup,Black,2,0,1.0,8274.88
Kia,2021,2975.0,Petrol,DSG,Wagon,Gray,1,0,1.0,19931.27
Jeep,2015,118668.0,Diesel,Manual,SUV,Yellow,1,0,1.0,4256.75
Suzuki,2018,39339.0,Diesel,Manual,Coupe,White,1,0,1.0,5120.37
Toyota,2013,8172.0,Diesel,Automatic,SUV,Green,1,0,1.0,4948.84
Kia,2013,233404.0,Petrol,Manual,SUV,Orange,4,1,1.0,425.79
Honda,2012,103315.0,Petrol,DSG,Hatchback,Silver,1,0,0.0,1407.08
Lexus,2018,62687.0,Petrol,Automatic,Hatchback,Black,1,0,1.0,17504.3
Chevrolet,2018,81450.0,Diesel,Manual,Hatchback,Green,1,0,0.0,8355.51
Ford,2019,15608.0,Petrol,Manual,SUV,Black,3,0,1.0,10305.57
Jeep,2010,210466.0,Petrol,Automatic,Sedan,Silver,4,0,1.0,920.37
Jeep,2014,106234.0,Diesel,Automatic,Sedan,Black,1,0,1.0,3856.24
Kia,2022,11871.0,Diesel,Automatic,Hatchback,White,3,0,1.0,16720.5
Nissan,2023,1589.4161505666632,Diesel,DSG,Pickup,Orange,1,0,0.0,65049.67102933175
Volkswagen,2016,26363.0,Diesel,Manual,Sedan,White,2,0,0.0,9585.81
Hyundai,2011,112647.0,Petrol,CVT,Hatchback,Green,2,0,1.0,893.26
Audi,2011,122652.0,Diesel,Manual,SUV,Brown,3,0,0.0,2378.86
Jeep,2011,74986.0,Petrol,CVT,SUV,Red,1,1,1.0,2915.83
Hyundai,2021,10425.0,Electric,Automatic,Sedan,Yellow,1,0,0.0,13652.66
Toyota,2011,16961.0,Petrol,CVT,SUV,Silver,2,1,0.0,2445.53
Kia,2010,117140.0,Petrol,Manual,SUV,Silver,1,1,1.0,773.31
Nissan,2016,82919.0,Electric,DSG,Hatchback,Blue,1,0,0.0,5543.27
Ford,2014,300000.0,Petrol,Manual,SUV,Blue,2,0,1.0,515.89
Mitsubishi,2021,28899.0,Diesel,Manual,SUV,Yellow,1,0,1.0,12247.49
Toyota,2011,113278.0,Electric,Manual,Sedan,White,2,0,1.0,1841.14
Porsche,2015,57731.0,Diesel,CVT,Hatchback,Yellow,3,0,1.0,13013.15
Lexus,2010,300000.0,CNG,Automatic,Sedan,Gray,2,0,1.0,939.25
Toyota,2022,17475.0,Petrol,Automatic,Coupe,Silver,1,0,1.0,26209.87
Toyota,2012,109144.0,Petrol,Automatic,Sedan,Red,2,0,1.0,2546.21
Subaru,2021,1162.6590529700002,Diesel,Manual,Hatchback,Yellow,1,0,1.0,61725.16703326627
Chevrolet,2015,50228.0,Diesel,Manual,SUV,Green,1,0,1.0,3137.32
Kia,2017,128726.0,Diesel,Automatic,SUV,White,2,0,0.0,2610.06
Hyundai,2012,150412.0,Petrol,CVT,Wagon,Silver,2,0,1.0,1322.91
Hyundai,2016,34864.0,Diesel,Automatic,SUV,Green,1,0,0.0,5425.17
Honda,2011,109575.0,Petrol,Manual,Sedan,Black,1,0,1.0,1382.27
Volkswagen,2016,89833.0,Hybrid,Manual,Convertible,Gray,3,1,1.0,4324.82
Kia,2017,144311.0,Electric,DSG,SUV,Brown,1,0,1.0,2821.15
Suzuki,2011,36000.0,Petrol,Automatic,Sedan,Blue,1,1,0.0,1418.12
BMW,2017,124720.0,Petrol,Automatic,SUV,White,1,0,1.0,8220.59
Nissan,2010,31204.0,Petrol,Manual,Sedan,Orange,1,0,0.0,2230.06
Toyota,2010,166859.0,Petrol,Manual,Coupe,White,1,0,1.0,1039.86
Volkswagen,2017,56816.0,Petrol,Manual,Coupe,Silver,2,0,1.0,7546.89
Toyota,2014,157873.0,Petrol,DSG,Hatchback,Red,2,0,0.0,2178.22
BMW,2019,18765.0,Petrol,Automatic,Hatchback,Brown,1,0,1.0,23989.79
Toyota,2011,177346.0,Electric,Automatic,Hatchback,Red,1,0,0.0,1037.72
Audi,2021,23367.0,Diesel,Automatic,SUV,White,1,0,1.0,35402.33
Audi,2013,112585.0,Diesel,Manual,SUV,Orange,1,0,1.0,5359.49
Mercedes,2011,221920.0,Petrol,DSG,Hatchback,Gray,1,0,1.0,1405.89
Volvo,2012,192870.0,Petrol,Automatic,Hatchback,Blue,1,0,,1312.56
Nissan,2015,137038.0,Electric,Manual,Sedan,Yellow,1,0,1.0,3176.33
Mercedes,2016,95823.0,Diesel,Automatic,Hatchback,Orange,2,0,1.0,7670.19
Nissan,2020,18293.0,Petrol,Manual,Sedan,Green,2,1,0.0,7376.06
Ford,2018,14921.0,Petrol,DSG,Sedan,Black,4,0,1.0,6788.44
Subaru,2021,18888.0,Petrol,Automatic,Sedan,Black,2,0,1.0,14045.98
Mazda,2019,8162.0,Petrol,Manual,Pickup,Orange,2,0,1.0,12106.77
Audi,2010,164817.0,Petrol,CVT,SUV,Silver,1,0,1.0,2535.47
Toyota,2017,37554.0,Petrol,Automatic,SUV,Gray,2,0,1.0,6736.96
Honda,2023,3603.0,Diesel,Manual,Wagon,Black,2,0,1.0,23175.66
Audi,2021,15130.0,Diesel,Manual,SUV,Yellow,2,0,0.0,25876.77
Ford,2013,16346.0,Diesel,Manual,Hatchback,Red,1,0,0.0,5170.79
BMW,2015,43273.0,Petrol,Automatic,Coupe,Orange,1,0,0.0,8368.97
Tesla,2012,44056.0,Petrol,CVT,Hatchback,Yellow,1,1,1.0,4904.93
Ford,2014,14834.0,Petrol,Automatic,Coupe,White,1,0,1.0,5896.73
Hyundai,2011,238586.0,Petrol,Manual,Sedan,Red,1,0,1.0,545.34
Tesla,2010,68163.0,Diesel,CVT,SUV,Black,2,0,0.0,4474.24
Jeep,2014,293944.0,Petrol,Automatic,Coupe,Green,1,0,0.0,855.05
Chevrolet,2023,1599.0,Petrol,DSG,Coupe,Yellow,1,0,1.0,30549.75
Ford,2018,17602.0,Electric,Manual,Sedan,Brown,1,0,1.0,12233.02
Mitsubishi,2023,11242.0,Diesel,CVT,Convertible,Brown,1,0,1.0,15677.03
Mitsubishi,2011,98211.0,Petrol,Manual,SUV,Silver,2,0,1.0,1476.99
Suzuki,2021,55992.0,Petrol,Automatic,Wagon,Orange,3,0,1.0,6554.07
Honda,2010,76487.0,Hybrid,Automatic,Hatchback,Red,2,0,1.0,1890.56
Mercedes,2017,94522.0,Diesel,Manual,Hatchback,Brown,1,1,0.0,7692.34
Hyundai,2012,105741.0,Electric,Automatic,Pickup,Gray,1,1,1.0,1785.38
Chevrolet,2023,,Electric,Automatic,SUV,Black,2,0,0.0,27785.83
Nissan,2021,42951.0,Diesel,Manual,Wagon,Red,2,0,1.0,11585.01
Nissan,2011,58295.0,Hybrid,Automatic,Convertible,Orange,1,0,1.0,2463.59
Honda,2017,19674.0,Petrol,Manual,Hatchback,Blue,3,0,0.0,7300.49
Ford,2013,68088.0,Petrol,Automatic,SUV,Silver,2,0,1.0,1884.74
Tesla,2018,69299.0,Petrol,Manual,Pickup,Gray,1,0,1.0,18077.2
BMW,2022,39526.0,Petrol,Automatic,Hatchback,Green,3,0,1.0,41389.78
Audi,2013,236567.0,Diesel,Automatic,Convertible,Silver,3,1,1.0,949.98
Ford,2019,27135.0,Electric,CVT,Sedan,Gray,2,0,0.0,12844.18
Hyundai,2014,28542.0,Hybrid,CVT,SUV,Red,2,0,0.0,3722.82
Hyundai,2019,48443.0,Diesel,DSG,Hatchback,Silver,1,0,1.0,9414.72
Mercedes,2017,103090.0,Petrol,Manual,Hatchback,White,1,0,1.0,5479.41
Mazda,2017,158359.0,Electric,CVT,Sedan,Red,1,0,1.0,4502.83
Toyota,2016,103228.0,Petrol,Manual,SUV,Green,1,0,1.0,3381.52
Toyota,2016,72576.0,Diesel,Automatic,Convertible,Black,2,0,1.0,3385.36
Hyundai,2012,80390.0,Diesel,DSG,Pickup,White,3,0,1.0,2118.88
Toyota,2020,58679.0,Hybrid,CVT,Hatchback,Blue,3,0,0.0,11141.22
Toyota,2021,13807.0,Hybrid,Manual,Sedan,Gray,3,0,0.0,17148.28
Toyota,2013,20258.0,Hybrid,Manual,Sedan,Yellow,2,0,1.0,3468.99
BMW,2023,5418.0,Diesel,Automatic,Pickup,Green,2,0,1.0,39187.28
Honda,2020,25863.0,Petrol,CVT,Sedan,Silver,1,0,1.0,14217.92
BMW,2021,17385.0,Petrol,Automatic,Convertible,Gray,1,0,1.0,30605.43
Lexus,2022,24769.0,Petrol,Manual,Wagon,Green,2,0,1.0,37782.87
Mazda,2015,18064.0,Petrol,Automatic,Sedan,Blue,1,1,1.0,5448.85
Audi,2013,69562.0,Petrol,Manual,Hatchback,Black,1,0,1.0,8159.22
Hyundai,2015,48381.0,CNG,Automatic,Convertible,Gray,2,0,1.0,2687.92
Jeep,2018,11179.0,Petrol,CVT,SUV,Blue,1,1,1.0,9536.69
BMW,2010,21379.0,Petrol,DSG,Hatchback,Black,1,1,0.0,3986.87
Ford,2016,49778.0,Petrol,Automatic,Sedan,Blue,1,0,1.0,3548.78
Ford,2021,25816.0,Diesel,Manual,Sedan,Brown,2,0,1.0,15297.26
Lexus,2021,30316.0,Petrol,CVT,Hatchback,Blue,2,0,1.0,17456.2
BMW,2019,26776.0,CNG,Automatic,Sedan,Red,4,0,1.0,16271.78
Kia,2013,78823.0,Diesel,Manual,Wagon,Brown,1,0,1.0,3053.8
Mercedes,2013,84142.0,Hybrid,Automatic,SUV,Green,2,1,0.0,6250.47
Honda,2022,14693.0,Hybrid,CVT,Sedan,Orange,1,0,1.0,23245.88
Hyundai,2014,114680.0,Diesel,Automatic,Hatchback,Black,1,0,1.0,2909.55
BMW,2018,26729.0,Petrol,CVT,SUV,Brown,2,0,0.0,7880.6
Jeep,2019,35111.0,Electric,Automatic,Hatchback,Gray,1,1,1.0,9425.54
Tesla,2015,69278.0,Petrol,Automatic,SUV,Green,1,0,1.0,11161.54
Jeep,2018,83086.0,Petrol,DSG,Sedan,Green,3,0,1.0,5746.79
Nissan,2016,10497.0,Electric,DSG,Hatchback,Red,1,0,1.0,6024.33
Hyundai,2022,32840.0,Petrol,Automatic,SUV,Yellow,1,0,1.0,16662.3
Hyundai,2011,82599.0,Petrol,Automatic,Wagon,Orange,2,0,1.0,1641.7
Hyundai,2013,103546.0,Petrol,Automatic,Sedan,White,2,0,0.0,1417.83
Chevrolet,2018,56457.0,Petrol,Automatic,Sedan,Blue,2,1,1.0,6120.22
Audi,2013,105050.0,Diesel,Manual,SUV,Gray,4,0,1.0,2878.23
Chevrolet,2010,199902.0,Diesel,CVT,Sedan,Orange,3,0,1.0,801.47
Hyundai,2014,93020.0,Petrol,Automatic,SUV,Gray,1,1,1.0,1929.26
Audi,2021,15514.0,Petrol,Manual,SUV,Gray,2,0,1.0,7825.88
Chevrolet,2015,38173.0,Petrol,Automatic,Hatchback,White,2,1,1.0,6373.63
Subaru,2019,20084.0,Electric,Automatic,SUV,Yellow,4,0,1.0,9200.07
Toyota,2021,52482.0,Petrol,Automatic,Convertible,Orange,2,1,0.0,9639.0
Ford,2023,,Diesel,Automatic,Sedan,Gray,2,0,1.0,16958.7
Hyundai,2016,30738.0,Petrol,CVT,SUV,Black,3,0,0.0,3825.89
Hyundai,2010,41195.0,Diesel,Automatic,Hatchback,Silver,4,1,1.0,1718.59
Volkswagen,2022,2578.0,Hybrid,DSG,Sedan,White,2,0,0.0,25751.64
Toyota,2011,13172.0,Petrol,Manual,Wagon,White,1,0,1.0,3853.37
Toyota,2013,41814.0,Petrol,Automatic,Sedan,Yellow,1,0,0.0,3051.33
Toyota,2013,104920.0,Petrol,DSG,Pickup,Gray,1,0,0.0,2416.8
Volvo,2014,77935.0,Hybrid,Automatic,SUV,Gray,1,0,1.0,4823.0
BMW,2017,79991.0,Petrol,CVT,SUV,Orange,1,0,0.0,9354.36
Ford,2014,57615.0,Petrol,Automatic,Sedan,Silver,2,0,1.0,3653.97
Toyota,2022,10018.0,Diesel,Automatic,Convertible,Green,1,0,0.0,24647.89
BMW,2018,84440.0,Petrol,Manual,Sedan,Gray,2,0,1.0,13057.61
Mitsubishi,2012,64226.0,Petrol,Automatic,Sedan,Blue,2,0,0.0,1798.21
Honda,2019,33625.0,Hybrid,Manual,Hatchback,Brown,2,0,0.0,13344.09
Mercedes,2011,300000.0,Petrol,Automatic,SUV,White,1,0,1.0,1221.39
Chevrolet,2020,44116.0,Hybrid,Automatic,Hatchback,Gray,4,0,0.0,6251.69
Toyota,2017,53594.0,Petrol,Manual,Hatchback,Orange,1,0,0.0,7671.87
Honda,2010,73619.0,Petrol,Manual,Pickup,Silver,3,0,1.0,1594.31
Audi,2022,12372.0,Diesel,Automatic,SUV,Yellow,2,0,1.0,30088.85
Nissan,2014,138767.0,Petrol,DSG,Coupe,Silver,2,0,1.0,2133.13
Audi,2019,67950.0,Petrol,Automatic,Coupe,Gray,1,0,1.0,9587.65
Mitsubishi,2017,17061.0,Diesel,Manual,Sedan,White,1,0,1.0,5168.76
Hyundai,2010,300000.0,Diesel,Manual,Pickup,Green,1,0,1.0,265.54
Volkswagen,2016,69489.0,Hybrid,Automatic,SUV,Brown,1,0,1.0,4308.53
Hyundai,2015,131804.0,CNG,Automatic,Hatchback,Silver,1,0,1.0,3102.33
Hyundai,2014,84569.0,Diesel,Automatic,SUV,Brown,1,0,0.0,3832.4
Mitsubishi,2013,180011.0,Hybrid,Manual,Coupe,Green,3,1,1.0,704.68
Mazda,2010,70933.0,Petrol,Manual,Sedan,Yellow,1,0,1.0,1577.31
Mercedes,2017,18948.0,Petrol,Manual,Sedan,Gray,2,1,1.0,13976.91
Toyota,2013,81804.0,Diesel,Manual,Coupe,Silver,2,0,1.0,2752.57
Subaru,2015,208804.0,Hybrid,Automatic,Sedan,Black,2,0,1.0,1807.59
Honda,2018,139421.0,Diesel,Automatic,SUV,Silver,1,0,,5970.59
Mazda,2019,30282.0,Electric,Manual,Pickup,White,1,0,1.0,13396.0
Honda,2020,23862.0,CNG,Manual,Hatchback,Green,2,1,1.0,8933.84
Audi,2014,68943.0,Petrol,Automatic,Sedan,Gray,1,0,1.0,5395.65
Kia,2022,712.3175001545419,Petrol,Automatic,Coupe,Yellow,1,0,1.0,84564.4080558353
Chevrolet,2011,197590.0,Petrol,Automatic,Sedan,Silver,1,0,1.0,1150.75
Mazda,2020,12287.0,Petrol,Manual,Convertible,Blue,2,1,0.0,9219.01
Porsche,2019,28659.0,Diesel,Automatic,SUV,White,1,0,1.0,40762.85
Kia,2010,112990.0,Diesel,Manual,SUV,Black,1,0,1.0,1031.27
Ford,2011,76177.0,Petrol,Manual,Sedan,White,2,0,,1404.14
Audi,2018,197485.0,Electric,Automatic,Sedan,Blue,3,0,0.0,3008.83
Tesla,2021,29654.0,Petrol,Manual,Sedan,White,2,0,1.0,28621.24
Audi,2013,41909.0,Diesel,Automatic,SUV,Blue,2,0,1.0,6974.42
Audi,2019,126905.0,Petrol,Manual,Hatchback,Gray,1,0,0.0,6871.81
Audi,2011,66574.0,Diesel,CVT,Hatchback,Black,2,0,1.0,3401.69
Honda,2016,60418.0,Petrol,Manual,Hatchback,Black,1,1,1.0,4782.23
Honda,2012,40651.0,Hybrid,Manual,Convertible,Brown,2,0,1.0,2909.15
Kia,2014,40308.0,Petrol,Automatic,SUV,Gray,2,0,1.0,3216.33
Ford,2013,24853.0,Hybrid,Manual,SUV,Gray,2,0,1.0,4168.55
Honda,2013,159236.0,Hybrid,Manual,Hatchback,Silver,2,0,1.0,1457.68
Ford,2010,97000.0,Diesel,Manual,Sedan,Green,1,0,1.0,1499.96
Jeep,2021,68437.0,Diesel,Manual,SUV,Orange,2,0,0.0,16222.77
Audi,2016,12743.0,Petrol,Automatic,Hatchback,Gray,3,1,0.0,12393.17
Ford,2018,54884.0,Hybrid,Automatic,Hatchback,Green,1,0,0.0,10241.04
BMW,2010,171979.0,Petrol,Manual,Sedan,Yellow,2,0,1.0,1635.4
Mercedes,2011,176215.0,Petrol,CVT,Hatchback,Yellow,1,0,1.0,1699.11
Lexus,2021,12783.0,Diesel,Automatic,SUV,Gray,1,1,1.0,31629.44
Ford,2011,246041.0,Hybrid,Automatic,Sedan,Silver,2,0,0.0,482.8
Volkswagen,2013,139383.0,CNG,Automatic,Hatchback,Gray,2,0,1.0,2580.82
Porsche,2012,149060.0,Petrol,Automatic,SUV,Brown,2,0,0.0,5817.8
Honda,2012,117251.0,Petrol,Manual,SUV,Blue,2,0,1.0,1781.15
Ford,2020,106248.0,Petrol,Manual,Sedan,White,1,1,0.0,3931.2
Mazda,2015,93919.0,Hybrid,Automatic,Hatchback,Green,1,0,1.0,3396.46
Ford,2014,117292.0,Petrol,Automatic,Hatchback,Red,1,0,1.0,2969.94
Honda,2014,92421.0,Petrol,Automatic,Hatchback,Silver,2,0,1.0,788.73
Honda,2015,61469.0,Petrol,Automatic,Sedan,Blue,2,0,1.0,4228.05
Jeep,2020,7841.0,Petrol,Manual,Coupe,Gray,1,0,0.0,22826.1
Volkswagen,2010,51092.0,Diesel,Manual,Wagon,Silver,1,0,1.0,2325.52
Kia,2012,24129.0,CNG,CVT,SUV,Blue,3,1,1.0,2355.81
Ford,2016,94120.0,Diesel,Manual,SUV,Green,4,0,0.0,4613.93
Chevrolet,2017,137365.0,Petrol,Manual,Pickup,Blue,2,0,1.0,2671.64
Honda,2013,59974.0,Petrol,Manual,Hatchback,Black,1,1,0.0,2770.44
Volkswagen,2021,29341.0,Electric,Manual,Wagon,Orange,2,0,1.0,15677.38
Hyundai,2021,36491.0,Diesel,DSG,Hatchback,Red,2,1,1.0,8357.22
Mercedes,2017,145716.0,Petrol,Automatic,Hatchback,Blue,1,0,0.0,8291.68
Ford,2021,27356.0,Electric,Manual,SUV,Red,1,0,1.0,12228.55
Honda,2017,70755.0,Petrol,Automatic,Sedan,Brown,1,0,1.0,7912.67
Ford,2010,300000.0,Diesel,Manual,SUV,Black,1,0,1.0,349.82
Chevrolet,2015,1398.5567807870473,Hybrid,Manual,Wagon,White,3,0,1.0,6020.9152849845905
BMW,2018,53825.0,Hybrid,Manual,Pickup,Yellow,2,1,0.0,6851.35
Hyundai,2019,26345.0,Electric,Manual,Hatchback,Blue,1,0,0.0,7285.87
Toyota,2010,300000.0,CNG,Automatic,Sedan,White,1,0,1.0,343.81
Volkswagen,2019,27452.0,Petrol,Manual,Hatchback,Red,2,0,0.0,15983.11
Mitsubishi,2019,40466.0,Diesel,CVT,Wagon,Black,4,0,1.0,4526.76
Kia,2023,14670.0,Petrol,CVT,Hatchback,Brown,1,0,0.0,14699.13
Toyota,2022,6974.0,Hybrid,Automatic,Hatchback,White,1,1,0.0,13330.31
Ford,2022,21384.0,Diesel,Automatic,Wagon,Brown,1,0,1.0,18679.47
Toyota,2016,145510.0,Petrol,Automatic,Hatchback,Brown,1,1,1.0,2004.53
Ford,2016,21593.0,Diesel,DSG,Coupe,Blue,1,0,0.0,5904.64
Audi,2015,300000.0,Petrol,Manual,Sedan,Orange,3,0,1.0,1449.77
Hyundai,2016,103137.0,Petrol,Manual,SUV,Red,1,0,1.0,3516.6
Volvo,2014,51838.0,Diesel,Automatic,Convertible,Gray,4,0,1.0,6440.8
BMW,2022,28786.0,Hybrid,Manual,Convertible,Orange,1,0,1.0,39156.87
Toyota,2011,67340.0,CNG,CVT,Wagon,Green,1,0,1.0,2035.92
Toyota,2016,29017.0,Diesel,Manual,SUV,White,1,0,0.0,8696.33
Nissan,2017,38063.0,Petrol,DSG,SUV,Black,1,0,0.0,4436.96
BMW,2017,33613.0,Petrol,Automatic,Sedan,Orange,4,1,1.0,8333.03
Honda,2017,21904.0,Petrol,Automatic,SUV,Gray,1,0,1.0,7655.33
Chevrolet,2017,32514.0,Electric,Automatic,Convertible,Orange,1,0,0.0,9102.52
Volkswagen,2022,12940.0,Petrol,Automatic,Hatchback,Blue,2,0,0.0,12749.16
Honda,2016,123767.0,Petrol,Manual,Hatchback,Yellow,2,0,1.0,2307.45
Kia,2012,144498.0,Petrol,Automatic,Convertible,Red,1,0,1.0,1577.08
Lexus,2022,30775.0,Electric,Automatic,Sedan,Yellow,2,0,1.0,36951.39
Hyundai,2011,29030.0,Petrol,CVT,Coupe,Brown,3,0,0.0,2078.17
Hyundai,2017,68618.0,Petrol,Automatic,SUV,Gray,3,0,1.0,3275.63
Nissan,2016,79474.0,Petrol,Automatic,SUV,Gray,2,0,1.0,4214.49
Nissan,2010,81319.0,Petrol,DSG,SUV,Blue,1,0,1.0,2125.73
BMW,2022,18292.0,Hybrid,Manual,SUV,Red,1,1,1.0,20353.78
Honda,2022,2916.0,Electric,CVT,Sedan,Green,2,0,1.0,19792.85
Subaru,2021,17213.0,Petrol,Manual,Pickup,Green,2,0,0.0,16820.97
Nissan,2014,50253.0,Petrol,Automatic,SUV,Brown,1,0,0.0,4489.81
Chevrolet,2011,,Diesel,Automatic,Sedan,Silver,3,0,1.0,1171.39
Kia,2016,47815.0,Petrol,Automatic,Sedan,Gray,2,0,1.0,4857.91
Volvo,2021,5990.0,Petrol,Manual,SUV,Silver,4,1,1.0,25340.26
Honda,2013,69200.0,Petrol,Automatic,SUV,Black,1,0,0.0,2824.32
Toyota,2015,113047.0,Diesel,CVT,Sedan,Green,1,0,1.0,3651.81
Jeep,2020,29812.0,Petrol,Automatic,Hatchback,Brown,1,0,1.0,13673.25
Tesla,2020,61204.0,Diesel,Manual,Pickup,Red,2,0,0.0,14502.92
Honda,2011,121379.0,Petrol,Manual,Hatchback,White,1,0,1.0,1455.12
Toyota,2022,49591.0,Petrol,Manual,SUV,White,1,0,0.0,11380.42
Toyota,2018,54967.0,Diesel,Manual,Convertible,Green,1,0,0.0,5836.51
Kia,2017,25569.0,Petrol,Automatic,SUV,Gray,2,0,1.0,4952.82
Kia,2011,69329.0,Diesel,Automatic,Hatchback,Orange,1,0,1.0,1987.79
Ford,2022,3875.0,Hybrid,CVT,Pickup,Yellow,1,0,1.0,18925.28
Hyundai,2019,168077.0,Diesel,Manual,SUV,Orange,2,1,1.0,2475.29
Volkswagen,2021,14613.0,Petrol,Automatic,Coupe,Blue,3,0,1.0,9916.77
Mazda,2011,69088.0,Hybrid,Manual,Sedan,Red,1,0,1.0,2449.58
Jeep,2019,37539.0,Petrol,Automatic,Hatchback,Yellow,1,0,1.0,11951.3
Subaru,2023,2991.0,Hybrid,Automatic,Hatchback,Brown,1,0,1.0,23376.31
Kia,2017,124711.0,Petrol,DSG,Sedan,Silver,1,0,0.0,2270.32
Audi,2018,42314.0,Hybrid,Automatic,SUV,Black,2,0,1.0,16385.41
Porsche,2010,51075.0,Petrol,CVT,Coupe,White,2,0,1.0,5618.22
Porsche,2018,46565.0,Hybrid,CVT,Sedan,Red,1,0,1.0,38417.94
Jeep,2022,6922.0,Petrol,Manual,SUV,Black,1,0,0.0,18823.32
Mitsubishi,2021,17154.0,Petrol,CVT,SUV,Yellow,4,0,1.0,9842.14
Mitsubishi,2018,34915.0,Hybrid,Manual,Sedan,Silver,1,0,1.0,6668.7
Suzuki,2014,77426.0,Hybrid,CVT,Wagon,Orange,3,0,1.0,1662.26
Subaru,2019,63411.0,Diesel,Manual,Sedan,Orange,1,0,1.0,15405.31
Honda,2015,79107.0,Diesel,CVT,Convertible,Yellow,3,0,1.0,1542.11
Hyundai,2019,51934.0,Diesel,Automatic,Wagon,Silver,3,0,1.0,6680.36
Honda,2016,31802.0,Electric,Manual,Sedan,Black,1,0,1.0,6929.05
Honda,2014,28716.0,Petrol,CVT,SUV,Yellow,1,1,0.0,3676.72
Tesla,2010,91374.0,Electric,DSG,Coupe,White,2,1,0.0,2298.69
Mercedes,2014,24387.0,Diesel,Automatic,Hatchback,Black,1,0,1.0,12961.23
Jeep,2018,36615.0,Hybrid,Automatic,Hatchback,Brown,1,0,0.0,8483.38
Toyota,2012,73934.0,Diesel,Manual,SUV,Red,1,0,1.0,2474.29
Honda,2010,138599.0,Electric,Manual,Coupe,Orange,1,0,1.0,1284.51
Tesla,2019,14116.0,Petrol,Automatic,Sedan,Silver,2,0,1.0,25768.76
Toyota,2023,4157.0,Petrol,Manual,Sedan,Yellow,2,0,0.0,20639.54
Volvo,2015,25493.0,Diesel,Manual,Convertible,Blue,2,0,1.0,8999.71
Mazda,2011,73687.0,Petrol,Manual,SUV,Blue,1,0,1.0,3306.35
Honda,2013,27926.0,CNG,Manual,Sedan,Red,2,0,0.0,4240.21
Volkswagen,2021,21002.0,Hybrid,DSG,SUV,Black,2,0,0.0,20440.48
Ford,2012,35769.0,Diesel,Automatic,Sedan,Red,1,0,1.0,3836.84
Toyota,2022,30989.0,CNG,Manual,SUV,Blue,1,0,,11269.12
Ford,2010,73670.0,Diesel,Manual,Hatchback,Orange,1,0,1.0,2076.47
Hyundai,2020,59422.0,Petrol,CVT,Convertible,Silver,2,0,1.0,6835.37
Nissan,2013,5367.0,Electric,Manual,SUV,Brown,2,1,1.0,2929.05
Ford,2022,14094.0,Hybrid,CVT,Sedan,Gray,1,0,1.0,18012.47
Toyota,2019,98418.0,Diesel,Manual,Sedan,Red,2,0,1.0,7792.75
Audi,2023,2953.0,Diesel,CVT,Hatchback,White,4,0,1.0,33288.8
Hyundai,2011,120317.0,Electric,DSG,Pickup,Gray,1,0,0.0,981.47
Subaru,2021,15179.0,Petrol,CVT,SUV,Green,4,0,0.0,23480.72
Subaru,2019,33410.0,Hybrid,Manual,Wagon,Silver,1,0,1.0,12190.39
Mazda,2021,20969.0,Diesel,CVT,Hatchback,White,1,0,1.0,10911.3
Volkswagen,2010,40578.0,Petrol,Automatic,Hatchback,Black,2,0,1.0,2492.77
Toyota,2011,62072.0,Petrol,Automatic,Hatchback,Green,1,0,1.0,2420.45
Nissan,2019,93131.0,Electric,Automatic,SUV,Red,2,0,1.0,5442.13
Nissan,2018,28245.0,Electric,Manual,Pickup,Silver,2,0,1.0,10705.11
Nissan,2013,20186.0,Petrol,Automatic,Pickup,Blue,1,0,1.0,3297.83
Hyundai,2013,149037.0,CNG,DSG,Sedan,Blue,1,1,1.0,1900.75
Kia,2013,25688.0,Diesel,DSG,Wagon,Yellow,2,0,1.0,2530.85
Hyundai,2021,20466.0,Hybrid,Automatic,Sedan,Black,1,0,,15631.51
Mercedes,2021,23032.0,Hybrid,Automatic,Hatchback,Yellow,1,0,0.0,31366.86
Mercedes,2022,14140.0,Diesel,Manual,Hatchback,Yellow,1,0,1.0,35082.87
Kia,2018,38600.0,CNG,CVT,Pickup,Silver,4,1,1.0,5128.92
Mitsubishi,2021,43043.0,Hybrid,Manual,Sedan,Blue,3,0,1.0,7921.58
Toyota,2023,5689.0,Electric,DSG,SUV,Blue,1,0,0.0,33434.86
Mercedes,2012,70799.0,Petrol,Manual,Sedan,Yellow,1,0,1.0,3727.28
Kia,2016,126477.0,CNG,Manual,Pickup,Yellow,2,0,0.0,1830.95
Mercedes,2013,74829.0,Electric,CVT,Sedan,Blue,1,0,1.0,7024.93
Audi,2020,28602.0,Petrol,Automatic,Sedan,Blue,1,1,0.0,18850.85
Audi,2015,37749.0,Electric,DSG,Hatchback,Orange,2,0,1.0,7022.18
Honda,2017,142348.0,Petrol,DSG,Wagon,Green,1,0,1.0,3251.13
Chevrolet,2022,14703.0,Petrol,Automatic,Sedan,Brown,1,0,1.0,27054.05
Suzuki,2019,63168.0,Diesel,Automatic,Sedan,Blue,1,0,0.0,7838.3
Ford,2018,60171.0,Diesel,Automatic,SUV,Black,2,0,1.0,6301.4
Toyota,2019,28343.0,Electric,Automatic,SUV,Yellow,1,0,0.0,11945.69
Chevrolet,2021,5852.0,Petrol,Manual,Coupe,Blue,2,0,1.0,20625.91
Subaru,2017,13346.0,Petrol,Manual,Wagon,Blue,1,0,1.0,8421.78
Audi,2021,8906.0,Petrol,Automatic,Hatchback,Black,1,1,1.0,28429.14
Honda,2022,,Hybrid,Manual,Coupe,Brown,1,0,1.0,21848.91
Subaru,2016,24430.0,Petrol,Automatic,Sedan,Green,4,0,1.0,7729.56
Hyundai,2014,197876.0,Diesel,CVT,SUV,Orange,1,0,1.0,1549.02
Jeep,2011,35605.0,Petrol,Automatic,Sedan,Brown,3,1,0.0,2939.4
Honda,2011,31648.0,Petrol,Manual,Hatchback,Orange,1,0,1.0,2717.43
Audi,2016,47953.0,Petrol,Manual,Sedan,Orange,2,0,1.0,5122.86
Chevrolet,2015,300000.0,Diesel,Manual,SUV,Yellow,1,0,1.0,1085.24
Nissan,2021,7095.0,Petrol,DSG,Wagon,White,1,1,1.0,14539.19
Kia,2016,54778.0,Petrol,Manual,Hatchback,Black,1,0,1.0,4062.74
Honda,2015,17981.0,Petrol,Automatic,SUV,Silver,1,0,1.0,5315.25
Lexus,2014,300000.0,Hybrid,Automatic,SUV,Brown,1,0,1.0,1418.79
Volkswagen,2019,94791.0,Petrol,Automatic,Wagon,Blue,1,0,0.0,10082.35
Nissan,2011,36930.0,Electric,Manual,SUV,Blue,2,0,0.0,2416.8
Kia,2016,15513.0,Electric,Manual,Coupe,Gray,3,0,0.0,4358.0
Lexus,2018,21798.0,Petrol,Manual,SUV,Green,1,0,0.0,15599.76
Toyota,2019,21209.0,Petrol,Automatic,Sedan,Black,1,0,,10477.36
Toyota,2013,191305.0,Diesel,Manual,SUV,Green,2,0,0.0,1466.69
Ford,2013,68754.0,Diesel,Automatic,SUV,Silver,3,0,1.0,2621.38
BMW,2021,138834.0,Petrol,Manual,SUV,Blue,1,0,1.0,12216.66
Jeep,2012,13359.0,Diesel,Manual,SUV,Silver,1,0,1.0,5754.41
Suzuki,2010,300000.0,Diesel,Automatic,SUV,Blue,1,0,1.0,261.13
Lexus,2018,13318.0,Hybrid,Automatic,Sedan,Orange,2,0,1.0,18554.27
Nissan,2022,3896.0,CNG,CVT,Hatchback,Gray,4,0,1.0,17051.85
Lexus,2020,13636.0,Electric,Manual,SUV,White,1,0,1.0,36948.06
BMW,2018,72370.0,Petrol,Manual,Convertible,Silver,1,0,0.0,9564.88
Kia,2015,167071.0,Diesel,Automatic,Sedan,Silver,1,0,0.0,2002.78
Kia,2011,80796.0,Diesel,Manual,Hatchback,White,1,0,1.0,1304.5
Toyota,2021,19785.0,Petrol,Automatic,SUV,Green,1,1,1.0,13211.66
Honda,2012,51657.0,Diesel,Automatic,SUV,Blue,2,0,1.0,3083.69
Toyota,2018,18361.0,Diesel,Automatic,Sedan,White,3,0,0.0,7726.36
Lexus,2022,11042.0,Petrol,Automatic,Sedan,Gray,2,0,1.0,46321.09
BMW,2016,177729.0,Petrol,Manual,Wagon,Black,2,1,1.0,3650.46
Nissan,2017,29527.0,Diesel,Automatic,Hatchback,Yellow,2,0,1.0,5154.37
Ford,2015,34288.0,Hybrid,Automatic,Convertible,Yellow,2,0,0.0,3472.06
Mazda,2016,77009.0,Petrol,Manual,SUV,Orange,1,0,1.0,7042.69
Volkswagen,2016,12961.0,Hybrid,CVT,Hatchback,Gray,2,0,0.0,8298.5
Toyota,2020,48583.0,Petrol,DSG,SUV,White,1,0,1.0,13208.56
Chevrolet,2013,108962.0,CNG,Manual,Wagon,Silver,1,0,1.0,1757.33
Mercedes,2017,14389.0,Diesel,Automatic,Pickup,Brown,1,0,0.0,12730.38
Subaru,2013,139877.0,Hybrid,Manual,Coupe,Silver,1,0,1.0,2080.97
Lexus,2018,39454.0,Petrol,CVT,SUV,Red,2,0,1.0,5374.39
Honda,2014,278276.0,Diesel,CVT,Hatchback,Yellow,1,0,1.0,945.42
Jeep,2019,57142.0,CNG,Automatic,Sedan,White,3,0,1.0,8291.59
BMW,2019,18384.0,Hybrid,Manual,Sedan,Green,1,0,1.0,9916.44
BMW,2013,34639.0,Diesel,Manual,Wagon,White,3,0,1.0,6636.85
Mazda,2018,38215.0,Petrol,DSG,Sedan,Brown,2,0,1.0,8411.89
Toyota,2015,66781.0,Diesel,Automatic,SUV,Brown,1,0,,3555.52
Lexus,2023,4876.0,Hybrid,Manual,Convertible,Yellow,1,0,1.0,44933.28
Ford,2020,11168.0,Diesel,CVT,Sedan,Green,1,0,1.0,15711.38
Ford,2020,64656.0,Hybrid,Manual,Wagon,White,1,1,1.0,7902.06
BMW,2016,137129.0,Petrol,Automatic,SUV,Black,2,0,1.0,7351.03
Toyota,2021,15632.0,CNG,Automatic,Hatchback,Yellow,1,0,1.0,18528.75
Tesla,2018,89167.0,Petrol,DSG,Wagon,Gray,1,0,0.0,12243.57
Suzuki,2015,41177.0,Hybrid,CVT,SUV,Brown,2,0,1.0,2714.22
BMW,2010,157506.0,Diesel,Manual,Hatchback,Yellow,1,0,1.0,2396.62
Toyota,2015,54659.0,Diesel,Manual,Hatchback,Brown,1,0,1.0,6405.99
Hyundai,2022,22704.0,Hybrid,CVT,SUV,Yellow,3,0,1.0,14917.67
Kia,2021,13051.0,Petrol,DSG,SUV,Black,3,0,0.0,8668.31
Mercedes,2012,73139.0,Petrol,Manual,SUV,Brown,1,0,1.0,4933.16
Ford,2023,1983.6852268434168,Petrol,Manual,SUV,White,1,0,1.0,120230.81620985929
Subaru,2022,8699.0,Petrol,DSG,Hatchback,Orange,1,0,0.0,19730.97
Audi,2016,72305.0,Diesel,CVT,Coupe,Orange,3,0,1.0,7098.91
Chevrolet,2016,143079.0,Diesel,Manual,SUV,Yellow,2,0,0.0,3078.27
BMW,2019,158100.0,Diesel,Automatic,Pickup,Brown,2,0,1.0,6763.26
Chevrolet,2010,243817.0,Electric,Automatic,Convertible,Gray,2,0,1.0,561.63
Volkswagen,2022,7168.0,Diesel,Manual,Convertible,Brown,3,0,1.0,23970.18
Honda,2022,4946.0,Petrol,CVT,Convertible,Black,1,0,1.0,19277.07
Subaru,2010,15282.0,Hybrid,Automatic,Sedan,Orange,1,1,1.0,1844.11
Kia,2018,82399.0,Hybrid,Manual,Sedan,Red,4,0,1.0,6467.06
Honda,2017,66151.0,Petrol,Automatic,Convertible,Red,2,0,0.0,5878.55
Honda,2010,94137.0,Petrol,Manual,Coupe,Gray,1,1,1.0,1384.72
BMW,2011,102450.0,Petrol,CVT,Hatchback,Green,1,0,1.0,3771.24
Mercedes,2019,19539.0,Petrol,Automatic,Wagon,Green,2,0,0.0,29410.99
Lexus,2012,56941.0,Electric,CVT,Hatchback,Gray,1,1,1.0,5038.5
Chevrolet,2010,299263.0,Petrol,Automatic,Sedan,White,2,1,0.0,261.58
Ford,2016,23678.0,Diesel,Automatic,SUV,Green,1,0,1.0,6190.54
Volkswagen,2018,,Petrol,Manual,SUV,Orange,2,0,1.0,8059.25
Toyota,2016,41579.0,Diesel,Automatic,SUV,Red,2,0,1.0,5389.13
Ford,2023,8781.0,Diesel,CVT,Sedan,Gray,2,0,1.0,22576.47
Honda,2014,271436.0,Petrol,Automatic,Hatchback,Brown,1,0,0.0,1352.66
Ford,2021,11878.0,Diesel,Manual,SUV,Orange,1,0,1.0,9754.09
Toyota,2013,60179.0,Petrol,Automatic,SUV,Orange,1,0,1.0,3361.06
BMW,2022,6793.0,Petrol,Automatic,SUV,White,3,0,1.0,32083.42
Chevrolet,2014,77755.0,Petrol,DSG,SUV,Green,1,0,0.0,4055.61
Volvo,2011,64444.0,Diesel,Manual,Sedan,Brown,2,0,1.0,3106.89
Jeep,2022,6272.0,Petrol,DSG,Sedan,Gray,3,0,1.0,16162.38
Toyota,2018,86541.0,Petrol,Manual,Sedan,Red,1,0,1.0,5400.91
Mazda,2016,69514.0,Petrol,Manual,SUV,Brown,1,0,1.0,4883.07
Ford,2013,66554.0,Petrol,Automatic,Convertible,White,3,1,1.0,2193.3
BMW,2016,17105.0,Diesel,DSG,Sedan,Silver,2,1,1.0,13147.93
Tesla,2013,70894.0,Diesel,Automatic,Sedan,Yellow,1,1,1.0,4716.33
Suzuki,2010,85459.0,Petrol,Automatic,Hatchback,Brown,2,0,1.0,1082.81
Audi,2016,16762.0,Petrol,Automatic,Sedan,Blue,1,0,1.0,11677.29
Honda,2013,141968.0,Hybrid,Manual,Sedan,Orange,1,0,1.0,2483.31
Lexus,2019,54273.0,Electric,CVT,Sedan,Green,1,0,0.0,10422.39
Hyundai,2019,19984.0,Hybrid,Automatic,Pickup,Green,1,0,1.0,8826.86
Audi,2020,21012.0,Petrol,CVT,SUV,Green,2,0,1.0,25210.11
Nissan,2019,31345.0,Petrol,CVT,Hatchback,Red,3,0,1.0,7789.9
Hyundai,2018,49505.0,Petrol,Manual,SUV,Orange,1,0,1.0,7433.01
Mitsubishi,2011,938.2080561861335,Diesel,Automatic,Wagon,Yellow,1,0,1.0,8462.942334456036
Nissan,2020,36568.0,Petrol,Manual,Sedan,Yellow,2,0,1.0,10925.94
Subaru,2022,18638.0,Electric,DSG,Sedan,Red,1,0,1.0,18179.68
Chevrolet,2013,202101.0,Petrol,DSG,Hatchback,Gray,3,0,1.0,1258.44
Honda,2023,6422.0,Petrol,DSG,Sedan,Green,3,0,0.0,26523.42
Hyundai,2013,211127.0,Petrol,Manual,Pickup,Orange,3,0,1.0,944.52
Honda,2016,30022.0,Diesel,CVT,Pickup,Black,2,0,0.0,6127.25
Volkswagen,2015,133137.0,Petrol,Automatic,SUV,Gray,4,0,0.0,2358.69
Toyota,2012,206303.0,Petrol,Automatic,Sedan,Blue,1,0,1.0,953.59
Volvo,2022,32908.0,Diesel,DSG,Hatchback,Brown,1,0,1.0,24427.41
Suzuki,2011,150040.0,Petrol,DSG,Sedan,White,3,0,1.0,939.96
Mercedes,2011,75536.0,Diesel,Automatic,Coupe,Brown,3,0,0.0,3228.93
Honda,2014,46053.0,CNG,Automatic,Coupe,Gray,3,0,0.0,3733.09
Ford,2019,34584.0,Diesel,Automatic,Sedan,White,2,0,1.0,9003.93
Suzuki,2016,59012.0,Petrol,Automatic,SUV,Red,2,0,0.0,2361.94
BMW,2011,66506.0,Diesel,CVT,SUV,Orange,1,0,1.0,2858.42
Jeep,2011,300000.0,Petrol,Manual,Hatchback,Yellow,2,0,0.0,647.08
Lexus,2015,93309.0,CNG,Automatic,Coupe,Gray,1,1,0.0,6591.35
Honda,2017,97194.0,Diesel,Automatic,Pickup,Gray,2,0,1.0,3842.46
Ford,2010,265056.0,Hybrid,CVT,SUV,Green,1,1,1.0,345.41
Ford,2014,45442.0,Hybrid,CVT,Wagon,Red,1,0,1.0,3262.07
Nissan,2020,54484.0,Hybrid,Manual,Hatchback,Brown,1,0,0.0,7523.04
Nissan,2023,18454.0,Petrol,Manual,SUV,Orange,3,0,1.0,18166.44
Ford,2013,103592.0,Petrol,Manual,SUV,Yellow,1,0,1.0,2239.3
Honda,2023,6273.0,Electric,Automatic,Wagon,White,1,0,1.0,33104.3
Audi,2011,144289.0,Petrol,Manual,Sedan,Gray,1,0,1.0,1830.59
Audi,2015,80328.0,Hybrid,Automatic,Sedan,Brown,1,0,1.0,8906.86
Toyota,2016,83638.0,Diesel,Manual,SUV,Brown,1,0,1.0,3510.95
Tesla,2012,28532.0,Petrol,Manual,SUV,White,3,0,1.0,6462.12
Suzuki,2011,64786.0,Petrol,Automatic,Sedan,Red,2,0,0.0,1184.01
Hyundai,2011,85415.0,Hybrid,Automatic,SUV,Silver,1,0,1.0,1978.16
Kia,2019,25110.0,Diesel,Manual,Sedan,Orange,1,0,1.0,6287.98
Ford,2013,300000.0,Petrol,CVT,SUV,Silver,3,0,1.0,521.01
Volkswagen,2010,60970.0,CNG,Automatic,Coupe,White,1,0,1.0,2889.9
Kia,2016,133852.0,Petrol,Manual,Wagon,Green,3,1,1.0,1471.26
Toyota,2018,59577.0,Diesel,Automatic,SUV,Orange,2,0,1.0,8640.81
BMW,2023,11760.0,Petrol,CVT,Hatchback,Gray,2,0,1.0,53231.4
Volkswagen,2020,13392.0,Petrol,CVT,Hatchback,Yellow,1,1,,16026.1
Honda,2013,84861.0,Hybrid,Manual,SUV,Gray,1,1,0.0,1653.86
Mercedes,2020,54615.0,Petrol,Manual,Coupe,Red,1,0,1.0,18190.33
BMW,2015,177504.0,Diesel,DSG,Coupe,Red,1,0,1.0,6164.0
Toyota,2018,130191.0,Petrol,Manual,Pickup,Silver,1,0,1.0,5597.65
Honda,2010,172392.0,Petrol,Manual,Hatchback,Yellow,2,0,1.0,1034.82
Kia,2019,111678.0,Petrol,Manual,Hatchback,Yellow,1,1,1.0,4045.73
Toyota,2017,42707.0,Electric,Automatic,Hatchback,White,2,0,1.0,7007.56
Lexus,2010,282237.0,Diesel,Automatic,SUV,Red,1,0,1.0,874.77
Honda,2014,38949.0,Hybrid,Manual,Wagon,Gray,3,0,1.0,4933.57
Honda,2012,109940.0,Diesel,Automatic,Coupe,Green,3,0,1.0,1924.01
Ford,2019,25585.0,Petrol,Automatic,SUV,White,1,0,0.0,7474.14
Hyundai,2016,61446.0,Petrol,Automatic,Sedan,Brown,2,0,1.0,4903.68
Volkswagen,2014,69326.0,Electric,Automatic,SUV,Gray,2,0,1.0,4608.82
Porsche,2021,18292.0,Petrol,CVT,Hatchback,Gray,2,1,0.0,23561.7
Volkswagen,2011,255405.0,Diesel,CVT,SUV,Green,1,0,0.0,916.59
Subaru,2011,14941.0,Petrol,Automatic,Hatchback,Blue,2,0,1.0,2216.0
Audi,2018,62695.0,Hybrid,CVT,Hatchback,White,3,0,1.0,15034.87
Toyota,2014,162333.0,Diesel,Manual,Hatchback,Silver,4,0,0.0,1482.35
Volkswagen,2022,36007.0,CNG,CVT,SUV,Black,1,0,1.0,18398.21
Mitsubishi,2016,77672.0,Petrol,Automatic,SUV,Red,3,0,1.0,3718.55
Chevrolet,2019,17511.0,CNG,Manual,Sedan,Green,3,0,1.0,8414.09
Mazda,2013,115494.0,Diesel,CVT,SUV,White,2,0,0.0,1503.93
Mitsubishi,2019,20115.0,Petrol,Manual,SUV,Green,1,0,0.0,8875.52
Honda,2018,29036.0,Petrol,Manual,Wagon,Yellow,2,0,1.0,7674.57
Nissan,2013,108370.0,Petrol,CVT,SUV,Blue,3,0,1.0,1580.98
Toyota,2022,14752.0,Petrol,DSG,SUV,Silver,1,1,1.0,16505.42
Ford,2019,25957.0,Diesel,Automatic,Sedan,Gray,2,0,1.0,8438.02
Kia,2020,17161.0,Petrol,Manual,Coupe,Red,4,0,1.0,6835.68
Nissan,2016,32535.0,Petrol,DSG,Pickup,Red,1,0,0.0,5876.95
Lexus,2015,92923.0,Petrol,Automatic,Sedan,Red,2,0,1.0,5141.12
Nissan,2020,12210.0,Diesel,Automatic,Wagon,Yellow,1,0,1.0,9963.45
BMW,2014,17611.0,Hybrid,DSG,Hatchback,Gray,1,0,1.0,8196.48
Ford,2018,70403.0,Diesel,Manual,SUV,Red,1,0,1.0,4337.9
Chevrolet,2022,15182.0,Diesel,Automatic,Convertible,White,2,0,1.0,22788.45
Mercedes,2019,18018.0,Hybrid,Manual,Hatchback,Orange,2,0,1.0,27000.24
Toyota,2017,88968.0,Petrol,CVT,Pickup,White,1,0,0.0,6720.01
Mercedes,2012,116424.0,Petrol,Automatic,Coupe,Silver,1,0,1.0,3895.22
Audi,2013,121787.0,Petrol,DSG,Sedan,Green,3,0,1.0,3316.45
Ford,2023,15894.0,Petrol,Manual,SUV,Gray,1,0,0.0,18763.71
Nissan,2023,2347.0,Petrol,Manual,Coupe,White,1,0,0.0,18219.48
Toyota,2019,68793.0,Hybrid,DSG,Hatchback,Black,1,0,1.0,7849.5
Hyundai,2012,42982.0,Electric,DSG,Hatchback,White,2,0,1.0,2381.4
Hyundai,2014,150117.0,Petrol,Automatic,Hatchback,Gray,2,0,0.0,2187.11
Mazda,2013,182246.0,Diesel,Automatic,Sedan,Orange,1,1,1.0,1274.23
Mitsubishi,2011,54059.0,Petrol,CVT,Hatchback,White,1,0,1.0,1149.42
Ford,2021,30664.0,Hybrid,Manual,Hatchback,Yellow,2,0,1.0,8451.83
Honda,2015,94895.0,Petrol,Automatic,SUV,Orange,2,0,1.0,2753.15
Toyota,2019,83665.0,Petrol,Automatic,Pickup,Gray,1,0,1.0,8030.84
Nissan,2023,5186.0,Diesel,Automatic,Hatchback,Silver,3,0,1.0,15635.06
Jeep,2018,29306.0,Petrol,Manual,SUV,Green,2,0,1.0,13426.64
Honda,2014,115763.0,Diesel,Automatic,SUV,Red,1,1,0.0,1518.25
BMW,2022,27655.0,Hybrid,Automatic,Convertible,Red,1,1,1.0,20403.83
Volkswagen,2018,58144.0,Diesel,CVT,Wagon,Orange,3,0,1.0,7861.73
Kia,2017,16954.0,Diesel,Automatic,SUV,Silver,3,0,1.0,6599.22
Hyundai,2023,11802.0,Electric,CVT,Hatchback,White,2,0,1.0,17697.3
Volkswagen,2010,45852.0,Petrol,Automatic,Hatchback,Blue,1,1,1.0,1573.73
Toyota,2015,74186.0,Hybrid,CVT,Wagon,Silver,2,0,1.0,4074.42
Jeep,2016,64850.0,Petrol,Automatic,Sedan,Black,1,0,1.0,6938.83
BMW,2018,41191.0,Electric,CVT,SUV,Orange,1,0,1.0,17023.78
Honda,2014,37319.0,Petrol,Automatic,Sedan,Brown,4,0,1.0,5216.83
BMW,2012,35917.0,CNG,Manual,Sedan,Orange,3,1,0.0,3188.24
Nissan,2021,21421.0,Diesel,Automatic,SUV,Black,1,0,1.0,20104.41
Ford,2020,63769.0,Petrol,Automatic,Pickup,Red,3,0,1.0,7486.05
Volkswagen,2017,55870.0,Petrol,CVT,Hatchback,Orange,2,0,0.0,6530.96
Hyundai,2021,34377.0,Petrol,Automatic,Wagon,Gray,4,0,1.0,10299.12
Honda,2022,9298.0,Petrol,CVT,Hatchback,Green,2,0,1.0,15984.31
Mazda,2020,40882.0,Diesel,Manual,SUV,Silver,2,1,0.0,5850.36
Honda,2021,24248.0,Diesel,Automatic,Sedan,Yellow,2,0,1.0,9848.66
Audi,2013,37474.0,Electric,DSG,Hatchback,White,1,0,1.0,9097.75
Ford,2014,18430.0,Petrol,CVT,Hatchback,Silver,1,0,0.0,3923.32
BMW,2015,45204.0,Diesel,Manual,Hatchback,Green,2,0,1.0,6750.33
Nissan,2020,15531.0,Diesel,Manual,SUV,Brown,1,1,0.0,7993.65
Honda,2022,7237.0,Diesel,Manual,Hatchback,White,2,0,1.0,19473.74
Lexus,2023,44383.0,Petrol,CVT,Sedan,Gray,1,0,1.0,32109.73
Ford,2010,80188.0,Electric,Automatic,Sedan,Yellow,1,0,1.0,1785.82
Chevrolet,2011,300000.0,Diesel,Manual,SUV,Brown,1,0,1.0,710.55
Hyundai,2023,15849.0,Petrol,Automatic,Wagon,Blue,1,0,0.0,18079.33
Tesla,2018,37347.0,Petrol,CVT,Coupe,Red,1,0,0.0,13682.96
Volkswagen,2015,77539.0,Diesel,DSG,Hatchback,Red,1,0,1.0,6537.67
Hyundai,2021,40148.0,Petrol,Automatic,SUV,Blue,3,0,0.0,9127.54
Toyota,2013,126753.0,Electric,Automatic,Hatchback,Silver,1,0,1.0,2214.93
Toyota,2010,44152.0,Hybrid,Automatic,SUV,Green,2,0,1.0,3325.05
Honda,2020,95838.0,Petrol,CVT,SUV,Black,2,0,1.0,8123.17
BMW,2013,16720.0,Hybrid,CVT,SUV,Blue,1,0,0.0,9131.5
Nissan,2012,71303.0,Diesel,Manual,Hatchback,Yellow,1,0,0.0,2181.56
Toyota,2014,287008.0,Hybrid,Automatic,Hatchback,Black,2,0,0.0,1010.16
Hyundai,2021,24190.0,Diesel,DSG,Coupe,Blue,1,0,1.0,18522.12
Suzuki,2013,167877.0,Diesel,CVT,SUV,Orange,2,0,1.0,915.29
Kia,2017,48884.0,Hybrid,Automatic,SUV,Orange,1,1,1.0,5954.64
Toyota,2013,104361.0,Hybrid,Manual,Hatchback,Red,1,0,1.0,2118.8
Honda,2013,266979.0,Diesel,Automatic,Wagon,Red,3,1,0.0,873.38
Lexus,2010,32173.0,Electric,Manual,SUV,Green,1,0,1.0,7079.65
Toyota,2014,279834.0,CNG,Manual,Sedan,Green,2,0,0.0,1132.06
Mercedes,2013,239993.0,Electric,CVT,Sedan,Green,4,0,1.0,1810.55
BMW,2021,28905.0,Hybrid,Manual,SUV,Green,2,1,0.0,19426.5
Jeep,2011,300000.0,Hybrid,Manual,Sedan,Green,3,0,0.0,523.03
BMW,2017,29900.0,Hybrid,Manual,Hatchback,Gray,1,1,0.0,12984.88
Ford,2017,11660.0,Hybrid,Automatic,Sedan,White,3,0,0.0,6001.5
Honda,2020,92700.0,Petrol,Automatic,Hatchback,Yellow,1,0,1.0,7051.03
Honda,2021,20025.0,Hybrid,Automatic,Coupe,Yellow,1,0,1.0,18927.08
Ford,2012,110456.0,Diesel,CVT,Convertible,Green,1,0,1.0,1574.32
Honda,2021,11004.0,Hybrid,Manual,Sedan,Black,1,0,1.0,12670.36
Toyota,2015,43904.0,Petrol,DSG,Hatchback,Black,2,0,0.0,4907.43
Ford,2018,16106.0,Petrol,Automatic,Sedan,Black,1,0,0.0,10512.06
Mercedes,2014,300000.0,Hybrid,DSG,Sedan,Red,1,0,1.0,1720.41
Hyundai,2022,15289.0,Petrol,Automatic,Wagon,Orange,1,1,1.0,12542.11
Kia,2015,69202.0,Diesel,Automatic,SUV,Black,3,0,0.0,2816.94
Porsche,2017,116943.0,Petrol,Manual,Sedan,Green,1,0,0.0,13496.39
Toyota,2018,27712.0,Petrol,DSG,Sedan,Black,1,0,1.0,13366.71
Subaru,2020,,Petrol,Manual,Sedan,Brown,3,0,1.0,10687.36
Honda,2022,4600.0,Petrol,Manual,Wagon,Yellow,2,0,0.0,16789.13
Hyundai,2019,147052.0,Petrol,Manual,Pickup,Orange,2,0,0.0,4229.39
Mazda,2012,39058.0,Petrol,Automatic,Coupe,Green,2,0,1.0,3272.23
Hyundai,2012,49674.0,Diesel,Manual,Coupe,White,3,0,1.0,2756.7
Nissan,2015,50803.0,Electric,Automatic,Sedan,White,1,1,0.0,3413.79
Mazda,2011,249229.0,Hybrid,Manual,Hatchback,Yellow,1,1,1.0,461.62
Jeep,2011,60464.0,Diesel,Automatic,Sedan,Gray,2,0,1.0,2047.61
Subaru,2011,300000.0,Petrol,DSG,SUV,Gray,2,0,,399.17
Chevrolet,2014,40884.0,Diesel,DSG,Hatchback,Gray,2,0,1.0,4749.97
Suzuki,2023,11148.0,Electric,Manual,SUV,Gray,1,0,1.0,18958.9
Volkswagen,2010,40702.0,Hybrid,CVT,SUV,Gray,2,0,1.0,3247.5
Lexus,2010,84110.0,Hybrid,Automatic,Sedan,Green,1,0,1.0,3143.59
Ford,2017,7465.0,Petrol,CVT,Convertible,Silver,1,0,1.0,5805.71
Hyundai,2023,11936.0,Petrol,Manual,Wagon,Gray,2,0,1.0,21776.74
Honda,2022,14721.0,Diesel,Automatic,Hatchback,Black,1,0,0.0,16245.25
Audi,2017,36546.0,Petrol,CVT,Hatchback,Green,1,0,1.0,11990.94
Ford,2014,70335.0,Petrol,Automatic,Hatchback,Silver,2,0,0.0,1849.01
Ford,2023,,Diesel,Automatic,SUV,Yellow,1,0,1.0,23363.89
Honda,2023,14640.0,Diesel,Automatic,SUV,Orange,3,0,1.0,30655.28
Mercedes,2013,132452.0,Petrol,Automatic,Hatchback,Silver,2,0,1.0,5264.5
Mazda,2012,152210.0,Diesel,Automatic,Pickup,Silver,2,1,1.0,751.89
Kia,2023,8124.0,Petrol,Automatic,Hatchback,Silver,1,0,0.0,18151.53
Audi,2017,71256.0,Petrol,Automatic,Sedan,White,1,0,1.0,10469.1
Nissan,2019,31954.0,CNG,Manual,Sedan,Orange,1,0,1.0,9275.71
Mazda,2022,14751.0,Electric,Automatic,Wagon,Gray,3,0,0.0,17018.45
Volvo,2018,22035.0,Electric,Automatic,Hatchback,Silver,2,0,1.0,16528.74
Ford,2013,55486.0,Diesel,Automatic,Sedan,Black,1,1,1.0,2877.36
BMW,2010,145580.0,Hybrid,Manual,Coupe,Gray,2,0,0.0,2825.55
Toyota,2020,141467.0,Hybrid,DSG,Sedan,Green,1,0,0.0,6639.57
Ford,2019,10518.0,CNG,Manual,Sedan,Blue,1,0,1.0,12925.4
Jeep,2023,5618.0,CNG,Manual,SUV,Silver,1,0,1.0,32634.46
BMW,2010,24824.0,Diesel,DSG,Sedan,Brown,1,0,1.0,6494.2
Toyota,2016,93875.0,Diesel,DSG,Sedan,White,1,0,1.0,6361.5
Toyota,2012,137654.0,Petrol,Automatic,Sedan,Gray,2,0,1.0,1265.15
Toyota,2011,46776.0,Diesel,Automatic,Sedan,Brown,1,0,1.0,2731.78
Lexus,2017,31410.0,Electric,Automatic,Hatchback,Gray,2,0,1.0,10352.33
Lexus,2023,5570.0,Hybrid,CVT,SUV,Brown,1,0,1.0,45461.01
Kia,2014,37256.0,Electric,Automatic,Hatchback,Red,1,0,1.0,3661.31
Volkswagen,2016,8211.0,Hybrid,CVT,Coupe,Silver,1,0,1.0,10323.88
Toyota,2015,100659.0,Petrol,Manual,SUV,Red,1,0,1.0,3108.01
Toyota,2019,15007.0,Petrol,Manual,Sedan,Blue,1,1,0.0,13113.31
Kia,2012,38995.0,Hybrid,Manual,SUV,Gray,2,1,1.0,790.78
Toyota,2010,163298.0,Hybrid,Automatic,Convertible,Green,2,0,0.0,881.76
Chevrolet,2019,69981.0,Petrol,Manual,SUV,Black,2,0,0.0,6091.34
Honda,2014,300000.0,Diesel,DSG,SUV,Gray,1,0,1.0,1011.65
Nissan,2019,63517.0,CNG,DSG,Pickup,Blue,1,0,0.0,5838.91
Mitsubishi,2011,46066.0,Petrol,Manual,Hatchback,Blue,1,0,0.0,1242.94
Toyota,2011,217478.0,Electric,Automatic,SUV,Orange,1,0,1.0,1024.99
Volkswagen,2012,45697.0,Hybrid,CVT,Sedan,Silver,3,0,1.0,3046.77
Ford,2021,35154.0,Diesel,Manual,SUV,Gray,4,0,0.0,11259.86
Honda,2021,6471.0,Petrol,Manual,Hatchback,Red,1,0,1.0,19246.16
Kia,2011,122987.0,Petrol,Automatic,SUV,Blue,3,0,1.0,1317.47
Hyundai,2019,79039.0,Petrol,Manual,SUV,Gray,3,0,1.0,8517.76
Toyota,2010,65771.0,Diesel,Manual,Hatchback,White,1,0,1.0,2063.66
Toyota,2012,148025.0,Hybrid,Automatic,SUV,Gray,1,0,1.0,1863.11
Lexus,2019,70447.0,Diesel,Automatic,Hatchback,Orange,2,0,1.0,6429.96
BMW,2020,97054.0,CNG,Automatic,Pickup,Red,2,0,0.0,11867.66
Volkswagen,2021,3654.0,Petrol,CVT,Coupe,Gray,1,0,1.0,16007.22
Honda,2011,74127.0,Hybrid,CVT,Sedan,Green,1,0,1.0,2679.06
Suzuki,2021,68424.0,Petrol,Automatic,SUV,Yellow,1,0,1.0,10099.6
Kia,2018,39386.0,Petrol,Manual,Sedan,Yellow,4,0,0.0,4679.65
Mercedes,2017,19468.0,Petrol,Manual,Hatchback,White,2,0,0.0,15538.14
Chevrolet,2015,65266.0,Petrol,Automatic,Convertible,Yellow,2,0,1.0,4172.84
Suzuki,2016,220800.0,Hybrid,Automatic,Sedan,Red,4,1,1.0,1178.54
Mitsubishi,2013,138615.0,Diesel,Manual,SUV,Green,2,1,1.0,780.22
Volkswagen,2017,77564.0,Petrol,Automatic,SUV,Orange,4,0,0.0,4136.54
Toyota,2014,123309.0,Petrol,Automatic,SUV,Yellow,2,0,0.0,2536.39
Honda,2020,97481.0,Petrol,Automatic,Hatchback,Brown,1,0,0.0,5926.57
Tesla,2019,41785.0,Diesel,DSG,Hatchback,Yellow,1,0,1.0,28642.51
Volkswagen,2022,16324.0,Electric,Manual,Sedan,Gray,1,0,1.0,23764.47
Honda,2010,100250.0,Petrol,Automatic,SUV,Orange,1,1,1.0,1984.38
Honda,2021,36249.0,Diesel,Manual,Sedan,Gray,1,1,0.0,12559.4
Ford,2018,127540.0,CNG,CVT,Sedan,Orange,1,0,1.0,4456.17
Hyundai,2013,38669.0,CNG,Automatic,Sedan,Yellow,1,0,1.0,3754.16
Mitsubishi,2019,19627.0,Petrol,Automatic,Sedan,Black,4,0,1.0,7762.91
Mercedes,2017,18973.0,Electric,CVT,SUV,Green,2,0,0.0,15749.41
BMW,2010,205470.0,Diesel,CVT,Hatchback,Gray,2,0,0.0,340.54
Hyundai,2022,8744.0,Electric,Manual,SUV,Yellow,2,0,0.0,12501.87
Volvo,2017,33319.0,Petrol,Automatic,Hatchback,Silver,1,1,1.0,8724.48
Volkswagen,2012,300000.0,Hybrid,Automatic,SUV,Gray,1,0,1.0,683.9
Chevrolet,2011,55940.0,Petrol,Manual,Sedan,Green,1,0,0.0,2304.79
Chevrolet,2023,24886.0,Petrol,Manual,Sedan,Yellow,1,1,1.0,19766.24
Nissan,2020,7651.0,CNG,Automatic,Sedan,Silver,1,0,0.0,11992.79
BMW,2017,,Diesel,CVT,SUV,Silver,1,0,0.0,13794.14
Kia,2014,73603.0,Diesel,Manual,Sedan,White,3,0,1.0,2805.68
Toyota,2011,39229.0,Diesel,Automatic,Sedan,Red,2,0,1.0,3147.49
Chevrolet,2021,49350.0,Petrol,Automatic,Sedan,Black,3,0,1.0,12109.78
Hyundai,2015,28370.0,Petrol,CVT,Hatchback,Red,1,0,1.0,3607.33
Lexus,2020,30971.0,Diesel,Manual,Sedan,Green,1,0,1.0,20766.97
Mitsubishi,2011,300000.0,Petrol,Automatic,Pickup,Gray,1,0,1.0,417.53
Honda,2011,68742.0,Petrol,Manual,SUV,Brown,1,0,1.0,2696.53
Audi,2022,4428.0,Petrol,Manual,SUV,Green,1,0,0.0,38792.26
Lexus,2012,94992.0,Petrol,Manual,SUV,Silver,1,0,1.0,4496.47
Kia,2020,7507.0,Electric,Manual,SUV,Yellow,2,0,1.0,9837.57
Volkswagen,2022,4896.0,Petrol,Automatic,Hatchback,Green,3,0,0.0,31994.51
Volkswagen,2018,,Petrol,Manual,Sedan,White,1,0,0.0,10130.21
Mazda,2021,13759.0,Diesel,Manual,Convertible,Black,1,0,1.0,20309.83
Mercedes,2021,,Diesel,Manual,Convertible,Gray,2,1,0.0,31359.78
Ford,2020,93675.0,Hybrid,Manual,Sedan,Silver,1,0,1.0,7457.2
Toyota,2020,34541.0,CNG,CVT,Hatchback,Black,1,0,1.0,13802.23
Mercedes,2016,32178.0,Petrol,Automatic,Sedan,Yellow,1,0,1.0,13916.6
Volvo,2012,214489.0,Petrol,Automatic,Sedan,Yellow,3,0,0.0,1256.48
Volkswagen,2014,65050.0,Hybrid,CVT,Coupe,Silver,4,0,0.0,2715.52
Toyota,2010,,Petrol,Manual,Wagon,Green,2,1,1.0,1493.62
Jeep,2014,43371.0,Hybrid,Automatic,Sedan,Black,1,1,0.0,3632.75
Toyota,2018,158837.0,Diesel,Automatic,Sedan,White,2,0,1.0,2918.25
Suzuki,2022,3779.0,Electric,Automatic,SUV,Silver,1,1,1.0,11360.07
Toyota,2022,53916.0,Hybrid,Automatic,Hatchback,Gray,2,0,1.0,12160.4
Hyundai,2013,81199.0,CNG,Automatic,Convertible,Brown,2,0,1.0,2046.99
Tesla,2020,12243.0,Petrol,CVT,Wagon,Red,2,0,1.0,34965.56
BMW,2023,4989.0,Petrol,Automatic,SUV,Red,2,0,0.0,46744.49
Subaru,2023,12140.0,Petrol,Manual,Convertible,Red,1,1,1.0,15601.6
Nissan,2021,12480.0,Hybrid,CVT,Wagon,Green,1,0,1.0,14730.79
Toyota,2020,63978.0,Petrol,Automatic,Coupe,Yellow,2,0,0.0,9690.51
Subaru,2017,111546.0,Electric,Manual,Hatchback,Brown,2,0,1.0,3787.48
Chevrolet,2017,101256.0,Electric,CVT,Hatchback,Black,4,0,0.0,4741.1
Nissan,2023,3795.0,Diesel,DSG,Pickup,Red,3,0,1.0,23758.21
Volkswagen,2010,73580.0,Petrol,Manual,Coupe,Brown,3,1,1.0,1804.44
Lexus,2023,16520.0,Petrol,Manual,Hatchback,Red,2,0,1.0,45214.82
Hyundai,2023,59782.0,Diesel,Manual,Hatchback,Red,1,0,0.0,15795.07
Mercedes,2016,62864.0,Petrol,CVT,SUV,Orange,1,0,0.0,10490.99
Lexus,2014,29081.0,Diesel,Manual,Coupe,Silver,1,0,0.0,7767.95
Chevrolet,2012,300000.0,Petrol,Automatic,SUV,Brown,1,0,1.0,761.49
Hyundai,2014,109354.0,Petrol,Manual,SUV,Blue,1,0,1.0,1877.18
Ford,2019,31358.0,Petrol,Automatic,SUV,Blue,1,0,0.0,9043.65
Subaru,2017,96340.0,Petrol,CVT,SUV,Blue,1,0,1.0,6343.53
Volkswagen,2016,38265.0,Petrol,CVT,Hatchback,Orange,1,0,1.0,4158.39
Toyota,2014,89192.0,Petrol,CVT,Wagon,Yellow,1,1,1.0,3111.95
Hyundai,2011,124218.0,Petrol,CVT,SUV,Yellow,2,1,1.0,1323.21
Suzuki,2021,11013.0,Petrol,Manual,Coupe,White,4,0,1.0,10685.96
Mercedes,2015,22084.0,Petrol,CVT,Hatchback,Black,1,0,1.0,12732.57
Mazda,2020,41643.0,Diesel,Manual,Sedan,Silver,1,0,1.0,9457.89
Ford,2023,8815.0,Petrol,Automatic,Wagon,Yellow,4,0,1.0,17463.09
Porsche,2015,25239.0,Diesel,Automatic,Hatchback,Red,1,0,1.0,8071.54
Ford,2013,118821.0,Petrol,Automatic,Hatchback,Gray,1,1,1.0,1291.51
Honda,2021,11995.0,Hybrid,Manual,Hatchback,Yellow,2,0,0.0,16671.3
Nissan,2022,10922.0,Petrol,Automatic,SUV,Black,2,0,1.0,19645.01
Volkswagen,2012,30522.0,Diesel,Automatic,SUV,Black,2,0,,5001.88
Honda,2019,70181.0,CNG,Automatic,Hatchback,Yellow,2,0,1.0,6186.73
Mercedes,2015,49730.0,Diesel,Manual,SUV,Red,3,0,1.0,9881.44
Kia,2010,219126.0,Electric,Automatic,Convertible,Blue,3,1,0.0,412.77
Subaru,2018,12462.0,Diesel,Manual,SUV,Black,2,0,0.0,8597.64
Ford,2014,97060.0,Petrol,Automatic,Pickup,Silver,1,0,0.0,3428.84
Mazda,2023,7224.0,Diesel,Automatic,Sedan,Black,1,0,1.0,24607.54
Kia,2023,22274.0,Petrol,DSG,Wagon,White,1,0,1.0,19885.23
Mercedes,2016,26041.0,Petrol,DSG,SUV,Yellow,2,0,1.0,13958.11
Toyota,2022,41717.0,Diesel,Automatic,Coupe,Silver,1,0,1.0,16478.88
Chevrolet,2019,19489.0,Petrol,CVT,SUV,Brown,1,0,1.0,14677.74
Mitsubishi,2017,22245.0,Petrol,Automatic,Sedan,Blue,1,0,1.0,6032.06
Kia,2010,169859.0,Petrol,Manual,Sedan,Orange,1,0,1.0,735.55
Tesla,2020,33433.0,Petrol,Manual,SUV,Gray,1,0,1.0,19336.18
Toyota,2018,40278.0,Diesel,Automatic,Coupe,Yellow,1,0,1.0,7555.78
Honda,2011,28901.0,CNG,CVT,Convertible,White,1,0,0.0,1963.23
Lexus,2023,5339.0,Petrol,Manual,SUV,Black,1,0,1.0,51895.12
Kia,2020,5943.0,Hybrid,DSG,Hatchback,Yellow,1,0,1.0,14259.47
Ford,2016,68858.0,Hybrid,Automatic,SUV,Yellow,1,0,0.0,6208.01
Volkswagen,2019,101061.0,Hybrid,Manual,Pickup,Brown,1,0,1.0,6759.72
Volkswagen,2022,1011.0,Petrol,Automatic,SUV,Brown,1,0,1.0,22977.08
Nissan,2017,23617.0,Diesel,CVT,Hatchback,Yellow,3,0,1.0,5404.82
BMW,2010,75958.0,Petrol,Manual,Pickup,White,1,0,1.0,3576.95
BMW,2019,151640.0,Electric,Manual,Sedan,Blue,2,0,1.0,9587.52
Mazda,2011,122286.0,Diesel,Automatic,Sedan,Red,2,0,1.0,1439.05
Jeep,2020,1781.0,Hybrid,Manual,Sedan,Gray,1,1,0.0,15078.0
Nissan,2012,89616.0,Petrol,DSG,SUV,Yellow,2,0,0.0,1837.18
Hyundai,2012,32908.0,Diesel,Manual,Convertible,Yellow,2,0,1.0,2911.6
Jeep,2018,74397.0,CNG,DSG,SUV,Green,3,0,1.0,6061.57
BMW,2021,22356.0,Diesel,Manual,Hatchback,Black,3,0,1.0,28326.47
Ford,2022,,Petrol,DSG,Sedan,Silver,1,0,1.0,13799.06
Honda,2013,168120.0,Diesel,DSG,Sedan,Brown,3,1,1.0,1055.4
Audi,2012,104532.0,Petrol,DSG,SUV,Gray,2,0,1.0,4230.29
Volvo,2011,132553.0,Diesel,Automatic,Coupe,White,1,1,1.0,2269.01
Suzuki,2015,37469.0,CNG,CVT,Hatchback,Green,1,0,0.0,3868.01
Mercedes,2015,65963.0,Petrol,Automatic,SUV,Brown,1,0,1.0,8422.16
Toyota,2022,6572.0,Hybrid,Manual,Coupe,Red,1,0,1.0,26932.91
Ford,2019,34936.0,Hybrid,Manual,SUV,Gray,1,0,1.0,9789.29
Honda,2014,101205.0,Hybrid,Manual,Sedan,Red,1,0,1.0,2560.91
Volvo,2022,22381.0,Petrol,Automatic,SUV,Blue,1,0,0.0,28766.83
Toyota,2018,43245.0,Electric,Manual,Pickup,Silver,3,0,1.0,7168.68
Mazda,2016,73560.0,Electric,Automatic,SUV,Gray,2,0,1.0,3537.89
Audi,2022,20369.0,Hybrid,Automatic,Sedan,Green,1,0,0.0,26555.0
Toyota,2017,134083.0,Diesel,Manual,Convertible,Green,1,1,0.0,3006.33
Hyundai,2017,49469.0,Diesel,Manual,SUV,Orange,2,1,1.0,3784.12
Hyundai,2019,22143.0,Petrol,CVT,SUV,Brown,1,0,1.0,3503.64
Subaru,2012,46172.0,CNG,Manual,SUV,Red,2,0,1.0,3397.75
Hyundai,2017,52415.0,Hybrid,Manual,SUV,Yellow,2,1,1.0,3424.27
Ford,2013,57654.0,Petrol,Automatic,Hatchback,Blue,1,0,0.0,2421.27
Chevrolet,2011,41710.0,Petrol,CVT,SUV,Gray,1,0,1.0,2351.56
Toyota,2012,113809.0,Hybrid,Manual,Pickup,Red,2,1,0.0,1060.03
Hyundai,2021,26516.0,Petrol,Automatic,Hatchback,Green,1,0,1.0,9463.42
Subaru,2011,90508.0,Diesel,Manual,Coupe,Blue,1,1,0.0,1490.34
Toyota,2018,61640.0,Diesel,Automatic,Sedan,Gray,1,0,1.0,6386.48
Toyota,2016,,Electric,Manual,Hatchback,Yellow,1,0,0.0,7798.62
BMW,2011,92820.0,Diesel,Automatic,Sedan,Silver,4,0,1.0,3566.97
Honda,2015,134894.0,Hybrid,Manual,Sedan,Silver,1,1,1.0,800.97
Toyota,2010,213353.0,Petrol,Automatic,Hatchback,Silver,1,0,1.0,530.68
Lexus,2013,61097.0,Electric,Automatic,Coupe,Blue,2,0,0.0,4870.72
Mazda,2018,18191.0,Hybrid,Automatic,Sedan,Brown,3,0,0.0,7756.27
Ford,2022,9783.0,Petrol,CVT,SUV,Gray,2,0,1.0,22234.79
Lexus,2016,23340.0,Diesel,Automatic,Sedan,Blue,1,0,1.0,12131.11
Hyundai,2014,94431.0,Petrol,Manual,Sedan,Yellow,2,0,0.0,3060.72
Hyundai,2014,88644.0,Electric,Automatic,SUV,Black,1,0,0.0,3069.93
Mercedes,2023,9873.0,Hybrid,Automatic,Hatchback,White,3,0,1.0,30592.57
Hyundai,2011,74720.0,Hybrid,Manual,SUV,Yellow,1,0,1.0,2633.62
Honda,2022,8187.0,Diesel,Automatic,Wagon,Red,3,0,1.0,20283.11
Hyundai,2020,15748.0,Diesel,Automatic,SUV,Black,1,0,0.0,11123.17
Mercedes,2011,124440.0,Hybrid,Automatic,Hatchback,Black,1,1,0.0,2714.8
Lexus,2019,42281.0,Diesel,Automatic,SUV,Orange,1,0,1.0,21158.37
Honda,2014,50370.0,CNG,Automatic,Hatchback,Silver,2,1,1.0,3801.4
Ford,2023,10559.0,Petrol,Automatic,SUV,Gray,2,0,1.0,21175.71
Toyota,2019,19808.0,Petrol,CVT,Sedan,Red,1,0,1.0,9910.98
Toyota,2016,300000.0,Petrol,Automatic,Hatchback,White,2,0,1.0,1385.77
Lexus,2013,270356.0,Petrol,CVT,Coupe,Black,1,0,1.0,2135.02
Chevrolet,2010,300000.0,Diesel,CVT,Sedan,Red,2,0,1.0,534.39
Hyundai,2013,70796.0,Petrol,CVT,Sedan,Silver,2,0,1.0,3336.79
Hyundai,2013,60876.0,Hybrid,Automatic,Coupe,Yellow,1,0,1.0,3732.29
Toyota,2018,44845.0,Hybrid,Automatic,SUV,White,1,0,1.0,6573.14
Volkswagen,2019,155256.0,CNG,Manual,Hatchback,Green,4,0,0.0,6566.17
Volkswagen,2014,222813.0,Diesel,Automatic,Hatchback,Gray,2,0,1.0,1483.23
Toyota,2010,185864.0,CNG,DSG,Wagon,Yellow,1,0,0.0,848.88
Nissan,2021,73669.0,Hybrid,CVT,Hatchback,Yellow,1,0,,7929.7
Kia,2022,7173.0,Petrol,DSG,SUV,Silver,2,0,0.0,15385.36
BMW,2020,15952.0,Diesel,Automatic,SUV,Yellow,2,0,1.0,30358.8
Honda,2016,275754.0,CNG,Manual,Coupe,Gray,2,0,1.0,1103.91
Suzuki,2013,123020.0,Diesel,Automatic,Sedan,Blue,1,0,0.0,1753.68
Suzuki,2013,97355.0,Petrol,Automatic,Sedan,Yellow,2,0,0.0,1924.16
BMW,2016,60044.0,Diesel,Manual,Pickup,Red,1,0,0.0,13564.99
Kia,2022,24606.0,Electric,Automatic,Hatchback,White,1,1,1.0,13569.66
Honda,2013,53731.0,Hybrid,Automatic,Hatchback,Black,1,0,1.0,3167.12
Jeep,2012,49848.0,Diesel,Automatic,Sedan,Green,1,0,0.0,2642.75
Kia,2022,9403.0,Electric,Manual,SUV,Silver,2,0,1.0,16047.28
Volkswagen,2012,19850.0,Electric,Automatic,Hatchback,Blue,1,0,0.0,4722.32
Hyundai,2017,55756.0,Diesel,Automatic,SUV,Brown,1,1,0.0,5164.85
Audi,2021,14543.0,Diesel,DSG,SUV,Brown,1,0,1.0,32124.08
Volvo,2021,20267.0,Diesel,Manual,SUV,Brown,3,0,1.0,26458.75
Toyota,2011,7573.0,Petrol,DSG,Sedan,Yellow,1,0,1.0,3353.69
Hyundai,2022,6139.0,Diesel,CVT,Pickup,Brown,3,0,1.0,13835.07
Toyota,2016,136540.0,Diesel,Manual,Hatchback,Blue,1,0,1.0,2833.66
BMW,2022,24722.0,Petrol,Automatic,Hatchback,Red,1,0,1.0,27063.74
Honda,2014,122805.0,CNG,Automatic,Coupe,Yellow,1,0,1.0,2008.97
Honda,2012,52431.0,Petrol,Manual,SUV,Brown,2,0,1.0,2239.28
Mazda,2016,23764.0,Petrol,Manual,SUV,Orange,2,0,1.0,5351.67
Audi,2022,13709.0,CNG,Automatic,SUV,Brown,2,0,0.0,35359.76
Mercedes,2019,56845.0,Hybrid,Automatic,Hatchback,Silver,1,0,1.0,19558.01
Subaru,2018,300000.0,CNG,Manual,Convertible,Black,2,1,0.0,1673.31
Mazda,2019,31302.0,Diesel,Manual,SUV,Gray,2,0,1.0,7208.52
Audi,2016,235124.0,Diesel,DSG,SUV,Brown,3,0,0.0,2090.2
Mercedes,2014,89107.0,Petrol,Manual,Hatchback,White,1,0,1.0,7463.57
Suzuki,2010,127084.0,Hybrid,Manual,Hatchback,Brown,1,1,1.0,1069.32
Volkswagen,2019,40512.0,Hybrid,Manual,Pickup,Blue,1,0,0.0,12237.23
Honda,2013,27365.0,Petrol,Manual,Sedan,Silver,2,0,0.0,2772.74
BMW,2018,35842.0,Hybrid,DSG,Sedan,Blue,1,0,0.0,12094.08
Ford,2019,300000.0,Electric,Manual,SUV,Blue,1,0,0.0,1394.93
Honda,2022,,Electric,Automatic,SUV,Orange,2,0,0.0,24907.68
Toyota,2020,23493.0,Petrol,Manual,Sedan,Green,2,0,0.0,7939.85
Mercedes,2016,130108.0,Petrol,Automatic,Wagon,Yellow,2,0,1.0,4324.61
Ford,2010,87121.0,Diesel,Automatic,Sedan,Brown,3,0,1.0,1617.1
Jeep,2010,300000.0,Petrol,DSG,Hatchback,Gray,2,1,1.0,408.67
Toyota,2014,43334.0,Petrol,Automatic,Pickup,Red,1,0,1.0,3666.37
Ford,2010,300000.0,Electric,Automatic,SUV,Yellow,1,1,1.0,294.95
Audi,2010,158423.0,Petrol,Manual,Convertible,Red,3,0,1.0,2220.83
BMW,2012,178588.0,Hybrid,Automatic,SUV,Brown,2,0,1.0,2727.28
Kia,2018,29384.0,Petrol,Automatic,Pickup,Silver,2,0,1.0,8741.7
Hyundai,2013,42018.0,Diesel,Manual,SUV,White,2,0,1.0,2750.01
Kia,2014,18372.0,Petrol,DSG,Wagon,Yellow,1,0,0.0,4614.26
Mercedes,2014,135693.0,Diesel,Manual,Wagon,Red,3,0,0.0,2852.03
Ford,2023,11032.0,Diesel,Automatic,Sedan,Brown,1,0,1.0,25317.33
Ford,2012,84282.0,Petrol,Manual,Sedan,Orange,4,0,0.0,1843.58
Toyota,2017,803.7284603623851,CNG,Manual,Coupe,Black,3,0,1.0,27232.50810898861
Honda,2022,4655.0,CNG,Automatic,Hatchback,Black,2,1,1.0,16119.96
BMW,2019,45662.0,Petrol,CVT,Hatchback,Blue,1,0,1.0,15287.52
Ford,2016,32588.0,Electric,Automatic,SUV,Orange,1,1,1.0,4673.23
Hyundai,2016,54518.0,Diesel,CVT,Convertible,Yellow,4,0,1.0,4537.8
Kia,2012,243508.0,Diesel,Automatic,Wagon,Red,1,1,1.0,426.03
Ford,2021,11474.0,Petrol,CVT,SUV,Silver,3,0,1.0,13339.68
Nissan,2019,34161.0,Petrol,CVT,Sedan,Brown,1,0,0.0,9434.56
Mercedes,2012,97837.0,Hybrid,Automatic,SUV,Black,2,0,1.0,3251.01
Nissan,2022,1611.4339860408413,Hybrid,Automatic,SUV,Blue,1,0,1.0,84480.69328446712
Volkswagen,2015,16052.0,Electric,Automatic,Sedan,White,2,0,0.0,6276.78
Toyota,2021,10205.0,Petrol,DSG,Wagon,Brown,3,0,0.0,12549.05
Mazda,2021,10579.0,CNG,Automatic,Pickup,Black,1,0,1.0,13298.91
Kia,2017,105196.0,CNG,CVT,Pickup,Black,1,0,1.0,3334.27
Mazda,2023,2751.0,Electric,Manual,Sedan,Silver,2,0,0.0,20469.6
Ford,2017,43964.0,Hybrid,Manual,SUV,White,2,0,1.0,8606.98
Volkswagen,2010,54562.0,CNG,Manual,SUV,Orange,1,1,1.0,2385.96
Kia,2013,87260.0,Hybrid,Automatic,Sedan,Green,1,0,0.0,1196.97
Kia,2013,43840.0,Diesel,CVT,Hatchback,Red,2,1,1.0,2648.7
Mazda,2023,16028.0,Hybrid,Automatic,Hatchback,Brown,1,0,0.0,24415.01
Volkswagen,2015,68875.0,Electric,DSG,Sedan,Brown,2,0,1.0,4519.47
Toyota,2022,29357.0,Diesel,Automatic,SUV,Brown,1,1,0.0,16466.14
Kia,2021,14883.0,CNG,DSG,Sedan,Brown,2,1,1.0,9547.77
Suzuki,2021,17547.0,Diesel,Automatic,SUV,Black,2,1,0.0,8223.12
Toyota,2015,61748.0,Electric,Automatic,SUV,Red,1,0,1.0,4310.01
BMW,2022,3606.0,Electric,Automatic,Sedan,Gray,2,0,1.0,35803.49
Jeep,2022,12713.0,Petrol,DSG,Hatchback,Blue,1,0,0.0,30454.9
Audi,2011,56645.0,Diesel,CVT,Sedan,Yellow,2,0,1.0,3211.59
Kia,2015,45358.0,Diesel,Manual,Sedan,Silver,3,0,1.0,4247.03
Honda,2018,28760.0,Petrol,Manual,SUV,Brown,1,0,1.0,7841.34
Honda,2020,89344.0,Hybrid,Automatic,Hatchback,Black,2,0,1.0,5045.43
Nissan,2023,7153.0,Diesel,Manual,Wagon,Black,1,1,1.0,19398.93
Mitsubishi,2012,112751.0,CNG,Manual,Coupe,Gray,1,0,1.0,959.73
Chevrolet,2014,149352.0,Electric,Automatic,Hatchback,Brown,2,0,0.0,2293.67
Volkswagen,2022,9665.0,Electric,Automatic,Wagon,Black,2,0,1.0,27842.61
BMW,2017,26977.0,Petrol,Manual,Sedan,Green,2,0,0.0,13189.83
Audi,2019,55943.0,Petrol,Manual,Coupe,Black,2,0,0.0,17042.78
Mercedes,2013,68035.0,Hybrid,Automatic,Sedan,Brown,2,0,1.0,6899.06
Toyota,2012,229516.0,Diesel,Manual,Sedan,Gray,1,0,1.0,931.3
Mazda,2018,72623.0,Electric,Automatic,Sedan,Silver,4,0,0.0,5777.27
Subaru,2020,23308.0,Petrol,Automatic,Sedan,Yellow,2,0,0.0,9857.67
Honda,2013,65868.0,Petrol,Manual,Coupe,Green,4,0,1.0,2418.34
Lexus,2016,543.9193156373634,Petrol,Manual,SUV,Orange,1,0,1.0,39685.90957473501
Hyundai,2021,51384.0,CNG,Manual,Wagon,Red,1,0,1.0,12093.95
Nissan,2014,27218.0,Petrol,Manual,Hatchback,Red,1,0,1.0,5610.46
Volkswagen,2018,24156.0,Diesel,Automatic,SUV,Green,3,0,0.0,9485.45
Toyota,2017,25356.0,Electric,CVT,Pickup,Green,1,0,1.0,7501.64
Volkswagen,2014,41430.0,Diesel,CVT,Convertible,Yellow,1,0,,5644.84
Volkswagen,2016,98332.0,Diesel,Manual,Hatchback,Yellow,1,0,1.0,5298.88
Ford,2021,41032.0,Diesel,Manual,Sedan,Red,1,0,0.0,13422.65
Volvo,2015,91174.0,Petrol,Automatic,Coupe,Blue,4,0,1.0,6078.44
Audi,2011,70710.0,Diesel,CVT,Sedan,Yellow,1,0,0.0,4452.96
Mazda,2011,269627.0,Petrol,Automatic,SUV,Silver,1,0,0.0,451.11
Honda,2010,71415.0,Petrol,Automatic,SUV,Black,1,0,0.0,1815.53
Suzuki,2018,28076.0,Petrol,Automatic,Sedan,White,2,0,1.0,4711.48
Tesla,2013,36885.0,CNG,Automatic,Wagon,Silver,1,1,1.0,9938.82
Toyota,2016,,Diesel,Manual,SUV,Silver,2,0,0.0,7346.84
Honda,2022,12007.0,Diesel,DSG,Sedan,Brown,2,0,0.0,16534.7
BMW,2017,260254.0,Hybrid,Automatic,Sedan,Gray,2,0,1.0,3761.83
Audi,2019,29341.0,CNG,Automatic,SUV,Silver,3,1,1.0,13235.21
Audi,2015,77157.0,Diesel,Manual,Hatchback,Brown,1,0,1.0,6026.65
Honda,2010,23865.0,Hybrid,Automatic,Pickup,Silver,1,0,1.0,2182.58
Volkswagen,2020,48987.0,Petrol,Manual,SUV,Red,2,0,0.0,9801.61
Toyota,2015,90767.0,Hybrid,Manual,Convertible,Blue,2,0,0.0,3037.48
Toyota,2015,9752.0,Electric,DSG,Sedan,Silver,1,0,1.0,5654.94
Volvo,2019,58683.0,Electric,Automatic,Coupe,Brown,1,0,1.0,16207.54
Volkswagen,2017,108445.0,Diesel,DSG,SUV,Black,1,0,1.0,3792.15
Jeep,2011,300000.0,Diesel,Manual,Convertible,Brown,1,0,0.0,486.94
Honda,2017,12388.0,Hybrid,Automatic,Hatchback,Yellow,3,0,1.0,9716.44
Mercedes,2016,40209.0,Electric,Manual,Pickup,Green,1,0,1.0,16438.81
Mercedes,2014,39299.0,Petrol,Automatic,Hatchback,Gray,1,0,1.0,11313.67
BMW,2015,142108.0,Hybrid,DSG,Hatchback,Blue,1,0,1.0,6077.83
Mazda,2013,25296.0,Petrol,CVT,Sedan,Brown,1,0,1.0,3128.91
Mazda,2015,46043.0,Diesel,Manual,Sedan,Blue,1,0,1.0,3271.62
Nissan,2022,,Petrol,Automatic,Sedan,Gray,1,1,0.0,6174.19
Ford,2016,23559.0,Electric,Automatic,Hatchback,Black,1,0,0.0,7486.41
Hyundai,2019,40864.0,Petrol,Automatic,Pickup,Red,2,0,1.0,7503.42
BMW,2015,86167.0,Electric,DSG,SUV,Red,3,0,1.0,7321.41
Chevrolet,2022,14411.0,Electric,Manual,SUV,Orange,1,0,1.0,17156.44
Hyundai,2010,23598.0,Electric,Manual,SUV,Blue,2,0,1.0,2055.15
Toyota,2012,43510.0,Petrol,CVT,Sedan,Orange,2,0,0.0,3152.31
BMW,2020,18461.0,Electric,DSG,Hatchback,Red,1,1,0.0,17081.41
Honda,2010,73891.0,CNG,Manual,Hatchback,Black,3,0,1.0,1775.44
Hyundai,2012,300000.0,Electric,Automatic,Wagon,Red,1,0,1.0,409.12
Mazda,2010,198371.0,Diesel,Automatic,Hatchback,Blue,1,0,0.0,992.89
Toyota,2021,3979.0,Hybrid,Manual,Pickup,Orange,2,1,,9840.44
Ford,2015,62007.0,Petrol,Automatic,Hatchback,Blue,1,0,1.0,3290.29
Mitsubishi,2016,24904.0,Petrol,Manual,SUV,Blue,1,0,1.0,4982.88
Mercedes,2016,10549.0,Hybrid,DSG,Pickup,Red,1,0,1.0,25132.91
Ford,2017,79450.0,Diesel,Manual,Sedan,Blue,1,0,1.0,5667.78
Toyota,2017,160977.0,Petrol,Manual,Sedan,Silver,1,0,1.0,3460.11
BMW,2022,9817.0,Hybrid,Automatic,Coupe,Silver,1,1,1.0,27972.16
Honda,2015,41638.0,CNG,DSG,Coupe,White,3,0,1.0,4733.4
Volkswagen,2018,45126.0,Hybrid,Manual,Hatchback,Brown,3,0,1.0,9909.52
Kia,2016,91282.0,Diesel,Automatic,Sedan,Silver,4,0,0.0,3000.45
Audi,2020,51707.0,Petrol,Automatic,Pickup,Silver,2,0,0.0,19254.95
Ford,2010,,Petrol,Automatic,Hatchback,Orange,2,0,1.0,1700.99
Subaru,2010,55868.0,Petrol,Manual,SUV,Silver,1,0,0.0,2236.93
Honda,2016,198046.0,Electric,Manual,Wagon,Black,1,0,1.0,2207.54
Audi,2016,39109.0,Diesel,Automatic,Pickup,Brown,2,0,1.0,9944.13
Honda,2021,76062.0,Electric,Manual,SUV,Red,1,0,1.0,12192.98
Toyota,2015,133550.0,Petrol,Manual,Sedan,Black,2,0,,2907.34
Mercedes,2016,15132.0,Petrol,Manual,Sedan,Red,1,0,1.0,11424.76
Hyundai,2016,52500.0,Diesel,Automatic,Hatchback,Brown,2,0,1.0,5584.67
Audi,2019,10563.0,Diesel,Manual,Pickup,Green,2,1,1.0,18090.73
Toyota,2013,67564.0,Diesel,Manual,SUV,Gray,2,0,1.0,2993.54
Honda,2022,14861.0,Electric,Manual,Coupe,Gray,1,0,1.0,24171.33
Mitsubishi,2016,230317.0,Hybrid,Manual,Hatchback,Silver,1,0,1.0,1690.12
Ford,2013,173228.0,Petrol,Manual,Hatchback,Yellow,1,0,1.0,1666.12
Nissan,2019,35640.0,Petrol,Automatic,Pickup,Silver,1,0,1.0,7646.44
Hyundai,2013,85904.0,Petrol,DSG,SUV,White,1,0,1.0,1586.06
Toyota,2015,38320.0,Electric,Automatic,Pickup,Orange,1,0,1.0,5876.0
Hyundai,2019,45029.0,Petrol,Automatic,Pickup,Green,1,0,1.0,5456.73
Nissan,2012,68008.0,Diesel,Automatic,Wagon,Brown,2,0,0.0,2023.41
Hyundai,2020,25358.0,Electric,Manual,Hatchback,Silver,1,0,0.0,10002.31
Hyundai,2012,103984.0,Petrol,Manual,SUV,Red,1,1,1.0,1527.59
Toyota,2012,59389.0,Diesel,CVT,Sedan,Blue,2,0,0.0,2204.39
Toyota,2016,36798.0,Diesel,CVT,SUV,Yellow,2,0,1.0,6404.39
Tesla,2020,30950.0,Diesel,Automatic,SUV,Gray,1,0,1.0,29561.63
Lexus,2016,127667.0,Petrol,Manual,Hatchback,Orange,1,1,0.0,5277.24
Suzuki,2017,27559.0,Diesel,CVT,Hatchback,Orange,3,0,1.0,4926.48
Honda,2019,22230.0,Electric,Automatic,Wagon,Red,1,0,0.0,10383.47
Honda,2013,43732.0,Diesel,Automatic,SUV,Silver,1,1,0.0,2949.98
BMW,2019,33331.0,Hybrid,Automatic,Hatchback,Silver,4,0,1.0,13289.71
BMW,2016,114073.0,Petrol,CVT,Sedan,Gray,1,0,1.0,9324.46
Mazda,2020,25666.0,Petrol,Automatic,SUV,Brown,1,0,1.0,17446.72
Mercedes,2023,2320.0,Diesel,Manual,Sedan,Red,3,0,1.0,59733.43
Honda,2022,7295.0,Electric,CVT,SUV,Black,2,0,0.0,19025.98
Kia,2021,40779.0,Diesel,Manual,Wagon,Blue,4,0,1.0,7721.24
Toyota,2014,48110.0,Petrol,Automatic,Hatchback,Red,3,0,0.0,4569.64
Ford,2019,74551.0,Hybrid,CVT,Sedan,Green,1,0,1.0,8426.81
Toyota,2018,119439.0,Hybrid,Automatic,Wagon,Brown,2,0,1.0,5590.74
Audi,2023,16142.0,Petrol,Manual,Sedan,Red,1,1,0.0,32926.29
Ford,2016,73744.0,CNG,Automatic,Hatchback,Yellow,1,0,0.0,4300.41
Volkswagen,2012,232872.0,Diesel,Manual,Sedan,White,1,0,1.0,793.02
Honda,2012,56873.0,Diesel,DSG,Wagon,Orange,2,0,0.0,2703.97
Toyota,2019,125899.0,Electric,Automatic,SUV,Orange,1,1,1.0,3490.63
Ford,2015,97255.0,Hybrid,Automatic,Convertible,Orange,1,0,1.0,3181.45
Volkswagen,2011,120980.0,Diesel,CVT,Pickup,Green,1,0,0.0,2300.38
Kia,2018,55259.0,Electric,DSG,Sedan,Black,2,0,1.0,3904.5
Hyundai,2012,26200.0,CNG,CVT,Wagon,Green,1,0,1.0,2726.62
Tesla,2011,127938.0,Petrol,Automatic,Hatchback,Green,1,0,1.0,2393.87
Honda,2011,188967.0,Diesel,DSG,Pickup,Gray,2,0,0.0,846.08
Mazda,2017,132788.0,Diesel,CVT,SUV,Black,3,0,0.0,2934.54
Mercedes,2022,8451.0,Diesel,CVT,SUV,Orange,1,0,1.0,26935.16
Ford,2021,19149.0,Hybrid,Automatic,Hatchback,Green,1,0,1.0,14036.34
Mazda,2013,62189.0,Electric,CVT,SUV,Black,1,0,0.0,4080.24
Ford,2018,16276.0,Petrol,Automatic,Sedan,White,1,1,0.0,5729.76
Audi,2012,,Petrol,Manual,Hatchback,Orange,2,0,1.0,5554.97
Honda,2011,85033.0,Hybrid,Manual,SUV,Red,2,0,0.0,1151.01
Suzuki,2022,28721.0,Hybrid,Manual,Hatchback,Red,1,0,1.0,16214.42
Porsche,2016,36647.0,Hybrid,Automatic,SUV,Green,1,1,1.0,15761.59
Subaru,2019,,Petrol,Automatic,Sedan,Green,2,0,1.0,12014.56
Tesla,2016,28782.0,Hybrid,Automatic,Coupe,Brown,1,0,0.0,14961.45
Ford,2010,98612.0,CNG,DSG,Hatchback,Black,1,0,0.0,1678.39
Audi,2016,59751.0,CNG,Automatic,SUV,Orange,1,0,1.0,9718.9
Suzuki,2013,85768.0,Petrol,Manual,Hatchback,Orange,1,0,1.0,1427.91
Honda,2010,300000.0,Petrol,Automatic,SUV,Silver,2,0,0.0,342.48
Mazda,2020,140147.0,Diesel,Automatic,Hatchback,Yellow,1,0,1.0,4265.57
Mazda,2012,1366.5635574652474,Petrol,DSG,Sedan,Red,3,0,1.0,7122.0987178738205
Lexus,2023,21305.0,Diesel,Manual,SUV,Green,2,0,0.0,44261.46
Kia,2013,182635.0,Petrol,Manual,Pickup,Blue,1,0,1.0,1011.59
BMW,2013,110430.0,Petrol,Manual,Convertible,Yellow,1,0,1.0,4277.34
BMW,2013,82732.0,Petrol,Manual,Coupe,Green,1,0,0.0,4650.31
Volkswagen,2018,38652.0,Electric,Automatic,Coupe,Gray,1,0,0.0,8224.7
Volkswagen,2023,3541.0,Petrol,CVT,Sedan,Yellow,2,0,1.0,25574.29
Toyota,2012,70276.0,Diesel,Manual,Sedan,Black,1,0,1.0,1995.96
Audi,2018,12141.0,Petrol,Manual,Sedan,Silver,1,0,1.0,24702.37
Nissan,2015,67615.0,Diesel,Automatic,Sedan,Black,1,0,1.0,4692.91
Audi,2023,10649.0,CNG,Manual,Wagon,Gray,1,1,1.0,50410.1
Mercedes,2010,300000.0,Diesel,Automatic,Wagon,Blue,2,0,0.0,807.61
Honda,2021,23665.0,Diesel,Automatic,SUV,Red,1,0,1.0,11840.96
Nissan,2014,58472.0,Petrol,Automatic,SUV,Blue,1,0,0.0,4773.72
Honda,2010,55332.0,Electric,Automatic,Hatchback,Blue,2,0,1.0,2292.8
Hyundai,2012,139408.0,Petrol,Automatic,SUV,Gray,2,0,1.0,1457.82
Mazda,2011,77252.0,Hybrid,DSG,Hatchback,Red,2,0,0.0,1692.61
Volkswagen,2017,28782.0,CNG,Manual,Wagon,Green,1,0,0.0,11154.39
Lexus,2021,11927.0,Electric,Automatic,Sedan,Red,4,0,1.0,21776.3
BMW,2022,5928.0,Petrol,Automatic,Convertible,Silver,2,0,1.0,23957.35
Jeep,2022,51658.0,Petrol,Manual,Hatchback,Orange,3,0,1.0,12007.77
Jeep,2015,46231.0,Diesel,Manual,Coupe,Yellow,1,0,1.0,7861.06
Chevrolet,2014,164468.0,Petrol,Manual,Sedan,Gray,1,0,0.0,2676.25
Hyundai,2015,53153.0,Diesel,Manual,SUV,Yellow,2,1,1.0,2634.55
Kia,2014,133760.0,Petrol,DSG,Hatchback,Brown,1,0,1.0,1993.95
Jeep,2014,27783.0,Petrol,Automatic,Wagon,Green,2,0,1.0,5994.54
Lexus,2016,29934.0,Petrol,Automatic,SUV,Brown,1,0,1.0,15790.28
Toyota,2021,42823.0,Petrol,Manual,SUV,Red,1,0,1.0,17103.11
Mercedes,2019,13525.0,Diesel,Manual,SUV,Red,3,0,1.0,26158.73
Hyundai,2022,5636.0,Hybrid,CVT,Coupe,Black,2,0,0.0,15470.47
Mercedes,2011,82221.0,Petrol,Automatic,Hatchback,Black,1,0,0.0,4620.47
Volvo,2013,46657.0,Petrol,Manual,Coupe,White,2,0,0.0,6940.94
Hyundai,2020,44831.0,Hybrid,Manual,SUV,Blue,2,1,0.0,5506.14
Ford,2018,29834.0,Hybrid,Automatic,Sedan,Brown,2,0,1.0,10300.96
Mazda,2017,90187.0,Diesel,CVT,SUV,Green,1,1,0.0,4013.09
BMW,2018,44726.0,Petrol,Automatic,SUV,Blue,1,0,1.0,13917.59
Toyota,2017,5093.0,Hybrid,Automatic,Wagon,Brown,2,0,1.0,5876.28
Kia,2014,40093.0,Electric,Automatic,Coupe,Brown,1,0,1.0,2895.87
Mazda,2021,58423.0,Hybrid,DSG,SUV,Black,1,0,1.0,8630.46
BMW,2013,105565.0,Petrol,Manual,Convertible,Red,1,0,1.0,4807.45
Kia,2013,179421.0,Petrol,Automatic,Pickup,Orange,1,1,1.0,1407.23
Kia,2010,132364.0,Petrol,Manual,Sedan,Black,2,0,1.0,810.84
Honda,2010,38274.0,Diesel,Automatic,Hatchback,Blue,1,0,1.0,2918.17
Toyota,2021,44065.0,Petrol,CVT,Wagon,Gray,1,0,1.0,7231.41
Toyota,2021,9105.0,Petrol,Automatic,Wagon,Yellow,2,0,0.0,17583.94
Mercedes,2014,247000.0,Petrol,Automatic,Convertible,Gray,2,0,1.0,2483.4
Honda,2021,9710.0,Diesel,Automatic,SUV,White,1,0,1.0,14531.53
BMW,2021,43342.0,Diesel,Automatic,Pickup,Gray,1,0,0.0,17525.85
Nissan,2020,69906.0,Petrol,Manual,Pickup,Silver,1,0,1.0,7693.8
Ford,2015,24223.0,Petrol,Manual,Hatchback,Orange,2,0,0.0,5648.93
Hyundai,2010,41014.0,Petrol,DSG,Coupe,Red,1,0,1.0,1723.81
BMW,2018,96412.0,Hybrid,CVT,Pickup,Silver,1,0,0.0,12712.59
Audi,2018,105556.0,Petrol,DSG,Coupe,Blue,2,1,1.0,4469.11
Honda,2011,192762.0,Petrol,Automatic,Hatchback,Green,1,1,,572.18
Lexus,2021,17770.0,Petrol,Manual,Sedan,Brown,1,0,1.0,24995.51
Toyota,2016,230351.0,Diesel,Automatic,SUV,Gray,1,0,1.0,1645.67
Nissan,2021,61152.0,Hybrid,DSG,Sedan,Green,1,1,0.0,6944.13
Honda,2013,,CNG,Automatic,SUV,Gray,3,1,0.0,595.77
Honda,2015,114014.0,Petrol,Automatic,SUV,Black,1,0,1.0,3431.19
Volkswagen,2017,57428.0,Diesel,Automatic,Sedan,Orange,1,0,0.0,7254.23
Toyota,2019,8664.0,Diesel,Automatic,Hatchback,Silver,1,0,1.0,17817.74
Kia,2012,70632.0,Petrol,Manual,Sedan,Silver,1,0,1.0,1440.42
Mazda,2023,4570.0,Diesel,Manual,SUV,Silver,1,0,1.0,19323.06
Audi,2020,67275.0,Diesel,CVT,Sedan,Green,1,0,1.0,16561.47
Honda,2010,179656.0,Hybrid,Manual,Wagon,Red,4,1,1.0,577.23
Hyundai,2021,6137.0,Electric,Manual,Hatchback,Brown,1,0,1.0,13726.01
Kia,2018,102631.0,Petrol,Automatic,Pickup,Brown,3,0,1.0,3115.05
Kia,2017,95735.0,Petrol,Automatic,Sedan,Red,1,0,0.0,3302.36
Subaru,2014,27050.0,Petrol,Automatic,Sedan,Orange,1,0,1.0,6435.83
Nissan,2011,84107.0,Diesel,Automatic,Sedan,Orange,3,1,1.0,1410.74
Hyundai,2020,103048.0,Petrol,DSG,SUV,Yellow,1,0,1.0,6896.01
Lexus,2016,51561.0,Petrol,Manual,Sedan,Silver,1,1,1.0,6732.68
Hyundai,2020,46132.0,Diesel,Automatic,Hatchback,Green,1,0,1.0,5953.39
Ford,2016,45625.0,Petrol,Manual,Wagon,Orange,1,0,1.0,5840.27
Hyundai,2023,8418.0,Diesel,Manual,Hatchback,Gray,1,0,1.0,16747.26
Jeep,2012,46554.0,Petrol,CVT,Coupe,Yellow,1,0,1.0,4120.47
Suzuki,2019,31687.0,Diesel,CVT,Pickup,Brown,4,0,1.0,6994.09
Jeep,2012,257582.0,Petrol,Automatic,Wagon,White,2,0,0.0,1100.55
Hyundai,2019,20614.0,Petrol,CVT,SUV,White,2,1,1.0,6549.16
Subaru,2016,99077.0,Diesel,Automatic,Sedan,Green,2,0,1.0,3050.98
Tesla,2019,35102.0,Petrol,CVT,Sedan,Red,2,0,0.0,20690.96
Mercedes,2019,38448.0,Diesel,Manual,Hatchback,Brown,1,0,0.0,13405.11
Honda,2011,72211.0,Hybrid,Automatic,Coupe,Green,1,0,1.0,2186.21
Ford,2021,6758.0,Petrol,DSG,Wagon,White,1,0,0.0,11883.78
Ford,2019,6362.0,Hybrid,Manual,SUV,Black,4,0,1.0,13938.85
Mitsubishi,2020,34449.0,Electric,Automatic,SUV,Green,4,0,0.0,8787.71
Volkswagen,2017,256127.0,Electric,Automatic,Sedan,Red,2,0,1.0,2303.31
BMW,2017,175851.0,Electric,Automatic,Hatchback,Brown,1,0,1.0,5676.0
Honda,2014,13624.0,Petrol,Manual,Sedan,White,2,0,0.0,5730.87
BMW,2018,109194.0,Petrol,Automatic,Sedan,White,2,0,1.0,10575.33
Ford,2016,54750.0,Petrol,Manual,Sedan,Yellow,3,0,0.0,4401.52
Chevrolet,2012,33596.0,Petrol,Automatic,SUV,Silver,1,1,1.0,2741.38
Mitsubishi,2012,157348.0,Hybrid,Manual,Hatchback,White,3,0,1.0,950.4
Mazda,2020,30524.0,Diesel,DSG,Sedan,Brown,3,0,1.0,10010.63
Honda,2016,129060.0,Petrol,Manual,Coupe,Black,2,0,1.0,3412.31
Lexus,2021,55004.0,Petrol,Manual,Hatchback,Brown,2,0,1.0,22653.14
Mitsubishi,2014,21542.0,Electric,Manual,SUV,Black,1,0,1.0,3015.66
Nissan,2012,300000.0,Petrol,Automatic,Hatchback,Orange,1,0,1.0,389.01
Ford,2020,41433.0,Diesel,Automatic,Sedan,Silver,2,1,0.0,10355.06
Porsche,2018,80630.0,Petrol,Manual,Sedan,Yellow,1,0,0.0,22130.31
BMW,2018,,Petrol,Manual,Sedan,Orange,1,0,1.0,10947.01
Honda,2021,5644.0,Hybrid,Manual,SUV,Blue,1,0,1.0,23607.84
Subaru,2022,1004.5291966390259,Petrol,Automatic,Coupe,Blue,1,0,0.0,66373.05138244417
Subaru,2018,23857.0,Electric,DSG,Sedan,Green,2,0,1.0,12041.49
Nissan,2019,11662.0,Diesel,CVT,SUV,Blue,1,0,1.0,7780.12
Chevrolet,2023,3820.0,Petrol,Automatic,SUV,Blue,1,0,1.0,28509.3
Toyota,2010,82489.0,Diesel,Manual,SUV,White,2,0,1.0,1842.64
Audi,2017,119657.0,Hybrid,Automatic,Pickup,Black,1,0,1.0,5274.02
Ford,2016,49467.0,CNG,Manual,SUV,White,1,1,1.0,3030.95
Ford,2010,252631.0,Diesel,Automatic,Sedan,Red,2,0,1.0,489.6
Hyundai,2016,32192.0,Petrol,Automatic,SUV,Green,1,0,1.0,5313.22
Mitsubishi,2023,3672.0,Petrol,Automatic,Sedan,Brown,1,0,0.0,19075.64
Porsche,2021,6251.0,Petrol,Automatic,Hatchback,Gray,1,0,1.0,56917.99
Chevrolet,2021,19334.0,Petrol,Automatic,Convertible,Gray,2,0,1.0,14787.11
Nissan,2011,133196.0,CNG,DSG,SUV,White,1,0,1.0,965.44
Toyota,2018,32950.0,Diesel,CVT,Coupe,Brown,1,1,1.0,7193.04
Kia,2022,18700.0,Electric,CVT,Convertible,Red,1,0,0.0,13467.84
Suzuki,2014,33166.0,Diesel,CVT,SUV,Green,3,0,1.0,3783.75
BMW,2023,1895.7042859640278,Hybrid,Manual,SUV,Black,1,0,1.0,186564.08218888065
Jeep,2015,47388.0,Hybrid,Manual,Sedan,Silver,1,1,1.0,4226.76
Nissan,2017,61339.0,Petrol,Manual,SUV,Yellow,1,1,1.0,4894.95
Lexus,2023,2583.0,Hybrid,Manual,Sedan,Silver,1,0,,41529.69
Porsche,2021,21264.0,Diesel,Automatic,Pickup,Green,1,0,1.0,60461.94
Ford,2011,122911.0,Hybrid,Automatic,Wagon,Blue,4,0,1.0,1347.67
Kia,2014,67792.0,Petrol,DSG,Sedan,Brown,4,0,1.0,2766.22
Toyota,2012,32329.0,Hybrid,Automatic,Pickup,White,2,0,0.0,3169.37
Lexus,2014,129117.0,Hybrid,Manual,Sedan,Yellow,1,0,1.0,4936.15
BMW,2023,9584.0,Diesel,Automatic,SUV,Orange,1,0,1.0,68564.95
Volvo,2018,16717.0,Diesel,Automatic,Wagon,Brown,1,0,1.0,16798.28
Kia,2022,16979.0,Petrol,Automatic,Hatchback,Blue,1,1,0.0,10093.76
Audi,2016,35135.0,Hybrid,Automatic,Pickup,Gray,1,1,1.0,12775.92
Toyota,2011,138922.0,Petrol,CVT,Convertible,Silver,1,1,1.0,1002.31
Hyundai,2014,58322.0,Diesel,CVT,Sedan,Green,2,0,0.0,2883.97
Audi,2014,54650.0,Petrol,Automatic,Pickup,Blue,1,0,1.0,7905.62
Hyundai,2011,61408.0,Petrol,Automatic,Hatchback,Brown,1,1,1.0,1727.03
Toyota,2012,233265.0,Electric,CVT,Pickup,Red,1,0,1.0,1095.82
Mazda,2015,53387.0,Petrol,Automatic,Coupe,Orange,2,0,1.0,5421.47
Kia,2012,57737.0,Petrol,Automatic,Coupe,Black,1,0,1.0,2120.64
Lexus,2015,20097.0,Petrol,Automatic,Sedan,Black,1,1,1.0,12392.43
Volkswagen,2016,43422.0,Petrol,CVT,SUV,Gray,2,0,0.0,8153.36
Audi,2010,92906.0,Diesel,CVT,SUV,Silver,2,0,1.0,3012.94
Mazda,2017,38382.0,Petrol,Automatic,Coupe,Black,2,0,0.0,5150.45
Nissan,2015,50258.0,Diesel,Manual,Convertible,Silver,2,0,0.0,4889.42
Toyota,2010,236680.0,Hybrid,Manual,Sedan,White,4,0,0.0,764.1
Mercedes,2015,78374.0,Electric,Manual,Coupe,Red,2,0,,5077.46
Mitsubishi,2018,44375.0,Diesel,CVT,Hatchback,Red,1,0,1.0,8827.81
Jeep,2014,176133.0,Petrol,CVT,Sedan,Silver,1,0,1.0,3004.02
Mazda,2012,55122.0,Diesel,DSG,SUV,Yellow,1,0,1.0,2523.95
Volvo,2020,67665.0,Petrol,Automatic,Sedan,Green,1,0,0.0,12303.84
Honda,2020,76051.0,Petrol,Automatic,Coupe,Gray,1,0,0.0,9230.76
Chevrolet,2016,24673.0,Diesel,Automatic,SUV,Brown,1,0,1.0,5600.21
Nissan,2019,23700.0,Diesel,Manual,SUV,Gray,2,1,0.0,8765.59
Volkswagen,2015,217862.0,Hybrid,Manual,Sedan,Silver,2,0,1.0,2282.9
Chevrolet,2010,130080.0,Diesel,Automatic,Coupe,Silver,2,0,0.0,995.73
BMW,2013,61230.0,Petrol,CVT,Sedan,Red,3,0,0.0,9085.12
Honda,2017,,Diesel,Automatic,SUV,Gray,2,0,1.0,10006.54
Audi,2012,46490.0,Petrol,Manual,Sedan,Silver,1,0,1.0,5034.1
Chevrolet,2019,117206.0,Hybrid,Automatic,Sedan,Green,1,0,1.0,6399.06
Volkswagen,2022,2220.0,Hybrid,Manual,SUV,White,1,0,0.0,15931.18
Volkswagen,2018,109020.0,Diesel,Manual,Sedan,Red,2,0,1.0,5003.05
Nissan,2022,6973.0,Electric,Automatic,Sedan,Blue,1,0,1.0,11521.89
Hyundai,2022,22227.0,Diesel,Automatic,Sedan,Black,1,0,0.0,19652.68
Subaru,2016,42325.0,Electric,Automatic,SUV,Green,2,0,1.0,5229.56
Toyota,2015,54535.0,Petrol,Automatic,Sedan,Brown,1,0,1.0,4461.41
Volkswagen,2019,47537.0,Petrol,Manual,Hatchback,Silver,3,0,1.0,10777.85
Kia,2010,88369.0,Electric,Manual,Coupe,Orange,4,0,1.0,967.13
Toyota,2023,7890.0,CNG,Automatic,SUV,Orange,1,0,1.0,25989.87
Suzuki,2019,56935.0,Electric,DSG,Wagon,Gray,1,0,0.0,5591.18
Kia,2022,5311.0,Diesel,Manual,Wagon,Brown,4,0,1.0,12941.94
Toyota,2012,171619.0,Petrol,Manual,Hatchback,Yellow,1,0,1.0,1291.49
Honda,2014,31377.0,Diesel,Manual,SUV,Yellow,1,1,1.0,3785.25
Mazda,2015,77540.0,Diesel,Automatic,SUV,Red,1,0,0.0,4564.27
Toyota,2010,205101.0,Petrol,Manual,Pickup,White,1,0,1.0,747.03
Lexus,2013,135428.0,Electric,Automatic,Convertible,Black,1,0,0.0,3315.64
Mercedes,2012,95584.0,Hybrid,Manual,Coupe,Red,4,0,1.0,2628.63
BMW,2017,104872.0,Petrol,CVT,Hatchback,Gray,2,0,1.0,6139.09
Lexus,2018,68180.0,Petrol,Manual,Hatchback,Black,1,0,0.0,16726.08
Toyota,2017,51730.0,Petrol,CVT,SUV,Red,2,0,,8312.85
Lexus,2010,232062.0,Petrol,Automatic,Sedan,Blue,1,0,1.0,952.34
Subaru,2014,64034.0,Petrol,Manual,Sedan,Blue,1,1,0.0,2770.38
Honda,2023,5541.0,Petrol,Automatic,Hatchback,Yellow,1,0,0.0,27796.91
Volkswagen,2022,7365.0,Diesel,Manual,Hatchback,Yellow,2,0,1.0,24970.01
Mazda,2017,11033.0,Diesel,DSG,SUV,Silver,1,0,1.0,5407.06
Nissan,2019,269119.0,Petrol,Manual,Hatchback,Red,1,1,0.0,1076.93
Hyundai,2017,6404.0,Petrol,Manual,Hatchback,Green,1,0,1.0,7094.25
Hyundai,2020,20877.0,Electric,CVT,SUV,Silver,1,0,1.0,12388.84
Subaru,2018,68770.0,Electric,DSG,Sedan,Red,1,0,1.0,7803.83
Subaru,2018,81360.0,Petrol,Automatic,Hatchback,Black,3,0,1.0,8033.45
Volkswagen,2013,53342.0,Petrol,Automatic,Hatchback,White,2,0,1.0,3541.19
Honda,2017,58179.0,Petrol,Manual,SUV,Red,1,0,1.0,6261.39
BMW,2016,46499.0,Diesel,Manual,Sedan,Yellow,1,0,1.0,10781.49
Toyota,2019,15454.0,Diesel,CVT,Sedan,Yellow,1,0,1.0,13512.72
BMW,2015,51188.0,Petrol,Manual,Sedan,Black,1,0,1.0,8744.61
BMW,2019,47754.0,Petrol,Manual,Wagon,Yellow,1,0,1.0,13534.12
Mitsubishi,2018,34175.0,Diesel,Automatic,Pickup,Red,2,0,1.0,7855.83
Toyota,2012,64941.0,Petrol,Automatic,Coupe,Silver,1,0,1.0,2445.03
BMW,2023,11047.0,Petrol,DSG,Hatchback,Silver,1,0,1.0,27291.46
Chevrolet,2016,54332.0,Diesel,Automatic,SUV,Gray,4,0,1.0,6255.4
Volkswagen,2021,27213.0,Hybrid,Automatic,SUV,Black,3,0,1.0,15333.4
Nissan,2012,93642.0,Diesel,Automatic,Wagon,Black,1,0,1.0,1988.32
Chevrolet,2017,36952.0,Petrol,Automatic,Wagon,Red,1,0,0.0,8160.35
Audi,2014,101508.0,Electric,Manual,Sedan,Blue,2,0,1.0,4460.64
Kia,2017,60099.0,Diesel,Automatic,Sedan,Red,4,0,1.0,4837.85
Honda,2017,73819.0,Diesel,Automatic,Hatchback,Blue,1,0,0.0,4632.19
Volkswagen,2021,32165.0,Petrol,Manual,SUV,White,1,0,1.0,16572.99
Toyota,2013,79947.0,Diesel,Manual,Hatchback,Silver,1,0,1.0,2846.46
Honda,2020,64942.0,Petrol,Manual,Sedan,Red,2,1,1.0,8830.9
Mercedes,2015,63292.0,Diesel,DSG,Coupe,Gray,2,0,1.0,7707.35
Nissan,2015,76753.0,Hybrid,Automatic,Coupe,Green,3,1,0.0,2367.57
Hyundai,2016,61122.0,Petrol,Automatic,Hatchback,Red,2,1,1.0,4201.07
Hyundai,2018,13523.0,Petrol,Automatic,SUV,Red,3,0,1.0,7497.58
Jeep,2016,14596.0,CNG,Automatic,Coupe,Orange,2,0,1.0,8762.13
BMW,2019,11844.0,Petrol,Manual,SUV,Gray,1,0,0.0,21591.8
Hyundai,2011,69960.0,Petrol,Manual,Sedan,Silver,1,0,1.0,2166.72
BMW,2014,25894.0,Petrol,CVT,SUV,Green,1,0,1.0,8254.9
BMW,2012,176120.0,Diesel,Automatic,SUV,Brown,4,0,1.0,2180.52
Toyota,2020,11770.0,Electric,Manual,Pickup,Red,2,0,0.0,11811.36
Honda,2016,85381.0,Petrol,Automatic,Coupe,White,2,0,0.0,4402.55
Volkswagen,2011,24826.0,Hybrid,DSG,SUV,Gray,1,0,1.0,4082.53
Toyota,2019,11955.0,Petrol,CVT,Sedan,Gray,1,0,0.0,11836.82
Honda,2022,7089.0,Petrol,Manual,SUV,Red,1,0,0.0,17756.01
Hyundai,2022,10147.0,Electric,Automatic,SUV,Blue,2,0,1.0,13717.21
Toyota,2013,26807.0,Petrol,Automatic,SUV,Blue,1,1,0.0,2699.89
Hyundai,2013,67503.0,Petrol,Manual,Pickup,Silver,2,0,1.0,2898.29
Ford,2019,56914.0,Electric,Automatic,Hatchback,Brown,1,0,1.0,7308.56
Honda,2023,6306.0,Electric,DSG,Sedan,Orange,1,1,1.0,26802.38
Toyota,2016,41816.0,Diesel,Automatic,Hatchback,Yellow,1,0,1.0,7318.33
Jeep,2019,88721.0,Diesel,Manual,Coupe,Blue,2,0,0.0,6369.78
Honda,2010,91274.0,Petrol,Automatic,Hatchback,Black,1,0,1.0,1968.99
Ford,2023,10336.0,Petrol,CVT,SUV,Orange,1,0,1.0,16853.06
Chevrolet,2012,58811.0,Petrol,Manual,Hatchback,Blue,3,0,1.0,2542.97
Honda,2016,95951.0,Diesel,Manual,Hatchback,White,2,0,1.0,3230.4
Honda,2021,9673.0,Petrol,Manual,SUV,Black,2,0,0.0,12225.0
Audi,2014,1861.0961628089415,Diesel,Manual,SUV,Brown,2,0,1.0,11834.217588523277
Nissan,2014,61354.0,Diesel,CVT,Sedan,Green,1,1,0.0,2511.7
Kia,2017,31099.0,Diesel,DSG,Sedan,White,1,0,1.0,4761.65
Mercedes,2018,18193.0,Petrol,Automatic,SUV,Gray,1,0,,24029.13
Suzuki,2022,20766.0,Hybrid,Manual,Sedan,Silver,1,0,0.0,11729.4
Toyota,2013,93844.0,Petrol,Automatic,SUV,Yellow,1,0,1.0,2416.63
Toyota,2020,49903.0,Electric,Automatic,Hatchback,Red,1,0,1.0,13923.08
Toyota,2015,71649.0,Petrol,Manual,SUV,Red,1,0,1.0,4676.16
Jeep,2018,21711.0,Diesel,Automatic,Sedan,Yellow,1,0,1.0,14195.87
Lexus,2013,42261.0,Petrol,Automatic,Sedan,Orange,2,0,1.0,5894.41
Lexus,2015,175976.0,Diesel,Automatic,Wagon,Gray,1,0,1.0,4695.36
Hyundai,2018,37326.0,Petrol,Manual,Hatchback,White,1,0,1.0,4433.77
BMW,2022,14777.0,Diesel,CVT,SUV,Red,2,0,0.0,41148.72
Toyota,2013,59130.0,Hybrid,Automatic,Hatchback,Orange,1,0,0.0,2628.3
Mercedes,2021,102390.0,Petrol,Manual,SUV,Blue,1,0,0.0,21218.13
Toyota,2023,24108.0,Petrol,Manual,SUV,Silver,3,1,1.0,12422.67
Suzuki,2023,18204.0,CNG,CVT,Sedan,Brown,2,0,1.0,12846.74
Audi,2013,40780.0,Petrol,Manual,Wagon,Yellow,2,0,0.0,4661.15
Honda,2019,28421.0,Diesel,Automatic,Wagon,Gray,1,1,1.0,10349.28
Hyundai,2017,17733.0,Petrol,CVT,Hatchback,Red,1,1,1.0,4586.96
Audi,2014,108329.0,Hybrid,Automatic,Sedan,Green,1,1,0.0,5322.93
Kia,2013,93362.0,Diesel,Automatic,Pickup,Green,1,0,1.0,1866.05
BMW,2021,16769.0,Petrol,Automatic,Hatchback,Red,2,0,1.0,42903.75
Hyundai,2010,60121.0,Petrol,Automatic,Convertible,Brown,1,0,1.0,1907.99
Ford,2017,135511.0,Diesel,DSG,Coupe,Gray,2,1,1.0,3171.23
BMW,2010,141707.0,Diesel,Manual,Sedan,Black,1,0,0.0,2812.9
Tesla,2023,18932.0,Petrol,Automatic,SUV,Yellow,1,0,1.0,43458.9
Kia,2012,56785.0,Hybrid,Manual,Sedan,Red,2,0,1.0,1817.92
Nissan,2013,238231.0,Hybrid,DSG,Sedan,Black,3,0,0.0,592.02
Mazda,2020,7810.0,Diesel,DSG,Hatchback,Brown,2,0,1.0,9172.87
BMW,2016,66797.0,Hybrid,Manual,SUV,Green,2,0,1.0,8537.18
Mercedes,2020,2980.0,Petrol,DSG,Coupe,Green,1,0,1.0,32212.61
Hyundai,2010,300000.0,Hybrid,Automatic,Coupe,White,2,0,1.0,277.46
Hyundai,2012,170913.0,Diesel,Automatic,SUV,Green,1,0,1.0,1110.18
Honda,2018,115506.0,Electric,Automatic,Hatchback,Black,2,1,1.0,3588.74
Mercedes,2014,145142.0,Diesel,Automatic,Wagon,Blue,3,0,1.0,3422.83
Honda,2011,56673.0,Diesel,Automatic,Sedan,Black,1,0,1.0,3064.99
BMW,2012,172354.0,Petrol,Automatic,Hatchback,Yellow,2,1,1.0,1243.44
Ford,2016,48636.0,Diesel,CVT,SUV,Black,1,0,1.0,5552.46
Audi,2016,66829.0,Petrol,Automatic,SUV,Orange,2,0,0.0,7774.24
Mercedes,2016,206935.0,Petrol,Automatic,SUV,Brown,2,0,1.0,3381.73
Mazda,2011,,Hybrid,Automatic,SUV,Brown,1,0,1.0,583.51
Mercedes,2014,48382.0,Hybrid,Manual,SUV,Red,2,0,1.0,9345.44
Volvo,2020,49556.0,Petrol,Manual,Wagon,Gray,1,0,0.0,17782.84
Nissan,2010,132148.0,Petrol,Automatic,Sedan,Gray,2,0,1.0,1203.07
Ford,2022,23102.0,Diesel,DSG,Hatchback,Silver,4,0,1.0,18000.68
Kia,2023,8547.0,Diesel,Manual,SUV,Yellow,1,0,1.0,15497.89
Toyota,2020,11248.0,Petrol,DSG,Sedan,Red,2,0,1.0,10372.41
Toyota,2010,300000.0,Diesel,Automatic,Sedan,White,3,0,1.0,447.44
Suzuki,2019,15360.0,Hybrid,Manual,SUV,Orange,2,0,,10485.0
Kia,2017,24885.0,Petrol,Manual,SUV,Blue,2,0,0.0,6805.56
Ford,2014,47155.0,Petrol,Automatic,Hatchback,White,1,0,1.0,3894.63
BMW,2018,61881.0,Petrol,Automatic,Hatchback,Black,1,0,1.0,12789.47
Mercedes,2015,143536.0,Hybrid,Manual,SUV,Yellow,3,0,0.0,4490.08
Tesla,2013,95232.0,Electric,Automatic,Hatchback,Gray,1,0,1.0,6282.32
Hyundai,2022,2837.0,Petrol,CVT,Hatchback,Blue,1,1,1.0,16209.55
Ford,2014,78150.0,Petrol,CVT,SUV,Silver,2,1,1.0,2217.21
Kia,2017,12239.0,Diesel,Automatic,SUV,Brown,1,0,1.0,6960.67
Ford,2023,5619.0,Petrol,Automatic,Wagon,Silver,2,0,1.0,23036.3
BMW,2023,3855.0,Hybrid,Manual,SUV,Blue,3,0,0.0,54279.52
Toyota,2011,102776.0,Petrol,CVT,SUV,Green,1,1,0.0,1588.37
Nissan,2015,51722.0,Petrol,Automatic,SUV,Blue,1,1,1.0,4572.41
Mercedes,2017,11801.0,Hybrid,Automatic,Convertible,Silver,1,0,1.0,17160.01
Honda,2015,300000.0,Petrol,Manual,Sedan,Black,1,0,0.0,630.24
Lexus,2013,64820.0,Petrol,DSG,Sedan,Silver,3,1,1.0,2996.87
Ford,2022,28271.0,Diesel,CVT,Sedan,Gray,1,0,0.0,12817.44
Mazda,2014,108379.0,Diesel,Manual,SUV,Red,2,0,1.0,2410.32
Hyundai,2016,27353.0,Petrol,Manual,Sedan,Orange,1,0,0.0,6102.14
Volkswagen,2020,21014.0,Diesel,Automatic,SUV,Yellow,2,0,0.0,11674.26
BMW,2016,15810.0,Diesel,CVT,SUV,Black,1,0,0.0,16871.95
Nissan,2013,141150.0,Hybrid,Manual,Coupe,Orange,1,0,1.0,1743.79
Volkswagen,2019,41643.0,Petrol,Automatic,Sedan,Green,1,0,0.0,11229.65
Mercedes,2014,51402.0,Petrol,Manual,Hatchback,Yellow,3,0,1.0,10229.79
Porsche,2014,93612.0,Petrol,Manual,SUV,Silver,1,0,0.0,13977.37
Mercedes,2015,44830.0,CNG,Automatic,Sedan,Red,2,0,1.0,11650.55
Lexus,2018,115452.0,Petrol,Automatic,SUV,Brown,2,0,1.0,10887.19
BMW,2013,80775.0,Diesel,Manual,Sedan,Brown,1,0,1.0,6188.61
Kia,2014,300000.0,Petrol,Automatic,Hatchback,Silver,2,0,1.0,502.41
Honda,2019,19736.0,Petrol,Automatic,Hatchback,Black,1,0,1.0,8496.31
Lexus,2014,70961.0,Electric,Manual,SUV,Red,2,0,1.0,8575.91
BMW,2016,84056.0,Petrol,Automatic,SUV,Silver,1,0,0.0,8430.12
Toyota,2013,271556.0,Petrol,CVT,Hatchback,Red,2,1,0.0,668.9
Audi,2020,11044.0,Petrol,Automatic,Pickup,Yellow,1,0,1.0,24024.87
BMW,2023,18327.0,Diesel,Automatic,Coupe,Brown,2,0,1.0,50883.98
Audi,2012,110610.0,Hybrid,DSG,Wagon,Silver,1,0,1.0,4287.56
Toyota,2016,37575.0,CNG,Automatic,Sedan,Blue,1,0,1.0,6047.55
BMW,2011,46082.0,Petrol,CVT,SUV,Red,1,0,1.0,4506.55
Hyundai,2022,9223.0,Electric,CVT,SUV,Blue,3,0,1.0,16642.01
Volkswagen,2018,,Petrol,Automatic,SUV,Brown,3,0,1.0,12057.38
Suzuki,2023,19027.0,Diesel,DSG,SUV,Brown,1,0,0.0,15442.83
Jeep,2019,62286.0,Diesel,Automatic,Sedan,Gray,1,1,0.0,9038.85
Honda,2022,9261.0,Diesel,DSG,Wagon,Green,1,0,1.0,22056.3
Kia,2020,31458.0,Petrol,Automatic,Hatchback,Red,2,0,1.0,10034.87
Kia,2018,112900.0,Diesel,CVT,SUV,White,1,0,0.0,4164.19
Honda,2015,300000.0,Petrol,Automatic,Sedan,Yellow,2,0,1.0,1044.94
Kia,2014,66438.0,Petrol,CVT,Coupe,Gray,2,0,1.0,2994.98
Kia,2017,27730.0,Diesel,Automatic,Hatchback,Green,2,0,1.0,4169.03
Jeep,2015,16404.0,Petrol,Automatic,Hatchback,Brown,1,0,1.0,5810.88
Mazda,2012,116324.0,Hybrid,CVT,Sedan,Brown,2,0,0.0,1565.19
Nissan,2013,23954.0,CNG,Manual,SUV,Black,1,0,1.0,3134.36
Toyota,2010,88972.0,Hybrid,DSG,Sedan,Yellow,4,0,1.0,2153.45
BMW,2019,12037.0,Hybrid,Automatic,Hatchback,White,1,0,0.0,21155.68
Chevrolet,2011,115896.0,Diesel,Automatic,SUV,Brown,3,0,1.0,1375.19
Mercedes,2012,55425.0,Petrol,Manual,Wagon,Brown,1,0,1.0,4634.9
BMW,2022,8026.0,Petrol,Manual,Hatchback,Blue,1,0,1.0,31658.79
Toyota,2022,4689.0,Hybrid,Manual,SUV,Blue,1,0,1.0,17788.0
Mitsubishi,2017,59922.0,Petrol,Manual,SUV,Brown,3,0,1.0,4222.26
Subaru,2011,93846.0,Diesel,Manual,SUV,Orange,2,0,0.0,2163.48
BMW,2015,129721.0,Petrol,CVT,Sedan,White,1,0,0.0,4769.05
BMW,2012,119173.0,Electric,Automatic,Pickup,Green,1,0,1.0,4388.82
Mazda,2023,18048.0,Electric,Manual,Sedan,Orange,2,1,1.0,19277.05
Suzuki,2012,137163.0,Petrol,Manual,Hatchback,White,1,0,1.0,961.61
Toyota,2023,3446.0,Petrol,Automatic,Sedan,Brown,1,0,1.0,26092.27
BMW,2017,42569.0,Diesel,Manual,Sedan,Brown,2,0,1.0,9576.98
Ford,2022,16734.0,Petrol,Manual,Coupe,Yellow,1,1,1.0,10650.94
Mercedes,2016,130494.0,Petrol,Automatic,SUV,White,1,0,1.0,6156.59
Honda,2016,63972.0,Petrol,Manual,SUV,Orange,2,0,1.0,4412.17
Lexus,2013,66548.0,Diesel,DSG,Sedan,Black,2,0,1.0,4707.77
Kia,2016,41531.0,CNG,Manual,Sedan,Black,2,0,1.0,3888.55
Toyota,2013,59790.0,Petrol,Automatic,Hatchback,Orange,3,1,1.0,3381.53
Volkswagen,2013,28414.0,Petrol,Manual,Coupe,Green,1,0,1.0,5682.07
Honda,2012,28068.0,Petrol,Automatic,SUV,Orange,1,0,1.0,4132.75
Toyota,2020,112608.0,CNG,DSG,Coupe,Orange,3,0,1.0,9904.7
Jeep,2017,9437.0,Hybrid,CVT,Coupe,Orange,1,0,0.0,8459.39
Ford,2013,,Petrol,CVT,Pickup,Silver,4,0,1.0,3584.05
Tesla,2015,131819.0,Diesel,Automatic,SUV,Green,1,0,1.0,6378.39
Audi,2013,300000.0,Petrol,Automatic,Coupe,Orange,2,1,1.0,854.74
Volkswagen,2022,36838.0,Petrol,Automatic,SUV,Yellow,1,0,1.0,22307.2
Audi,2011,75722.0,Hybrid,Automatic,Coupe,Silver,1,0,1.0,3904.85
Ford,2011,265309.0,Diesel,Manual,Hatchback,Red,1,0,0.0,519.37
Audi,2016,31277.0,Diesel,Manual,Hatchback,Green,1,0,1.0,14906.57
Ford,2022,71459.0,Petrol,Manual,Sedan,Orange,3,0,0.0,10456.14
Mercedes,2022,15017.0,Petrol,Manual,Hatchback,Black,1,0,1.0,30603.81
Ford,2016,31895.0,Petrol,Automatic,Wagon,Red,2,0,0.0,4463.06
Lexus,2014,22562.0,Petrol,Manual,Hatchback,Black,1,0,0.0,7949.94
Volkswagen,2014,820.2999114741227,Hybrid,Automatic,Wagon,Green,1,0,1.0,8291.820005623338
BMW,2023,8293.0,Petrol,CVT,SUV,Orange,1,0,1.0,57132.24
Kia,2022,5528.0,Diesel,Manual,SUV,Red,2,0,0.0,17032.65
Honda,2021,40667.0,Hybrid,Automatic,SUV,Orange,1,0,0.0,10588.6
Subaru,2010,82096.0,Petrol,Manual,Wagon,Red,1,1,1.0,1625.05
Hyundai,2017,91390.0,Hybrid,Automatic,Sedan,Brown,1,0,0.0,4945.98
Hyundai,2022,7021.0,CNG,Automatic,Hatchback,Silver,2,0,1.0,16241.56
Tesla,2014,43948.0,Electric,CVT,Sedan,Orange,1,0,1.0,6932.34
Volvo,2012,41194.0,Diesel,Automatic,Coupe,Black,2,0,0.0,4631.25
BMW,2011,36633.0,Diesel,Automatic,Coupe,Red,1,0,1.0,4826.43
Kia,2015,209836.0,Diesel,Manual,Hatchback,Silver,1,1,1.0,928.26
Hyundai,2023,5434.0,Hybrid,Automatic,Convertible,Gray,1,1,0.0,16469.46
Toyota,2014,34924.0,Diesel,Automatic,SUV,Green,2,0,0.0,4232.36
Jeep,2013,245746.0,Hybrid,Automatic,SUV,Red,1,0,1.0,1299.35
Volkswagen,2015,130750.0,Hybrid,Automatic,SUV,Blue,1,0,1.0,3352.69
Honda,2010,300000.0,Petrol,Automatic,SUV,Orange,2,0,0.0,371.25
Hyundai,2019,71645.0,Hybrid,Manual,SUV,Brown,1,0,1.0,4466.47
Nissan,2019,121258.0,Petrol,CVT,SUV,Orange,1,0,0.0,4878.07
Lexus,2011,207731.0,Diesel,Manual,Sedan,Red,1,0,1.0,1829.24
Kia,2021,1800.0,Hybrid,Manual,SUV,Brown,1,0,1.0,18846.41
Honda,2018,9807.0,Hybrid,Automatic,Hatchback,Green,1,0,1.0,16362.87
Jeep,2010,77567.0,Diesel,CVT,Coupe,Orange,1,0,0.0,2032.59
Toyota,2018,60882.0,Petrol,Automatic,Convertible,Red,3,0,1.0,6718.05
Lexus,2018,36641.0,Diesel,Manual,Wagon,Green,1,0,1.0,15579.62
Volkswagen,2019,52039.0,Hybrid,CVT,Coupe,Gray,1,0,0.0,11716.33
Volkswagen,2013,204657.0,Diesel,CVT,Sedan,Yellow,4,1,1.0,1023.78
Hyundai,2022,34658.0,Hybrid,DSG,Hatchback,Black,2,0,0.0,13451.04
Mercedes,2015,123284.0,Petrol,Manual,SUV,Silver,1,0,1.0,6040.94
Nissan,2016,79839.0,Hybrid,Manual,Hatchback,Gray,2,0,0.0,2497.87
BMW,2023,3388.0,Electric,Manual,Hatchback,Black,2,1,0.0,24627.99
Ford,2012,132919.0,Petrol,Automatic,Hatchback,Gray,4,0,0.0,730.37
Jeep,2012,135587.0,Hybrid,Automatic,Sedan,Gray,2,0,0.0,1676.52
Subaru,2018,39624.0,Petrol,Automatic,Sedan,Blue,1,0,1.0,9281.89
Ford,2016,24548.0,Diesel,Manual,Hatchback,Silver,1,0,1.0,5045.69
Volkswagen,2016,27221.0,Petrol,Manual,Hatchback,Brown,1,0,0.0,7330.5
Mazda,2019,166032.0,Petrol,Automatic,SUV,Red,1,0,1.0,4113.08
Volkswagen,2016,20366.0,Petrol,Automatic,Sedan,White,4,0,0.0,6684.6
Volkswagen,2022,8692.0,Diesel,Manual,Convertible,Gray,1,0,1.0,25922.99
Chevrolet,2015,42261.0,Petrol,Manual,Coupe,Red,1,1,1.0,4343.33
Hyundai,2020,24213.0,CNG,Automatic,Hatchback,Yellow,2,0,0.0,7656.37
Nissan,2013,47990.0,Petrol,CVT,Hatchback,White,1,0,1.0,2025.11
Mercedes,2014,56308.0,Petrol,Automatic,SUV,Red,2,0,0.0,8463.78
Toyota,2019,35542.0,Diesel,DSG,Hatchback,Yellow,2,0,1.0,11461.47
Nissan,2018,196950.0,Diesel,Manual,Pickup,Orange,2,0,1.0,2495.1
Mazda,2010,56286.0,Hybrid,CVT,SUV,Black,1,1,1.0,1398.02
Subaru,2015,38396.0,Hybrid,Automatic,Sedan,Blue,1,0,1.0,5692.88
Volkswagen,2018,24315.0,Petrol,Automatic,Sedan,Red,2,0,1.0,9652.1
Volkswagen,2020,,Petrol,DSG,SUV,Black,1,0,1.0,17332.63
Nissan,2021,9131.0,Petrol,Manual,SUV,Gray,1,0,1.0,14868.97
Ford,2020,3609.0,Diesel,Automatic,Sedan,Gray,3,1,1.0,10184.13
Mercedes,2018,170248.0,Hybrid,Automatic,Coupe,White,3,0,0.0,7104.43
Volkswagen,2019,106199.0,Diesel,Automatic,SUV,Brown,2,0,1.0,5788.2
Mercedes,2018,57394.0,Hybrid,Manual,Sedan,Orange,2,0,0.0,8771.9
Chevrolet,2013,,Electric,Manual,Convertible,Blue,4,0,1.0,2715.75
Hyundai,2023,7456.0,Hybrid,Automatic,Hatchback,Green,3,0,0.0,21974.31
Ford,2020,15471.0,Petrol,Automatic,SUV,Black,1,0,1.0,12459.95
Audi,2021,16529.0,Diesel,Manual,SUV,Orange,2,0,1.0,22419.79
Kia,2017,90780.0,Hybrid,DSG,Convertible,Orange,1,0,1.0,3977.23
Lexus,2023,10437.0,Hybrid,CVT,SUV,Green,2,0,1.0,54234.1
Tesla,2023,26906.0,Petrol,Automatic,Hatchback,White,1,0,1.0,46804.69
BMW,2018,51467.0,Petrol,CVT,Pickup,Black,1,0,0.0,17781.49
Mercedes,2022,6359.0,Diesel,Manual,Hatchback,Gray,1,1,0.0,30914.83
Volvo,2013,212716.0,CNG,Manual,Sedan,Black,1,0,1.0,2242.83
Nissan,2022,15015.0,Petrol,Manual,SUV,Gray,1,0,1.0,10257.54
BMW,2017,46712.0,Hybrid,Manual,SUV,Black,2,0,0.0,14599.76
Mercedes,2021,30253.0,Diesel,CVT,SUV,Blue,2,0,1.0,30417.24
BMW,2018,18484.0,Diesel,Manual,Hatchback,Blue,1,0,1.0,26136.82
Honda,2011,23588.0,Petrol,CVT,Sedan,White,1,0,1.0,2731.0
Ford,2023,4548.0,Petrol,Manual,Hatchback,White,1,0,1.0,14166.63
Honda,2023,3692.0,Diesel,Manual,Coupe,Orange,1,0,1.0,35361.51
Kia,2015,66059.0,Petrol,Manual,Hatchback,Silver,2,0,0.0,3305.67
Mercedes,2015,111758.0,Hybrid,Manual,Sedan,White,2,0,0.0,6474.31
Honda,2017,69846.0,Hybrid,Automatic,Hatchback,Red,1,0,0.0,7218.1
Mercedes,2012,1985.4885210838681,Petrol,Manual,SUV,Orange,3,0,0.0,17219.43055687987
Subaru,2010,68545.0,Hybrid,CVT,Sedan,Orange,1,0,1.0,1843.81
Nissan,2022,14803.0,Petrol,DSG,SUV,Gray,1,0,1.0,20104.17
Toyota,2010,69082.0,Petrol,CVT,Hatchback,Green,1,0,0.0,1759.35
BMW,2010,181704.0,Petrol,Automatic,SUV,Blue,4,0,0.0,1625.43
Hyundai,2023,22328.0,Electric,Automatic,SUV,Yellow,4,0,0.0,17222.1
Mercedes,2023,8813.0,Petrol,Automatic,SUV,Silver,1,0,1.0,66446.21
Mercedes,2010,33166.0,Diesel,CVT,Hatchback,Gray,1,1,0.0,5915.4
Hyundai,2011,90638.0,Electric,Manual,Pickup,Gray,1,0,1.0,1375.96
Volkswagen,2020,28438.0,Hybrid,Automatic,Sedan,Green,2,0,1.0,14674.26
Toyota,2012,83521.0,Diesel,Automatic,Coupe,Black,3,0,0.0,2362.22
Volkswagen,2011,104955.0,Hybrid,DSG,Convertible,Brown,1,0,1.0,1774.68
Kia,2023,10327.0,Petrol,Automatic,SUV,Orange,2,0,0.0,16739.48
Audi,2010,25330.0,CNG,Automatic,Hatchback,Brown,2,0,1.0,3705.52
Subaru,2011,71126.0,Petrol,CVT,SUV,White,2,0,0.0,2600.44
Honda,2021,89848.0,Petrol,Manual,Sedan,Orange,1,0,0.0,9159.12
Toyota,2021,13145.0,Petrol,Manual,SUV,Gray,4,0,1.0,18190.79
Honda,2018,65552.0,Petrol,Manual,SUV,Black,2,0,1.0,6895.24
Ford,2011,300000.0,Diesel,Automatic,SUV,Green,1,0,1.0,392.69
Toyota,2013,134413.0,Electric,Automatic,Hatchback,Green,1,0,0.0,2299.65
Ford,2022,8665.0,CNG,Manual,Convertible,Blue,1,0,0.0,24242.82
Volkswagen,2014,68419.0,Petrol,CVT,SUV,Silver,1,0,0.0,3803.81
Nissan,2014,190715.0,Petrol,Automatic,Hatchback,White,1,0,1.0,1735.28
Honda,2012,56128.0,Petrol,DSG,Hatchback,Gray,1,0,1.0,2286.1
Nissan,2010,234943.0,Petrol,Automatic,Wagon,Blue,1,0,1.0,467.77
Chevrolet,2014,86871.0,Petrol,Manual,Wagon,Brown,3,0,1.0,2459.07
Ford,2013,103505.0,Petrol,Automatic,Sedan,Brown,2,0,,2033.28
Mazda,2021,1278.4122852194266,Petrol,Automatic,Sedan,Yellow,1,0,1.0,49801.9255037604
Jeep,2018,18123.0,Petrol,Manual,Convertible,Brown,3,0,1.0,12621.34
Volvo,2015,13869.0,Diesel,Automatic,SUV,White,3,0,0.0,10169.3
Ford,2014,52554.0,Petrol,Manual,SUV,Black,2,0,1.0,3101.05
Audi,2013,100198.0,Electric,DSG,Hatchback,Brown,3,0,1.0,3886.68
Honda,2017,142771.0,Diesel,Manual,Hatchback,Silver,1,0,1.0,4927.48
Honda,2013,67377.0,Diesel,CVT,Sedan,Green,2,0,0.0,3525.33
Nissan,2010,136128.0,Electric,Manual,SUV,Brown,1,0,1.0,1299.75
Mazda,2016,25167.0,Hybrid,Manual,SUV,Orange,3,0,0.0,4308.49
Chevrolet,2014,110834.0,Petrol,DSG,Sedan,Silver,1,0,0.0,3022.18
Audi,2023,32109.0,Petrol,Automatic,Coupe,Gray,2,0,1.0,52005.33
Kia,2012,20663.0,Diesel,Automatic,SUV,Orange,1,0,1.0,2795.81
Jeep,2013,186866.0,Petrol,DSG,Hatchback,Silver,1,1,0.0,461.14
Ford,2011,57647.0,Hybrid,Automatic,Wagon,Gray,2,0,1.0,2915.9
Ford,2021,10902.0,Petrol,Automatic,Wagon,Yellow,1,0,1.0,18129.24
Kia,2016,133760.0,Petrol,Automatic,Hatchback,White,1,0,1.0,2160.0
Toyota,2021,3780.0,Hybrid,Automatic,Sedan,Green,2,1,1.0,17724.87
Mercedes,2012,300000.0,Electric,Automatic,Hatchback,Red,1,0,0.0,1269.3
Subaru,2013,67851.0,Diesel,Manual,Wagon,Red,1,0,1.0,4179.08
BMW,2023,10362.0,Diesel,Automatic,Sedan,Green,1,0,0.0,35175.0
BMW,2021,45172.0,Diesel,Automatic,SUV,White,2,0,1.0,29038.17
Toyota,2013,28946.0,Petrol,Manual,SUV,Green,1,0,1.0,3685.91
Ford,2012,170379.0,Hybrid,Manual,SUV,Brown,1,0,1.0,1472.13
Hyundai,2017,134507.0,Petrol,Automatic,SUV,Gray,1,0,1.0,2652.78
Subaru,2017,31286.0,Hybrid,Manual,Hatchback,Silver,1,0,1.0,7169.99
Jeep,2013,19617.0,Hybrid,Manual,Pickup,Brown,3,0,1.0,4603.07
Toyota,2019,65122.0,Petrol,Automatic,Hatchback,Gray,2,1,1.0,7183.76
Mercedes,2016,133054.0,Diesel,Manual,Hatchback,Green,2,0,1.0,7705.85
Toyota,2015,32288.0,Diesel,CVT,Pickup,Brown,2,0,1.0,5397.27
Toyota,2012,50329.0,Diesel,Automatic,Sedan,Silver,2,0,0.0,3037.16
Volkswagen,2011,76847.0,Hybrid,Automatic,Coupe,Brown,1,0,1.0,2315.88
Audi,2023,4670.0,Diesel,Automatic,SUV,Brown,1,0,0.0,35675.35
Kia,2013,20620.0,Petrol,CVT,Sedan,Orange,3,0,1.0,2986.11
Honda,2011,188949.0,CNG,CVT,Coupe,Orange,1,0,0.0,1216.62
Honda,2020,15085.0,Hybrid,CVT,Sedan,Gray,3,0,1.0,14797.95
Nissan,2010,88577.0,Petrol,Automatic,Hatchback,Brown,2,0,1.0,2112.26
Ford,2013,86720.0,Petrol,Automatic,Sedan,Brown,3,0,1.0,2540.51
BMW,2011,64499.0,Hybrid,CVT,Sedan,Black,2,0,1.0,4396.16
Ford,2013,292011.0,Hybrid,DSG,SUV,Silver,1,1,1.0,500.78
Mercedes,2017,25786.0,Diesel,CVT,Coupe,White,1,0,1.0,13041.24
Ford,2019,65972.0,CNG,Manual,SUV,Green,1,0,0.0,7213.65
Lexus,2023,11212.0,Diesel,Manual,Sedan,Silver,2,0,1.0,46933.24
Toyota,2014,213228.0,Petrol,Manual,SUV,Red,1,0,0.0,1343.17
Chevrolet,2019,40905.0,Petrol,DSG,Sedan,Green,2,0,1.0,7021.97
Ford,2015,51628.0,Diesel,CVT,SUV,Orange,2,0,1.0,3889.37
Kia,2020,6223.0,Petrol,Automatic,SUV,Silver,1,0,0.0,10597.52
Ford,2015,103319.0,Diesel,Manual,SUV,Silver,3,1,1.0,1961.43
Jeep,2023,8591.0,Petrol,Manual,SUV,Green,3,0,1.0,28503.97
Mercedes,2016,28942.0,Petrol,DSG,Pickup,Gray,2,0,0.0,12888.27
Nissan,2015,90404.0,Petrol,Manual,Sedan,Orange,1,1,1.0,2734.62
Toyota,2011,45721.0,Petrol,Manual,Wagon,Red,2,0,1.0,3169.44
Honda,2015,69856.0,Petrol,Automatic,Pickup,Brown,2,0,0.0,3945.33
Mazda,2011,70537.0,Petrol,Manual,Hatchback,Blue,1,0,0.0,1610.04
Ford,2016,81382.0,Petrol,CVT,Convertible,White,3,0,1.0,3539.82
Kia,2019,29156.0,Diesel,Automatic,Sedan,Brown,3,0,1.0,4631.15
Mitsubishi,2023,,Diesel,CVT,Sedan,Green,1,0,1.0,13136.47
Ford,2016,1943.551565267763,Petrol,Manual,Hatchback,Red,2,0,0.0,6416.245747156677
BMW,2014,76573.0,Petrol,Manual,Sedan,Yellow,2,0,1.0,8025.36
BMW,2010,69637.0,Petrol,Manual,SUV,Silver,1,1,1.0,2434.59
Chevrolet,2014,33779.0,Diesel,Automatic,Sedan,White,3,0,1.0,4986.26
Nissan,2019,81735.0,Diesel,Manual,Wagon,Red,2,0,1.0,7933.4
Mitsubishi,2020,33123.0,Petrol,DSG,Hatchback,Gray,1,0,1.0,10118.96
Lexus,2018,50459.0,Diesel,Manual,Wagon,Orange,1,0,1.0,16723.51
Ford,2023,23252.0,Diesel,Automatic,SUV,Gray,2,0,0.0,10896.66
Mazda,2020,9694.0,Diesel,Automatic,Sedan,Orange,1,0,0.0,9275.9
BMW,2017,13358.0,Petrol,Manual,Hatchback,White,4,0,0.0,16928.8
Honda,2015,113684.0,Diesel,Manual,Convertible,Green,1,0,1.0,2961.45
Nissan,2018,85658.0,Diesel,Automatic,Hatchback,Gray,1,0,0.0,5416.94
BMW,2015,20068.0,Electric,Automatic,SUV,Silver,1,0,1.0,13809.25
Chevrolet,2023,10605.0,Electric,Automatic,SUV,Red,1,0,0.0,19178.97
Toyota,2010,48453.0,Hybrid,Automatic,Pickup,Yellow,3,0,0.0,2709.32
Audi,2023,6248.0,Electric,Automatic,SUV,Red,1,0,1.0,12834.25
Toyota,2019,17875.0,Hybrid,Automatic,SUV,Yellow,1,0,1.0,12571.45
Honda,2020,81671.0,Hybrid,Automatic,Coupe,Orange,4,0,1.0,7725.1
Hyundai,2011,19902.0,Electric,Automatic,Wagon,Black,3,0,1.0,1886.25
Subaru,2017,197862.0,Petrol,Automatic,SUV,Green,2,0,1.0,2630.74
Ford,2016,67690.0,Diesel,Automatic,Sedan,Yellow,1,1,0.0,2648.25
Mazda,2016,44622.0,Petrol,Automatic,SUV,Green,2,0,1.0,5887.59
Ford,2022,17092.0,Petrol,Manual,Coupe,Yellow,1,0,1.0,22736.82
Mercedes,2023,7104.0,Diesel,Manual,Sedan,Gray,2,0,1.0,42862.53
Jeep,2016,199947.0,Diesel,Manual,Sedan,Silver,3,0,1.0,2363.89
Nissan,2017,32221.0,Petrol,Automatic,Hatchback,Gray,1,0,1.0,6037.88
Mercedes,2020,25135.0,Hybrid,DSG,Sedan,Yellow,3,0,1.0,22559.15
Subaru,2022,15081.0,Petrol,CVT,Hatchback,Yellow,1,0,1.0,21436.13
Toyota,2016,204211.0,CNG,Automatic,Wagon,Black,1,0,1.0,1623.11
Toyota,2021,13723.0,Petrol,CVT,Wagon,Silver,1,0,1.0,18748.47
Toyota,2021,13087.0,Petrol,Automatic,Sedan,Red,2,0,1.0,24611.38
Volkswagen,2021,127137.0,Electric,Manual,SUV,Orange,2,0,1.0,3048.68
Hyundai,2016,1404.4074796820569,Diesel,Automatic,Coupe,Green,4,0,0.0,8678.543594624975
Toyota,2011,73700.0,Petrol,Automatic,Sedan,Green,1,0,1.0,1685.11
Honda,2017,89422.0,Electric,Automatic,Coupe,Red,2,0,1.0,5873.92
BMW,2017,54344.0,Petrol,Manual,Coupe,Black,2,1,1.0,7075.18
Kia,2015,135796.0,Petrol,Manual,Sedan,Silver,2,0,1.0,1413.06
Audi,2013,18090.0,Diesel,Manual,SUV,Green,2,0,,8327.84
Toyota,2012,75606.0,Petrol,Manual,Coupe,Silver,1,1,1.0,2272.99
Nissan,2013,151852.0,Diesel,DSG,Coupe,Gray,1,0,1.0,1320.23
Chevrolet,2011,62220.0,Petrol,Automatic,Pickup,White,2,0,0.0,839.41
Ford,2019,115320.0,Petrol,CVT,Hatchback,Gray,1,0,0.0,4587.74
Jeep,2020,9327.0,Petrol,Manual,Sedan,Blue,1,0,1.0,26666.1
Toyota,2012,114829.0,Petrol,Automatic,Hatchback,Silver,3,0,0.0,1693.91
Honda,2019,18805.0,Petrol,CVT,Sedan,Brown,1,0,0.0,14177.01
Hyundai,2013,90013.0,Electric,Manual,Pickup,Blue,2,0,0.0,1243.96
Nissan,2018,44183.0,Petrol,Manual,SUV,Black,1,0,0.0,9275.04
Chevrolet,2022,3000.0,CNG,CVT,SUV,Green,2,1,,17142.04
Chevrolet,2015,201230.0,Hybrid,Automatic,Sedan,Gray,3,0,0.0,1793.57
Toyota,2015,26460.0,Petrol,CVT,Coupe,Yellow,1,0,1.0,7036.37
Subaru,2011,100537.0,Electric,Automatic,Pickup,Orange,2,1,1.0,1784.7
Toyota,2013,277611.0,Electric,CVT,Sedan,Red,1,0,0.0,784.86
Jeep,2021,18407.0,Petrol,Manual,Sedan,Yellow,1,1,1.0,10516.02
Toyota,2011,36786.0,Diesel,Manual,Sedan,Brown,1,0,1.0,2201.66
BMW,2010,278861.0,Petrol,DSG,Sedan,Blue,1,1,0.0,616.39
Volvo,2011,111020.0,Petrol,Manual,SUV,Green,1,0,1.0,4684.06
Suzuki,2018,36898.0,Diesel,Automatic,Hatchback,Blue,1,0,1.0,3988.5
Toyota,2012,81037.0,Diesel,Manual,Sedan,Yellow,1,0,1.0,2726.48
Honda,2020,48296.0,Diesel,Manual,SUV,Black,4,0,1.0,7803.14
Jeep,2011,111932.0,Petrol,CVT,Sedan,White,1,0,1.0,2815.36
Honda,2012,92098.0,Petrol,Automatic,Sedan,Orange,1,0,1.0,1578.78
Mercedes,2022,11433.0,Petrol,Automatic,SUV,Yellow,1,1,1.0,27897.09
Audi,2016,57350.0,Petrol,Automatic,SUV,Green,4,0,1.0,7570.03
Chevrolet,2022,21220.0,Diesel,Automatic,Wagon,Green,2,0,1.0,20779.64
Toyota,2017,111352.0,Petrol,Automatic,Sedan,Yellow,2,0,0.0,6343.31
Honda,2013,254726.0,Petrol,Automatic,SUV,Red,3,0,1.0,945.83
Toyota,2012,60631.0,Petrol,Automatic,SUV,Yellow,1,0,1.0,3626.66
Lexus,2017,10648.0,Diesel,Manual,Coupe,Orange,2,0,1.0,21944.92
Chevrolet,2020,30656.0,Electric,CVT,Coupe,Gray,1,0,1.0,13196.11
Ford,2022,4309.0,Electric,CVT,Sedan,Gray,2,0,0.0,12727.35
Toyota,2016,72439.0,Petrol,Automatic,Hatchback,Black,1,0,1.0,5067.85
BMW,2018,27747.0,Petrol,Manual,Pickup,Black,4,0,1.0,13751.85
Lexus,2013,220401.0,Petrol,Manual,Hatchback,Silver,2,0,0.0,1623.63
Ford,2023,8075.0,Petrol,Automatic,Pickup,Brown,2,1,1.0,17997.83
Ford,2016,53943.0,Petrol,Automatic,Sedan,Silver,1,0,0.0,5013.62
Volkswagen,2023,19537.0,Diesel,CVT,Coupe,Brown,3,0,1.0,19794.15
Toyota,2015,61111.0,Petrol,CVT,Sedan,White,2,0,0.0,3724.63
Mercedes,2022,40206.0,Hybrid,Automatic,Sedan,Green,1,0,0.0,29267.79
Kia,2014,29408.0,Petrol,Manual,Sedan,Blue,2,0,1.0,4752.89
BMW,2016,30819.0,Petrol,CVT,SUV,Green,2,1,1.0,8996.36
Hyundai,2021,18748.0,Petrol,CVT,Sedan,Yellow,1,0,1.0,15321.64
Lexus,2016,63109.0,CNG,Automatic,Hatchback,Blue,2,0,1.0,14064.98
Kia,2012,1650.1392807282555,Petrol,CVT,SUV,Brown,2,0,1.0,7323.278616942207
Nissan,2019,34603.0,Petrol,DSG,Sedan,Brown,2,0,1.0,8128.73
Honda,2017,10642.0,Petrol,Manual,SUV,Silver,1,0,1.0,14077.02
Nissan,2014,1445.1331366634658,Petrol,CVT,SUV,Black,1,0,0.0,3552.710504315044
Honda,2012,42989.0,Diesel,Automatic,SUV,White,1,0,1.0,3100.38
Mercedes,2021,12053.0,CNG,Manual,Sedan,Gray,2,0,1.0,38029.07
Subaru,2017,57736.0,Diesel,Automatic,Pickup,Yellow,3,0,1.0,4537.38
Mazda,2017,35049.0,Petrol,Automatic,Hatchback,Silver,1,0,0.0,8749.37
Hyundai,2022,6275.0,CNG,Automatic,SUV,Green,1,0,1.0,17031.21
Porsche,2011,295872.0,Diesel,DSG,Sedan,Yellow,2,0,1.0,1705.15
Volvo,2019,12778.0,Diesel,CVT,Hatchback,Silver,1,1,1.0,10697.64
Chevrolet,2011,126107.0,Diesel,Manual,Hatchback,Gray,1,1,1.0,1852.33
Mercedes,2015,57790.0,Hybrid,Automatic,Sedan,Orange,1,0,1.0,11295.55
Toyota,2013,44383.0,Hybrid,DSG,Coupe,Black,2,0,1.0,2129.34
Honda,2010,136621.0,Petrol,Manual,Hatchback,Yellow,2,1,1.0,1054.16
Volkswagen,2010,112833.0,Diesel,Manual,Hatchback,Gray,1,0,1.0,1504.47
Hyundai,2010,57081.0,Petrol,Automatic,SUV,Gray,1,0,1.0,1576.37
Honda,2010,249561.0,Electric,Manual,Convertible,Yellow,1,0,1.0,679.24
Mercedes,2020,16937.0,Petrol,DSG,SUV,Blue,1,0,1.0,21143.23
Toyota,2022,7051.0,Petrol,Manual,Wagon,Silver,2,0,0.0,19902.78
Toyota,2021,14261.0,Electric,Manual,SUV,Red,1,0,1.0,22672.29
Jeep,2018,13393.0,Diesel,Manual,SUV,White,1,0,0.0,11630.03
Mitsubishi,2021,56749.0,Petrol,Manual,SUV,Gray,3,0,1.0,7461.05
Honda,2020,8140.0,Petrol,Manual,SUV,White,2,0,0.0,14271.7
Audi,2015,37131.0,Diesel,CVT,Convertible,White,1,0,1.0,12331.65
BMW,2018,26845.0,Diesel,Automatic,Hatchback,Green,1,1,1.0,12271.05
Honda,2015,34094.0,Petrol,Automatic,Hatchback,Gray,1,0,1.0,7640.37
Kia,2013,138732.0,Petrol,Automatic,Hatchback,Green,1,0,1.0,1371.85
Audi,2021,9955.0,Diesel,Automatic,Hatchback,Black,2,0,0.0,26875.69
Audi,2017,162675.0,Petrol,Manual,Sedan,Yellow,2,0,1.0,4427.49
Kia,2016,43464.0,Petrol,Manual,Sedan,Orange,1,0,1.0,5058.11
Kia,2010,225253.0,Petrol,CVT,Hatchback,Blue,1,0,1.0,820.54
Mitsubishi,2016,300000.0,Hybrid,Automatic,Wagon,Green,1,1,1.0,815.1
Toyota,2016,10909.0,Electric,Manual,Hatchback,Red,1,0,1.0,9103.73
Ford,2018,44129.0,Hybrid,Manual,Hatchback,Silver,2,0,1.0,6645.1
Hyundai,2021,46201.0,Petrol,Manual,Hatchback,Blue,1,0,1.0,7401.61
Kia,2019,23484.0,Diesel,Automatic,Hatchback,Blue,1,0,1.0,8222.13
Hyundai,2019,27476.0,Diesel,Manual,Sedan,Green,1,1,1.0,8032.95
Mercedes,2013,36810.0,CNG,DSG,SUV,Red,1,0,1.0,8621.22
Audi,2017,31660.0,Diesel,Automatic,SUV,Orange,1,0,1.0,17746.37
Honda,2017,32189.0,Petrol,Automatic,Hatchback,Yellow,2,0,1.0,8283.45
Tesla,2013,131524.0,Petrol,Manual,Sedan,Yellow,1,0,1.0,4897.23
Kia,2011,48055.0,Diesel,Automatic,SUV,Gray,1,0,1.0,1740.94
Suzuki,2015,125679.0,Electric,Automatic,Wagon,Green,2,0,1.0,1007.18
Chevrolet,2012,28888.0,Petrol,Manual,Hatchback,Silver,1,0,0.0,3177.76
Volkswagen,2023,4068.0,Diesel,Manual,SUV,Yellow,2,0,1.0,29891.64
Mitsubishi,2020,22623.0,Petrol,CVT,Pickup,Green,1,0,1.0,11578.18
Toyota,2014,26222.0,Diesel,DSG,Wagon,Red,1,1,1.0,3344.84
Toyota,2021,36563.0,Electric,Manual,Sedan,Brown,1,0,1.0,13219.59
Ford,2016,87483.0,Diesel,Manual,SUV,Blue,1,0,1.0,4810.33
Jeep,2021,24822.0,Diesel,Manual,Coupe,Blue,1,0,0.0,17924.16
Mazda,2011,228265.0,Diesel,CVT,SUV,Black,2,0,1.0,798.58
Ford,2013,300000.0,Petrol,Automatic,SUV,Blue,2,0,1.0,632.48
Volkswagen,2014,17445.0,Petrol,Automatic,Sedan,Yellow,1,0,1.0,5544.53
Hyundai,2016,125019.0,Petrol,Automatic,Wagon,Orange,1,1,1.0,2133.01
Kia,2013,55245.0,Petrol,Automatic,Sedan,Red,1,0,0.0,1578.32
BMW,2011,50120.0,Hybrid,Manual,Sedan,Brown,1,0,0.0,4564.13
Chevrolet,2012,300000.0,Petrol,CVT,Sedan,Gray,2,0,0.0,672.39
Toyota,2011,140476.0,Diesel,DSG,Pickup,Brown,1,0,1.0,1308.18
Ford,2020,16619.0,Diesel,CVT,SUV,Green,1,0,0.0,12001.95
Honda,2014,62555.0,Electric,CVT,Wagon,Gray,3,0,1.0,2635.48
Mazda,2010,300000.0,Petrol,Manual,Convertible,Gray,1,0,0.0,401.58
BMW,2018,44853.0,Petrol,Manual,Wagon,White,1,0,1.0,12994.32
Honda,2015,31211.0,Petrol,Manual,Sedan,Orange,2,0,1.0,4394.64
Mazda,2020,47036.0,Diesel,Automatic,SUV,Gray,2,0,1.0,12682.05
Kia,2012,144341.0,Electric,Manual,SUV,Orange,2,0,1.0,915.47
Ford,2014,87568.0,Petrol,Automatic,Coupe,Brown,1,0,1.0,2882.64
Nissan,2016,67237.0,Diesel,DSG,Sedan,Brown,1,1,1.0,2867.54
Ford,2022,11857.0,Hybrid,Automatic,SUV,Yellow,2,0,1.0,12503.6
Ford,2021,47268.0,Electric,DSG,SUV,Green,2,1,0.0,11028.95
Ford,2017,90926.0,Petrol,Manual,Sedan,Yellow,1,0,1.0,4034.98
Volkswagen,2011,32397.0,CNG,DSG,Hatchback,Green,1,1,1.0,2200.0
Audi,2011,33413.0,Petrol,Manual,Coupe,Orange,1,0,0.0,7390.56
Volkswagen,2021,11834.0,Petrol,CVT,Sedan,Blue,1,0,1.0,25099.12
Subaru,2021,27890.0,Diesel,Automatic,Convertible,Yellow,1,0,1.0,20341.03
Honda,2022,11789.0,Petrol,Manual,Hatchback,Black,1,0,0.0,28408.61
Mazda,2020,47591.0,Diesel,Automatic,SUV,Green,1,0,1.0,7474.07
Audi,2022,33157.0,Hybrid,Automatic,SUV,White,1,0,1.0,30023.79
Volkswagen,2018,13711.0,Diesel,Manual,SUV,Black,2,1,0.0,8079.93
Honda,2015,22279.0,Petrol,Automatic,SUV,Yellow,1,0,1.0,6247.79
Nissan,2010,148945.0,Petrol,Automatic,Pickup,Orange,1,0,0.0,1216.19
Chevrolet,2015,300000.0,Petrol,Automatic,Wagon,Orange,2,0,0.0,896.0
Chevrolet,2010,275820.0,Diesel,Manual,SUV,Yellow,2,1,1.0,320.54
Mercedes,2021,46234.0,Petrol,CVT,Hatchback,Blue,3,1,1.0,20141.63
Kia,2011,33422.0,Petrol,Manual,Sedan,White,2,0,1.0,2667.0
Lexus,2018,56988.0,Hybrid,Automatic,Sedan,Green,1,0,1.0,12748.81
Kia,2021,49662.0,CNG,CVT,SUV,Silver,2,1,1.0,8646.17
BMW,2014,70139.0,Petrol,Manual,Convertible,Gray,1,0,1.0,4579.74
Mercedes,2023,11319.0,Petrol,Automatic,Convertible,Green,2,0,0.0,48851.18
Honda,2012,43209.0,Petrol,Automatic,SUV,White,2,0,0.0,2745.01
Ford,2021,7440.0,Electric,Automatic,SUV,Black,4,1,0.0,17021.15
Toyota,2015,256566.0,CNG,Manual,Hatchback,White,1,0,1.0,1040.4
Mazda,2015,73313.0,Petrol,Manual,SUV,Blue,1,0,0.0,3487.42
Toyota,2021,55187.0,Petrol,CVT,Sedan,Brown,1,0,1.0,16431.46
Toyota,2016,73180.0,Hybrid,CVT,Hatchback,Black,1,0,1.0,4239.57
BMW,2023,3831.0,Petrol,CVT,Hatchback,Red,3,0,1.0,41037.36
Volkswagen,2015,33288.0,Petrol,Automatic,Hatchback,Yellow,3,0,1.0,6772.93
Suzuki,2015,300000.0,Hybrid,Manual,Hatchback,Green,3,0,1.0,455.76
Ford,2018,32900.0,Hybrid,CVT,Hatchback,Red,1,0,1.0,10160.46
Kia,2013,161466.0,Diesel,Automatic,Sedan,Red,2,0,1.0,905.32
Ford,2011,189458.0,Petrol,DSG,Sedan,White,3,1,1.0,579.0
Kia,2012,27276.0,Electric,DSG,Sedan,Brown,2,0,0.0,2575.06
Hyundai,2023,16500.0,Hybrid,Automatic,SUV,Silver,1,0,1.0,28735.06
Nissan,2023,7332.0,Petrol,Automatic,Sedan,Red,1,1,0.0,19309.01
Mitsubishi,2019,56847.0,Diesel,Automatic,SUV,White,2,0,0.0,6816.66
Suzuki,2015,71119.0,Hybrid,Manual,SUV,Orange,2,0,1.0,2788.47
Volkswagen,2018,30757.0,Diesel,Automatic,SUV,Blue,2,0,0.0,7969.49
Jeep,2021,88365.0,Petrol,Automatic,Pickup,Red,2,0,1.0,8876.46
Volkswagen,2022,7696.0,Diesel,Automatic,Sedan,Orange,1,0,1.0,17450.75
Ford,2021,18921.0,Diesel,CVT,Coupe,Blue,4,0,1.0,12227.96
Toyota,2012,34022.0,Electric,CVT,Coupe,Yellow,1,0,1.0,3899.52
Volvo,2019,68026.0,Hybrid,Automatic,Wagon,Blue,1,0,0.0,10647.15
BMW,2020,79150.0,Petrol,Manual,Sedan,White,1,0,1.0,16598.24
Volkswagen,2017,45008.0,Electric,Manual,SUV,Yellow,3,0,1.0,6948.39
Tesla,2014,66154.0,Hybrid,Automatic,Hatchback,Gray,1,0,1.0,6641.6
Toyota,2017,26106.0,Hybrid,Manual,Wagon,Green,1,0,,10914.39
Toyota,2010,119801.0,Petrol,CVT,Convertible,Green,1,0,0.0,1400.49
Nissan,2019,116791.0,Diesel,Manual,Hatchback,Red,2,0,1.0,7074.53
Jeep,2023,9303.0,Petrol,Manual,SUV,Silver,1,0,1.0,21028.92
Audi,2016,95292.0,Petrol,Automatic,SUV,Blue,1,0,1.0,6474.62
BMW,2011,81622.0,Diesel,Automatic,SUV,Gray,2,0,1.0,3976.82
Subaru,2011,63572.0,Electric,CVT,Sedan,Brown,1,0,0.0,2893.3
Kia,2023,36078.0,Petrol,Automatic,Coupe,Silver,1,0,0.0,12969.79
Mitsubishi,2010,142593.0,Diesel,Automatic,Pickup,Silver,1,0,0.0,855.9
Nissan,2021,21818.0,Diesel,Automatic,Hatchback,Black,2,0,1.0,9936.64
Lexus,2010,93334.0,Diesel,Manual,Hatchback,Orange,1,0,1.0,3645.61
Hyundai,2021,17437.0,Diesel,Manual,SUV,Blue,1,1,1.0,13042.8
Ford,2023,11961.0,Hybrid,Automatic,SUV,Green,2,0,0.0,22312.94
Audi,2016,23196.0,Electric,DSG,Wagon,Orange,1,0,1.0,14965.75
Suzuki,2019,58412.0,Hybrid,Manual,Coupe,Blue,3,0,1.0,4765.22
Ford,2014,65657.0,Diesel,Manual,Pickup,Orange,3,0,0.0,2291.62
Honda,2019,36764.0,Petrol,Automatic,Sedan,Black,1,0,0.0,10554.43
Mercedes,2013,105129.0,Diesel,Automatic,SUV,White,1,0,0.0,4395.98
Hyundai,2021,11889.0,Electric,Manual,Sedan,Brown,1,0,0.0,13919.22
Kia,2011,9517.0,Hybrid,Automatic,Sedan,White,1,0,1.0,2879.92
Ford,2023,10688.0,Diesel,DSG,Hatchback,Red,4,0,1.0,5143.46
Kia,2020,25667.0,Petrol,Automatic,Hatchback,White,1,0,0.0,13958.8
Porsche,2015,170617.0,Diesel,DSG,SUV,Yellow,3,1,1.0,4890.73
BMW,2021,5258.0,Diesel,Manual,SUV,Orange,1,0,1.0,36079.46
Audi,2018,17884.0,Petrol,Automatic,Coupe,Orange,1,0,1.0,13248.9
Ford,2015,55891.0,Electric,Automatic,Coupe,Orange,3,0,1.0,4062.05
Volkswagen,2015,16752.0,Petrol,Automatic,SUV,Brown,1,0,1.0,6957.17
Lexus,2016,37740.0,Electric,Automatic,Hatchback,Orange,4,0,1.0,9235.01
Lexus,2017,1010.9929159950095,Diesel,Automatic,SUV,Gray,1,0,1.0,49016.94360243855
Toyota,2016,77230.0,Electric,Manual,Sedan,Black,4,0,1.0,4314.15
Mercedes,2022,21218.0,Hybrid,Manual,Sedan,Black,2,0,1.0,36080.4
Kia,2015,22381.0,Petrol,Manual,Pickup,Silver,1,1,0.0,2587.1
Kia,2012,155234.0,Petrol,Manual,Sedan,White,1,0,0.0,1655.89
Kia,2020,56372.0,Petrol,Automatic,SUV,Gray,1,0,0.0,6748.09
Mercedes,2022,7146.0,Hybrid,Manual,SUV,Green,4,0,0.0,29567.25
Mercedes,2011,186479.0,Hybrid,Automatic,SUV,Gray,4,0,1.0,1679.75
Toyota,2015,21498.0,Petrol,Manual,Wagon,Brown,1,0,1.0,8937.86
Mercedes,2015,81778.0,Electric,Manual,SUV,Red,1,0,1.0,9524.0
Mazda,2010,127306.0,Diesel,CVT,Hatchback,Red,3,1,1.0,1021.11
Ford,2012,89470.0,Petrol,Automatic,Wagon,Green,4,0,1.0,1986.98
Mazda,2015,82935.0,Electric,DSG,Sedan,Orange,2,0,1.0,3348.08
Lexus,2013,50154.0,Diesel,Automatic,Coupe,White,1,0,1.0,6780.48
Nissan,2016,55553.0,Petrol,Manual,Hatchback,Gray,2,0,1.0,3943.93
Subaru,2021,37428.0,Diesel,Automatic,Sedan,White,2,0,0.0,15677.07
BMW,2014,53238.0,Hybrid,Automatic,Wagon,Brown,2,0,1.0,6359.06
Kia,2010,116452.0,Petrol,Manual,Pickup,Blue,1,0,1.0,1198.19
Hyundai,2015,9955.0,Diesel,Automatic,SUV,Silver,2,0,0.0,3588.21
Nissan,2017,9708.0,Petrol,Manual,Sedan,Gray,1,0,1.0,6773.37
Nissan,2021,10595.0,Petrol,Automatic,Pickup,Brown,1,0,1.0,15701.92
Toyota,2021,57910.0,Petrol,Manual,Hatchback,Brown,1,0,1.0,11220.58
Ford,2014,289517.0,Electric,Manual,Hatchback,Orange,1,0,0.0,684.15
Jeep,2011,56548.0,Petrol,Manual,SUV,Orange,1,1,1.0,2538.62
Mitsubishi,2013,138087.0,Hybrid,CVT,Hatchback,White,2,0,1.0,1412.94
Hyundai,2011,79900.0,Petrol,CVT,Sedan,Silver,1,0,1.0,2173.28
Kia,2015,176861.0,Petrol,Manual,SUV,Black,1,0,0.0,1527.44
Ford,2020,31768.0,Petrol,Automatic,SUV,Green,1,1,1.0,6873.74
Kia,2013,91311.0,Diesel,Manual,Sedan,Brown,1,0,1.0,2405.8
Toyota,2021,28367.0,Petrol,Manual,SUV,Brown,2,0,0.0,8729.14
Volvo,2013,128803.0,Petrol,Manual,Convertible,Blue,4,0,0.0,2384.58
Hyundai,2013,225411.0,Diesel,DSG,Sedan,Brown,2,0,0.0,1104.74
Honda,2017,99114.0,Petrol,Automatic,Coupe,Blue,1,0,0.0,4882.88
Mitsubishi,2013,300000.0,Electric,Automatic,Hatchback,Black,4,1,1.0,236.06
Hyundai,2012,18378.0,Petrol,DSG,SUV,Brown,2,0,0.0,3134.84
Nissan,2020,24392.0,Petrol,Manual,Pickup,Black,2,0,1.0,7849.44
Honda,2013,220109.0,Hybrid,Manual,Hatchback,Green,3,0,0.0,737.62
Kia,2017,66125.0,Petrol,CVT,Hatchback,Silver,2,0,1.0,5491.32
Nissan,2017,68993.0,Petrol,CVT,SUV,Blue,2,0,1.0,4526.84
Mazda,2019,39219.0,Hybrid,Manual,SUV,White,1,0,1.0,8506.1
Mercedes,2021,48065.0,Petrol,Automatic,Sedan,Gray,1,0,1.0,27084.28
Chevrolet,2017,38702.0,Petrol,Manual,Hatchback,Blue,1,1,1.0,6715.93
Volkswagen,2013,151671.0,Petrol,Manual,Convertible,Blue,1,0,1.0,2800.59
Subaru,2010,72526.0,CNG,Manual,SUV,Green,1,0,1.0,1425.01
Chevrolet,2013,63629.0,Diesel,CVT,Hatchback,Black,2,0,0.0,3620.7
Kia,2019,30409.0,Petrol,Manual,Hatchback,Brown,4,0,1.0,7856.77
Honda,2020,22070.0,Petrol,CVT,Sedan,Red,2,0,0.0,13497.13
Chevrolet,2022,11761.0,Diesel,Automatic,Coupe,Gray,1,0,1.0,23906.85
Honda,2016,65582.0,Electric,DSG,SUV,Red,1,1,1.0,5031.85
Toyota,2019,46665.0,Diesel,Automatic,SUV,Orange,1,0,0.0,9057.45
Mercedes,2011,196658.0,Diesel,DSG,Sedan,Blue,2,0,0.0,2142.5
Honda,2015,39069.0,Petrol,Manual,Sedan,White,1,0,1.0,3976.11
BMW,2017,35650.0,Petrol,DSG,SUV,Orange,1,0,0.0,14371.99
Subaru,2020,16594.0,Electric,DSG,Sedan,Green,2,0,1.0,12882.58
Nissan,2020,22089.0,Electric,CVT,Hatchback,Black,1,0,1.0,11787.22
Audi,2019,113553.0,Diesel,Manual,Wagon,Orange,1,0,1.0,13009.07
Toyota,2015,97260.0,Diesel,Manual,Hatchback,Orange,1,0,0.0,4410.25
Mitsubishi,2021,9755.0,Petrol,Manual,Sedan,Blue,2,0,1.0,11175.16
Hyundai,2010,138985.0,Petrol,Manual,SUV,Silver,1,0,1.0,1068.33
Mitsubishi,2021,23528.0,Petrol,Manual,Coupe,Green,2,0,1.0,8806.04
Toyota,2014,63093.0,Electric,Automatic,Hatchback,Black,1,0,1.0,4934.8
Volkswagen,2012,143201.0,Electric,Automatic,Sedan,Green,2,0,1.0,2013.2
Mitsubishi,2016,54038.0,Diesel,Automatic,Coupe,Red,2,0,1.0,3208.68
Mercedes,2014,23061.0,Electric,Automatic,SUV,Orange,2,0,1.0,9366.18
Nissan,2020,74600.0,Petrol,Automatic,SUV,Black,3,0,1.0,11772.91
Subaru,2014,116469.0,Hybrid,DSG,Sedan,Red,2,0,1.0,2272.64
Chevrolet,2017,46477.0,CNG,Automatic,Coupe,Brown,1,0,1.0,8316.45
Audi,2013,96401.0,Petrol,Manual,Sedan,Red,2,0,0.0,4674.86
Honda,2012,74534.0,CNG,Automatic,Coupe,Gray,1,0,1.0,2333.69
BMW,2016,41958.0,Diesel,Automatic,Pickup,Yellow,3,0,0.0,4800.39
Kia,2012,209259.0,Electric,Automatic,SUV,Green,1,0,1.0,828.42
Toyota,2011,102757.0,Diesel,CVT,Sedan,Blue,2,0,0.0,1404.99
Nissan,2016,13702.0,Hybrid,Automatic,SUV,Orange,2,0,1.0,7618.32
Suzuki,2016,65905.0,CNG,Manual,Sedan,Yellow,1,0,0.0,3391.26
Toyota,2014,44334.0,CNG,Manual,Sedan,Silver,2,0,0.0,5211.16
Kia,2022,14424.0,Diesel,CVT,SUV,Blue,1,0,1.0,15708.22
BMW,2016,,Hybrid,Automatic,Wagon,Gray,1,1,1.0,8471.28
BMW,2020,23932.0,Diesel,CVT,Hatchback,Green,2,0,1.0,25056.61
Mitsubishi,2014,102622.0,CNG,Automatic,SUV,Green,2,0,1.0,1964.24
Mazda,2020,25636.0,Petrol,Automatic,SUV,Yellow,1,0,1.0,10467.88
Audi,2010,80692.0,Electric,Automatic,Hatchback,White,3,0,1.0,2174.92
Hyundai,2015,177517.0,Petrol,Manual,SUV,Silver,1,0,1.0,1828.42
Kia,2013,96453.0,CNG,Automatic,SUV,Blue,1,0,1.0,2779.33
Jeep,2012,39022.0,Hybrid,Automatic,Coupe,Black,2,0,1.0,4154.15
Nissan,2016,32959.0,Electric,Automatic,SUV,Yellow,2,1,1.0,6669.84
Honda,2016,66300.0,CNG,CVT,Hatchback,Green,4,0,1.0,2905.46
Tesla,2013,38190.0,Petrol,DSG,Sedan,Green,1,0,1.0,9806.56
Jeep,2019,29393.0,Petrol,Automatic,SUV,Brown,1,0,1.0,11010.13
Kia,2020,29333.0,Hybrid,Manual,Sedan,Orange,3,0,1.0,10002.84
BMW,2013,60585.0,Petrol,CVT,SUV,Gray,1,1,1.0,5696.69
Honda,2020,21442.0,Petrol,Manual,SUV,Brown,1,0,0.0,13889.99
Toyota,2019,17175.0,Electric,Automatic,SUV,Brown,1,0,1.0,8051.28
Hyundai,2011,110808.0,Petrol,DSG,Hatchback,Orange,1,1,1.0,1250.3
Mercedes,2011,57996.0,CNG,CVT,Pickup,Blue,1,0,0.0,5778.2
Mazda,2011,244264.0,Diesel,Manual,Coupe,Red,4,0,1.0,726.57
Mitsubishi,2016,14419.0,Petrol,Manual,Hatchback,Silver,1,0,1.0,5894.6
Toyota,2022,16804.0,Petrol,CVT,Sedan,White,2,0,1.0,21809.72
Ford,2014,300000.0,Petrol,Manual,Sedan,Brown,2,0,0.0,539.49
Hyundai,2010,227815.0,Hybrid,DSG,Wagon,Yellow,1,1,1.0,417.12
Nissan,2023,12539.0,Electric,Manual,Sedan,Yellow,2,1,1.0,18856.49
Hyundai,2013,90918.0,Diesel,CVT,SUV,Red,1,0,1.0,2518.0
Hyundai,2021,77558.0,Petrol,Automatic,Hatchback,Blue,1,0,1.0,10017.27
Ford,2020,31669.0,Hybrid,CVT,Sedan,White,3,0,1.0,7877.16
Jeep,2013,29436.0,Petrol,Automatic,Convertible,Green,1,1,1.0,2754.73
Honda,2021,63838.0,Diesel,Automatic,Sedan,Black,1,0,1.0,11301.34
Volkswagen,2012,151308.0,Petrol,Manual,SUV,Blue,1,0,1.0,2102.17
Honda,2021,30603.0,Hybrid,Manual,Hatchback,Red,1,0,1.0,14984.82
Toyota,2021,23086.0,Electric,DSG,Sedan,Green,1,1,1.0,14546.04
Lexus,2016,79836.0,Hybrid,Manual,Coupe,Orange,1,0,1.0,12946.43
Mercedes,2017,279807.0,Diesel,Automatic,Convertible,Green,1,0,1.0,2917.85
Nissan,2021,7303.0,Petrol,DSG,Wagon,Yellow,3,0,1.0,12300.73
Ford,2022,11959.0,CNG,Automatic,Convertible,Silver,1,0,1.0,18569.34
Volkswagen,2021,15631.0,Diesel,Manual,Sedan,Brown,2,0,1.0,15495.1
Volkswagen,2021,10782.0,Petrol,CVT,SUV,Yellow,2,0,1.0,18614.8
Hyundai,2013,70251.0,Petrol,Manual,SUV,White,1,0,1.0,3056.64
Hyundai,2020,70083.0,Petrol,DSG,Coupe,Black,4,0,1.0,6508.17
Toyota,2017,91213.0,Petrol,Automatic,Sedan,White,1,0,1.0,5130.54
Toyota,2011,187181.0,Hybrid,Automatic,Hatchback,Yellow,1,0,1.0,1020.63
Toyota,2016,83518.0,Petrol,Automatic,SUV,Silver,2,0,0.0,6438.07
Subaru,2023,9957.0,Petrol,Automatic,Sedan,Green,1,0,0.0,32241.95
Ford,2022,11799.0,Diesel,Automatic,Sedan,Orange,1,0,1.0,29314.23
Mercedes,2022,6832.0,CNG,CVT,Hatchback,Silver,1,1,0.0,27290.3
Toyota,2016,64139.0,Petrol,Manual,SUV,Orange,4,1,0.0,3235.59
Mercedes,2020,4738.0,Petrol,Automatic,Sedan,White,3,0,1.0,26466.04
Chevrolet,2017,159043.0,Diesel,Manual,Sedan,Green,1,0,0.0,2879.32
Jeep,2022,10638.0,Petrol,Manual,Sedan,Black,1,0,1.0,24067.08
Chevrolet,2021,17927.0,Diesel,DSG,SUV,White,1,0,,14329.27
Hyundai,2011,21044.0,Diesel,Automatic,Sedan,White,1,0,1.0,2240.68
Ford,2021,27257.0,Petrol,Automatic,Hatchback,Red,3,0,1.0,10901.51
Ford,2016,12786.0,Electric,Automatic,SUV,Green,2,0,1.0,6509.21
Toyota,2015,52699.0,Petrol,Automatic,SUV,Brown,1,0,1.0,2978.94
Nissan,2022,4364.0,Petrol,Automatic,Sedan,Brown,1,0,1.0,19596.64
Ford,2011,28376.0,Petrol,CVT,SUV,Blue,1,0,0.0,3699.98
Volvo,2023,15753.0,Electric,DSG,SUV,Orange,2,0,0.0,36004.98
Volkswagen,2010,48706.0,Hybrid,Automatic,Sedan,Yellow,2,0,1.0,2380.3
Volkswagen,2013,91082.0,Hybrid,CVT,SUV,Brown,1,0,0.0,2029.92
Toyota,2015,241905.0,Hybrid,Automatic,SUV,Orange,2,0,1.0,1282.77
Hyundai,2013,33763.0,Hybrid,CVT,Hatchback,Gray,1,0,1.0,3355.52
Ford,2016,117537.0,Hybrid,Manual,Hatchback,White,2,0,1.0,4233.87
Ford,2021,21398.0,Petrol,CVT,Wagon,White,4,0,0.0,12781.84
Chevrolet,2016,74689.0,Diesel,Automatic,Wagon,Silver,4,0,1.0,4150.48
Toyota,2016,87002.0,Petrol,Automatic,Pickup,Red,2,1,1.0,3598.55
BMW,2017,300000.0,Hybrid,Manual,SUV,Green,1,0,1.0,2851.82
Chevrolet,2010,135377.0,Petrol,Automatic,Coupe,Red,2,0,1.0,945.95
Lexus,2022,11611.0,Electric,Manual,Hatchback,Brown,1,0,0.0,35695.18
Hyundai,2014,824.1486673748367,Diesel,Automatic,Sedan,Green,1,0,1.0,6646.705289390551
Hyundai,2023,1000.0,Hybrid,Manual,SUV,Orange,1,0,1.0,19013.64
Kia,2012,46872.0,Petrol,Automatic,Sedan,Red,2,0,0.0,1676.43
Honda,2019,30161.0,Petrol,DSG,Convertible,Black,2,0,1.0,9822.91
BMW,2011,43590.0,Petrol,Automatic,Coupe,Silver,3,0,1.0,4363.6
Mazda,2010,92387.0,Petrol,Automatic,SUV,White,2,0,0.0,1361.32
Mitsubishi,2010,140017.0,CNG,CVT,Sedan,Black,2,0,0.0,1041.52
Volkswagen,2020,37908.0,Diesel,Manual,Wagon,Blue,1,0,1.0,20820.69
Chevrolet,2011,171653.0,Hybrid,Manual,Sedan,Orange,1,0,1.0,1211.53
Honda,2013,300000.0,Petrol,Automatic,SUV,White,1,0,0.0,494.78
BMW,2015,40699.0,Diesel,DSG,SUV,Blue,1,0,1.0,7818.28
Ford,2022,3901.0,Petrol,Manual,SUV,Red,1,0,1.0,27622.55
Volvo,2011,47697.0,Petrol,DSG,Pickup,Silver,2,0,1.0,3573.2
Toyota,2019,1563.1178653147492,Petrol,Automatic,Sedan,Black,3,0,1.0,26915.740404178174
Honda,2023,7261.0,Diesel,Manual,Sedan,Black,2,1,1.0,23841.78
Porsche,2014,113537.0,Hybrid,Automatic,Sedan,Black,1,0,0.0,9065.89
Volkswagen,2010,184650.0,Hybrid,DSG,SUV,Red,1,0,0.0,951.46
Toyota,2018,24246.0,Hybrid,CVT,Hatchback,Orange,1,0,1.0,14620.66
Porsche,2010,207394.0,Petrol,CVT,Hatchback,Red,1,0,1.0,2415.47
Honda,2020,28256.0,Petrol,Automatic,SUV,Yellow,1,0,1.0,6243.62
Volvo,2017,93365.0,Petrol,Manual,SUV,Yellow,1,0,1.0,8319.21
Chevrolet,2010,78322.0,Petrol,Automatic,Hatchback,Gray,1,1,1.0,1233.88
Hyundai,2023,4676.0,Electric,Automatic,Sedan,Brown,1,0,1.0,23426.73
Hyundai,2012,16516.0,Diesel,Manual,Sedan,Brown,1,0,1.0,2949.99
Mercedes,2020,108970.0,Diesel,CVT,Sedan,Green,1,0,1.0,17579.07
Hyundai,2010,57265.0,Petrol,Manual,Sedan,Silver,1,0,1.0,1499.23
BMW,2015,115526.0,Petrol,Automatic,Sedan,Gray,4,0,1.0,4150.5
Mazda,2016,113359.0,Diesel,Automatic,Pickup,Blue,1,0,1.0,4454.45
Ford,2012,68521.0,Diesel,Automatic,Convertible,Green,1,0,1.0,2906.31
Honda,2011,169626.0,Diesel,Automatic,SUV,Gray,2,0,1.0,1024.32
Mitsubishi,2020,21197.0,Petrol,Automatic,Hatchback,Gray,1,0,0.0,8604.64
Nissan,2010,55853.0,Electric,Automatic,SUV,Silver,4,0,1.0,1261.82
Suzuki,2010,241069.0,Petrol,Manual,Hatchback,Yellow,1,0,1.0,421.42
Kia,2018,16902.0,Hybrid,Automatic,Hatchback,Gray,1,0,1.0,2505.4
Mitsubishi,2018,102408.0,Diesel,Automatic,Sedan,Yellow,2,0,1.0,4814.25
Chevrolet,2012,88397.0,Petrol,Manual,SUV,White,1,0,1.0,2561.31
Ford,2017,49824.0,Diesel,Manual,SUV,Black,1,0,1.0,4437.79
Mazda,2017,140827.0,Petrol,CVT,SUV,Green,1,0,1.0,4370.24
Honda,2018,44522.0,Electric,Automatic,Hatchback,Yellow,1,0,1.0,7607.73
Honda,2010,42860.0,Petrol,Automatic,SUV,Silver,2,0,1.0,2769.41
BMW,2023,6512.0,CNG,Automatic,Coupe,Black,2,0,1.0,49434.29
Ford,2019,32976.0,Petrol,DSG,SUV,Black,1,0,1.0,8866.13
Chevrolet,2015,300000.0,CNG,Automatic,SUV,Brown,3,0,0.0,881.69
Volvo,2021,13109.0,Petrol,Automatic,SUV,Orange,1,0,1.0,24091.29
Audi,2014,192145.0,CNG,DSG,SUV,White,2,0,1.0,3859.76
Mazda,2021,7496.0,Petrol,Manual,Sedan,Gray,2,0,1.0,16190.09
Ford,2014,81558.0,Hybrid,Automatic,Sedan,Blue,1,0,1.0,2799.64
Subaru,2015,68320.0,Petrol,Manual,Pickup,Green,1,0,1.0,5413.47
Honda,2014,76860.0,Petrol,Automatic,Wagon,Red,1,0,0.0,3811.63
Volkswagen,2023,4115.0,Hybrid,DSG,Pickup,Blue,2,0,0.0,24578.09
Volkswagen,2011,80633.0,Hybrid,Automatic,SUV,Red,1,0,1.0,2205.39
Volkswagen,2016,18766.0,Hybrid,CVT,SUV,Brown,1,0,1.0,8329.43
Ford,2018,31177.0,Diesel,DSG,Sedan,Blue,3,0,1.0,10164.1
Kia,2016,20413.0,Hybrid,Manual,SUV,Orange,1,0,1.0,5206.77
Audi,2022,24991.0,Electric,DSG,Hatchback,White,2,1,0.0,23710.32
Lexus,2010,117772.0,Hybrid,CVT,Pickup,Gray,1,0,1.0,2889.25
Honda,2021,63568.0,Electric,Manual,SUV,Silver,1,0,,9757.46
BMW,2010,19773.0,CNG,Manual,Coupe,Orange,1,0,1.0,6259.84
Chevrolet,2022,29071.0,Diesel,Automatic,Sedan,Yellow,1,1,1.0,12527.56
Ford,2014,94972.0,Hybrid,Manual,Coupe,Brown,1,0,0.0,2570.07
Ford,2017,179511.0,Diesel,DSG,SUV,Green,1,1,1.0,2216.06
Mercedes,2016,48127.0,Electric,Manual,Sedan,Green,1,0,0.0,9489.94
Honda,2023,58736.0,Petrol,Manual,Pickup,White,3,0,1.0,15854.12
Ford,2022,12491.0,Petrol,Automatic,SUV,Orange,3,0,0.0,13621.89
Lexus,2016,11181.0,Diesel,Manual,Coupe,Yellow,2,1,0.0,12174.02
Volvo,2019,16838.0,Diesel,Automatic,Sedan,White,2,0,0.0,14093.84
Ford,2015,78834.0,Petrol,Manual,Wagon,Yellow,2,0,1.0,3069.91
Honda,2020,24662.0,Diesel,CVT,Hatchback,Yellow,1,0,0.0,11369.45
Audi,2023,8071.0,Hybrid,CVT,SUV,Brown,1,0,0.0,43790.2
Nissan,2017,161983.0,Hybrid,CVT,Sedan,Red,4,0,0.0,2063.22
Hyundai,2019,121082.0,Petrol,Manual,Sedan,Blue,1,0,1.0,3476.59
Mitsubishi,2012,56918.0,Petrol,Automatic,Sedan,Blue,1,0,1.0,1870.81
Toyota,2012,285282.0,Hybrid,CVT,Hatchback,Black,1,0,1.0,802.45
BMW,2014,300000.0,Petrol,CVT,SUV,Orange,1,0,1.0,1140.34
Honda,2023,4208.0,Diesel,Automatic,Sedan,Yellow,1,0,1.0,19544.84
BMW,2012,48563.0,Diesel,Manual,Sedan,Brown,1,0,1.0,4271.18
Mercedes,2019,86656.0,Electric,Automatic,Coupe,Green,1,0,1.0,20927.21
Nissan,2019,74130.0,Petrol,CVT,Hatchback,Black,2,0,1.0,7274.42
BMW,2016,74063.0,Hybrid,Manual,Sedan,Orange,1,0,0.0,6995.84
Toyota,2011,37885.0,Petrol,Automatic,Hatchback,Yellow,1,0,1.0,2406.39
Toyota,2018,64427.0,Hybrid,Automatic,Coupe,Gray,1,0,1.0,6241.25
Chevrolet,2021,101010.0,Diesel,Manual,SUV,Orange,1,0,1.0,3054.51
Ford,2014,23478.0,Petrol,Automatic,Sedan,Red,2,0,1.0,2436.88
Toyota,2010,132268.0,Petrol,Automatic,Coupe,Brown,2,0,1.0,1322.18
Tesla,2019,47205.0,Petrol,Manual,Hatchback,Blue,2,0,1.0,24186.7
Chevrolet,2019,66745.0,Diesel,Automatic,Hatchback,Black,2,0,1.0,10672.14
Toyota,2022,15818.0,Petrol,Manual,SUV,Yellow,2,1,1.0,9741.4
Nissan,2014,52445.0,Diesel,CVT,Sedan,Blue,1,0,1.0,3930.2
Toyota,2017,140597.0,Hybrid,Automatic,Coupe,Black,1,0,1.0,4257.76
Mercedes,2011,300000.0,Petrol,Automatic,Hatchback,Blue,3,0,1.0,940.03
Ford,2016,61071.0,Diesel,CVT,Convertible,Yellow,1,0,1.0,4760.77
Kia,2012,40650.0,Electric,Automatic,SUV,Yellow,1,0,1.0,3049.06
Audi,2019,33595.0,Electric,Automatic,SUV,Silver,1,1,0.0,15684.06
Toyota,2013,20701.0,Hybrid,Automatic,Sedan,Orange,2,0,0.0,3712.68
BMW,2016,55433.0,Petrol,Automatic,Hatchback,Green,1,0,1.0,7858.12
Honda,2017,49220.0,Electric,Manual,Hatchback,Red,4,0,1.0,7253.41
Honda,2013,300000.0,Petrol,Automatic,Sedan,Blue,2,1,1.0,617.06
Ford,2020,8582.0,Diesel,Manual,SUV,Black,1,1,1.0,14744.17
Toyota,2013,18404.0,Hybrid,CVT,SUV,Orange,3,0,1.0,3845.54
Suzuki,2021,13060.0,Petrol,DSG,Sedan,Green,1,0,1.0,13868.96
Chevrolet,2012,83037.0,Diesel,Automatic,SUV,Yellow,1,1,1.0,1650.12
Honda,2018,233383.0,Petrol,Manual,Convertible,Red,3,0,1.0,1509.39
Mercedes,2017,93723.0,Petrol,Automatic,Sedan,Green,2,1,1.0,8475.36
Lexus,2010,210653.0,Hybrid,Manual,Coupe,Orange,1,0,1.0,1208.85
Hyundai,2016,43012.0,Electric,Manual,Sedan,Brown,2,0,1.0,4860.65
Honda,2012,140016.0,Hybrid,Automatic,Convertible,Black,2,0,1.0,1752.21
Hyundai,2016,41453.0,Petrol,Manual,Pickup,Silver,1,1,1.0,6106.34
Honda,2014,112281.0,Diesel,Automatic,Sedan,Yellow,1,0,0.0,2353.72
Hyundai,2023,5103.0,Hybrid,Manual,SUV,Brown,2,0,0.0,20786.34
Mazda,2015,163459.0,Petrol,Automatic,Convertible,Gray,2,1,0.0,2191.25
Nissan,2019,26063.0,Petrol,Manual,Sedan,Black,2,0,1.0,13076.49
Nissan,2010,74041.0,Petrol,DSG,Coupe,Gray,2,0,1.0,1411.74
Toyota,2018,39318.0,Hybrid,CVT,Hatchback,Brown,1,0,0.0,9412.8
Ford,2017,9860.0,CNG,DSG,Sedan,Black,1,0,0.0,6547.51
Honda,2020,48326.0,Diesel,Automatic,SUV,Brown,1,0,1.0,8437.53
Chevrolet,2023,9101.0,CNG,Automatic,Sedan,Red,4,1,0.0,14765.46
Chevrolet,2023,12454.0,Diesel,Automatic,SUV,Yellow,1,0,1.0,17088.82
Toyota,2014,134276.0,Diesel,Manual,Sedan,Yellow,1,0,0.0,1167.39
BMW,2022,11445.0,Petrol,DSG,Hatchback,Red,1,0,1.0,26093.17
BMW,2017,64315.0,Petrol,Automatic,Pickup,Silver,1,0,1.0,8165.58
Jeep,2023,1133.0,Hybrid,Automatic,Sedan,Yellow,1,0,0.0,31285.64
Honda,2011,295186.0,Petrol,Automatic,SUV,Orange,1,0,1.0,361.51
Jeep,2013,162275.0,Petrol,Automatic,Pickup,Brown,3,1,1.0,1283.61
BMW,2020,104353.0,Petrol,Automatic,Hatchback,Blue,1,0,1.0,18441.8
Toyota,2021,163274.0,Diesel,Automatic,Coupe,Red,3,1,0.0,4771.5
Mitsubishi,2018,65157.0,CNG,Manual,Pickup,White,1,0,0.0,3383.67
Toyota,2018,24459.0,Hybrid,DSG,Wagon,Yellow,1,1,1.0,6197.49
Volvo,2017,117554.0,CNG,Automatic,SUV,Orange,1,0,1.0,4977.39
Ford,2017,5009.0,Diesel,Manual,Convertible,Brown,1,0,1.0,13082.61
Toyota,2020,134447.0,Petrol,Automatic,SUV,Yellow,3,0,1.0,5384.21
Hyundai,2014,58388.0,Petrol,Manual,Coupe,Brown,1,0,1.0,2639.47
Mitsubishi,2022,25024.0,Diesel,Manual,Sedan,Green,1,0,,14567.43
Nissan,2012,85971.0,Petrol,Automatic,Hatchback,Orange,1,0,1.0,2202.02
Honda,2010,46663.0,Diesel,Manual,SUV,Blue,3,1,0.0,1348.21
Toyota,2013,36146.0,Diesel,Automatic,SUV,Blue,1,0,0.0,5348.51
Honda,2013,134698.0,Diesel,Manual,Convertible,Red,1,0,0.0,1529.2
Hyundai,2023,6160.0,Hybrid,Manual,SUV,Yellow,1,0,1.0,28936.3
Ford,2014,300000.0,Petrol,Manual,Coupe,Orange,2,0,1.0,974.76
Hyundai,2022,28206.0,CNG,Automatic,Wagon,Gray,1,0,0.0,10529.02
Toyota,2017,125231.0,Electric,Automatic,Hatchback,Silver,4,1,1.0,3390.81
Volkswagen,2010,122265.0,Electric,DSG,Hatchback,White,1,0,1.0,1778.39
Honda,2016,49183.0,Diesel,CVT,Sedan,Yellow,1,0,1.0,4637.01
Mitsubishi,2019,37671.0,Petrol,CVT,SUV,Gray,2,0,1.0,6575.68
Mercedes,2020,22670.0,Diesel,Manual,Hatchback,Orange,2,0,1.0,37763.27
Nissan,2018,87334.0,CNG,CVT,Coupe,Orange,2,1,1.0,4045.04
Hyundai,2013,34493.0,Electric,Manual,Wagon,Green,2,0,1.0,3595.71
Mitsubishi,2011,49608.0,Diesel,Manual,SUV,Brown,1,0,0.0,1835.19
Chevrolet,2019,24994.0,Diesel,Manual,Wagon,Yellow,2,1,0.0,11322.04
Toyota,2018,35136.0,Petrol,Automatic,SUV,Silver,2,0,1.0,8490.97
Kia,2011,70107.0,Diesel,Automatic,SUV,Yellow,2,0,1.0,1862.64
Audi,2019,90990.0,Diesel,Automatic,Sedan,Orange,3,0,1.0,12306.42
Mazda,2010,62410.0,Petrol,Manual,Coupe,Yellow,1,0,1.0,2130.06
Volvo,2013,153657.0,Petrol,Automatic,Hatchback,Red,1,0,1.0,2179.88
Jeep,2017,26644.0,Diesel,Manual,Convertible,White,1,0,1.0,8446.86
Mitsubishi,2012,300000.0,Petrol,Manual,Convertible,Red,3,1,1.0,236.98
Toyota,2012,25608.0,Diesel,Manual,Sedan,Orange,2,0,1.0,4128.15
Hyundai,2016,19689.0,Petrol,Automatic,Sedan,Orange,1,0,0.0,6840.1
Hyundai,2023,4290.0,Hybrid,DSG,Hatchback,Brown,1,0,1.0,22007.28
Audi,2010,71746.0,Diesel,Manual,Coupe,Silver,1,0,1.0,2601.76
Toyota,2020,40298.0,Hybrid,Manual,Coupe,Brown,1,0,0.0,10879.5
Ford,2018,66263.0,CNG,Automatic,SUV,Brown,2,1,1.0,4698.35
Honda,2012,80111.0,Petrol,CVT,SUV,Brown,2,0,1.0,2880.47
Subaru,2015,105725.0,Hybrid,Automatic,Sedan,Gray,4,0,0.0,4091.81
BMW,2017,103999.0,Petrol,Manual,Wagon,Black,4,1,1.0,5774.15
Lexus,2010,58753.0,Petrol,Automatic,Sedan,Green,2,0,0.0,4142.61
Honda,2013,81416.0,Diesel,Manual,SUV,Green,2,0,1.0,2568.31
Ford,2011,14366.0,Petrol,Manual,SUV,Blue,1,0,1.0,2819.38
Jeep,2014,78470.0,Electric,DSG,Hatchback,White,1,0,1.0,5355.42
Kia,2013,176265.0,Petrol,Automatic,Sedan,Black,1,0,1.0,1416.51
Audi,2018,45055.0,Petrol,CVT,SUV,Brown,2,1,1.0,9751.2
Mercedes,2022,14555.0,Hybrid,Manual,Wagon,Green,3,0,0.0,32403.04
BMW,2016,51446.0,Petrol,CVT,SUV,Green,2,0,1.0,10194.55
Hyundai,2015,44296.0,Petrol,Automatic,Wagon,Green,1,0,1.0,3982.25
Toyota,2018,35084.0,Diesel,Automatic,SUV,Gray,1,0,0.0,10709.01
Chevrolet,2014,210177.0,Petrol,Manual,Convertible,Brown,2,0,,1703.76
Jeep,2012,59406.0,Electric,Automatic,SUV,Brown,2,0,0.0,4633.28
Mercedes,2016,57430.0,Diesel,Automatic,SUV,Black,4,1,1.0,12751.92
Honda,2020,4839.0,Diesel,Automatic,Hatchback,Yellow,1,0,1.0,13606.58
Lexus,2018,993.5856724901255,Petrol,Manual,Sedan,Red,1,0,1.0,29096.845054728346
BMW,2020,42930.0,Petrol,Manual,Hatchback,Yellow,1,0,1.0,25287.73
Toyota,2012,128494.0,Diesel,Manual,Hatchback,Orange,1,0,1.0,1532.71
Volkswagen,2011,19874.0,Hybrid,Manual,SUV,Orange,1,1,0.0,3049.84
BMW,2021,11244.0,Petrol,Manual,Sedan,Red,1,1,0.0,23935.46
Mazda,2023,8552.0,Electric,Automatic,Hatchback,Red,2,0,1.0,22341.87
Audi,2022,7381.0,Electric,CVT,Pickup,White,1,0,0.0,42058.88
Volkswagen,2019,25897.0,Petrol,DSG,Sedan,Blue,2,0,1.0,11459.3
Mitsubishi,2020,32060.0,Diesel,Manual,SUV,Blue,1,0,1.0,12943.24
Honda,2016,143487.0,Diesel,Manual,Wagon,Blue,1,0,0.0,2340.47
Mazda,2016,42629.0,Petrol,Manual,Hatchback,Brown,1,0,1.0,4629.48
Ford,2012,83318.0,Diesel,CVT,Convertible,Yellow,1,0,1.0,2898.49
Volkswagen,2016,49008.0,Diesel,Manual,SUV,Black,1,0,1.0,5594.66
Nissan,2012,122110.0,Diesel,Manual,Coupe,Yellow,2,0,1.0,1330.86
Toyota,2016,20541.0,Hybrid,Manual,Hatchback,Yellow,2,0,1.0,5058.16
Audi,2023,4493.0,Diesel,Manual,Wagon,White,1,0,0.0,44533.36
Mercedes,2017,116165.0,Petrol,CVT,SUV,White,4,0,1.0,8754.55
Volkswagen,2018,144878.0,Petrol,Manual,Hatchback,Blue,2,0,0.0,3645.52
Audi,2013,,Diesel,Manual,Wagon,Black,1,0,1.0,2981.62
Toyota,2020,12941.0,Petrol,DSG,Coupe,Black,1,0,1.0,5005.46
Lexus,2022,12360.0,Petrol,CVT,SUV,White,1,0,0.0,40684.73
Hyundai,2011,227618.0,Electric,Automatic,SUV,Brown,2,0,0.0,498.56
Volvo,2011,43450.0,Hybrid,Automatic,SUV,Brown,2,1,1.0,5244.9
Mercedes,2012,142202.0,Electric,Automatic,Convertible,Orange,1,1,1.0,2569.48
Mitsubishi,2021,44991.0,Diesel,CVT,Coupe,Blue,1,0,1.0,13258.78
Mercedes,2015,79014.0,Diesel,Automatic,Sedan,Green,1,0,1.0,12434.0
Kia,2016,60967.0,Hybrid,Automatic,Convertible,Red,2,0,1.0,4399.49
Hyundai,2018,29336.0,Diesel,Automatic,SUV,Blue,2,1,1.0,6157.16
Mazda,2022,32127.0,Petrol,Automatic,Sedan,Blue,1,1,0.0,10740.94
Toyota,2016,11797.0,Petrol,Automatic,SUV,Orange,2,0,1.0,6927.42
Suzuki,2017,27480.0,Diesel,Automatic,Hatchback,Silver,2,0,0.0,4942.53
Mercedes,2023,5296.0,Electric,Automatic,Sedan,Green,1,0,1.0,37655.89
Chevrolet,2020,37393.0,Petrol,Automatic,SUV,Red,1,0,0.0,9725.98
Lexus,2021,38327.0,Petrol,Automatic,SUV,Yellow,1,0,0.0,25272.47
Kia,2017,151597.0,Petrol,Automatic,Sedan,Black,1,0,1.0,2396.52
Suzuki,2013,65095.0,Electric,Automatic,Hatchback,Blue,2,0,1.0,2309.8
Chevrolet,2011,31614.0,Electric,Automatic,Wagon,Silver,1,1,1.0,3050.67
BMW,2022,14965.0,Petrol,Automatic,Sedan,Black,2,0,1.0,34072.3
Audi,2018,174598.0,Petrol,CVT,Sedan,Orange,2,0,0.0,5920.4
Kia,2012,135092.0,Electric,CVT,SUV,Gray,1,1,0.0,946.72
Toyota,2015,19135.0,Hybrid,DSG,Convertible,Black,3,0,1.0,7586.83
Mazda,2019,56791.0,Petrol,Manual,SUV,Red,1,0,1.0,9100.93
Hyundai,2014,37179.0,Diesel,Manual,Wagon,Brown,3,0,1.0,1832.63
Kia,2021,29248.0,Petrol,Automatic,Hatchback,Red,3,0,,10625.42
Honda,2015,209348.0,Petrol,CVT,Pickup,Black,1,0,1.0,1715.34
Kia,2011,68376.0,Diesel,Manual,Sedan,Yellow,1,0,0.0,1738.29
Nissan,2018,34713.0,Diesel,Automatic,SUV,Gray,2,0,1.0,6237.88
Ford,2021,36581.0,Petrol,Automatic,Hatchback,Red,2,0,0.0,11820.65
Honda,2015,102624.0,Diesel,DSG,SUV,Gray,2,0,1.0,2997.43
Mercedes,2016,107687.0,Hybrid,CVT,Sedan,White,2,1,0.0,4336.37
Jeep,2014,52995.0,Electric,Automatic,Sedan,Silver,2,0,1.0,4321.38
Toyota,2022,8664.0,Petrol,DSG,Hatchback,Blue,1,0,1.0,21185.86
Chevrolet,2014,27184.0,Petrol,CVT,SUV,Blue,1,0,1.0,3710.35
Toyota,2010,204873.0,CNG,Manual,Sedan,Black,1,0,0.0,781.67
Hyundai,2011,248229.0,Petrol,Manual,Pickup,Orange,1,0,0.0,513.46
Ford,2012,236243.0,Petrol,Manual,Sedan,Black,2,0,1.0,646.73
Tesla,2021,17649.0,Diesel,CVT,Convertible,Red,3,0,1.0,23910.22
Honda,2016,24193.0,Petrol,Manual,Pickup,Silver,3,0,1.0,7491.86
Toyota,2023,15166.0,Diesel,Manual,Hatchback,Black,2,1,1.0,15478.97
Honda,2019,10765.0,Diesel,Manual,Sedan,Silver,1,0,1.0,10819.69
BMW,2021,25474.0,Petrol,CVT,Pickup,Silver,1,0,1.0,31036.04
Toyota,2013,35334.0,Petrol,Manual,Wagon,Yellow,2,0,0.0,3712.99
Audi,2020,22842.0,Petrol,Manual,Hatchback,Red,1,0,1.0,21058.87
Mercedes,2021,24089.0,Petrol,CVT,Pickup,Black,3,0,1.0,21188.66
Hyundai,2019,42305.0,Petrol,Automatic,Pickup,Blue,2,0,0.0,8785.95
Audi,2022,9588.0,Petrol,Manual,SUV,White,3,0,0.0,27390.31
Subaru,2020,194493.0,Petrol,Automatic,Coupe,Silver,1,0,0.0,3799.45
Honda,2012,160621.0,Diesel,Automatic,Hatchback,Green,3,0,1.0,1007.87
Hyundai,2022,31863.0,Electric,CVT,Hatchback,Blue,1,0,1.0,15095.19
Hyundai,2017,19860.0,Hybrid,Manual,Convertible,Brown,1,0,1.0,5715.27
Ford,2014,117265.0,Petrol,Automatic,Pickup,White,1,0,,3151.37
Hyundai,2023,5120.0,Diesel,CVT,SUV,Black,1,0,0.0,15631.86
Mercedes,2018,41314.0,Diesel,Automatic,SUV,Yellow,1,0,1.0,15612.48
Mercedes,2017,57845.0,Diesel,Manual,Sedan,Gray,1,1,0.0,6879.86
Volkswagen,2016,31694.0,Petrol,Manual,SUV,Gray,1,0,1.0,7442.16
Toyota,2021,34471.0,Electric,Manual,SUV,Orange,2,0,1.0,13051.07
Toyota,2010,121530.0,Petrol,Manual,Sedan,Black,3,1,1.0,1305.63
Porsche,2021,8576.0,Diesel,DSG,Hatchback,Silver,1,1,1.0,58168.64
Mercedes,2016,96233.0,Diesel,Manual,Sedan,Black,1,0,1.0,8252.71
Subaru,2010,197252.0,Petrol,Automatic,Hatchback,Yellow,2,0,1.0,678.02
BMW,2022,17304.0,Petrol,DSG,Hatchback,Orange,1,0,1.0,36888.97
Ford,2019,12332.0,Diesel,Manual,Hatchback,Blue,2,0,1.0,10575.92
Mitsubishi,2014,55200.0,Petrol,Manual,Hatchback,Green,1,0,0.0,2702.04
Suzuki,2013,68604.0,Diesel,CVT,Coupe,Gray,1,0,0.0,1049.11
Volkswagen,2011,36299.0,Petrol,DSG,Coupe,Silver,1,1,0.0,3134.95
Ford,2020,43924.0,Hybrid,CVT,Sedan,Red,2,0,1.0,12430.52
BMW,2010,46579.0,Diesel,Manual,Hatchback,Green,1,0,1.0,4101.43
Honda,2021,,Petrol,DSG,SUV,Red,4,1,1.0,6966.12
Nissan,2012,174165.0,Petrol,Automatic,Hatchback,Green,1,0,1.0,847.29
Honda,2012,230968.0,Diesel,Manual,SUV,Green,1,0,1.0,1325.93
Toyota,2018,66671.0,CNG,Automatic,SUV,Orange,1,0,1.0,6909.65
Volkswagen,2015,45912.0,Petrol,Automatic,SUV,Gray,1,0,0.0,4860.97
Mercedes,2021,43893.0,Hybrid,Automatic,Sedan,Silver,1,1,1.0,27309.11
Honda,2020,23142.0,Petrol,CVT,SUV,Blue,1,0,1.0,19587.16
BMW,2017,30311.0,Petrol,DSG,SUV,Brown,2,0,1.0,16619.19
Ford,2015,300000.0,Petrol,Manual,SUV,Blue,1,0,1.0,697.66
Toyota,2013,48518.0,Petrol,Manual,Hatchback,Blue,2,0,1.0,4980.81
Audi,2014,186809.0,Diesel,Manual,Convertible,Orange,1,0,1.0,3043.25
Hyundai,2015,68087.0,Diesel,DSG,SUV,Blue,4,0,1.0,4697.12
Honda,2015,64058.0,Electric,Manual,Wagon,Yellow,2,0,1.0,3266.21
Toyota,2020,66294.0,Diesel,Manual,Wagon,Silver,1,0,1.0,9052.3
Chevrolet,2016,125195.0,Petrol,Automatic,SUV,Brown,1,1,1.0,4370.06
Audi,2019,,CNG,Manual,Sedan,White,1,0,1.0,17342.23
Mazda,2011,113415.0,Diesel,Automatic,Sedan,Brown,1,0,1.0,1372.33
Nissan,2022,6900.0,Hybrid,Automatic,SUV,Orange,1,1,0.0,20678.32
Ford,2019,13887.0,Electric,Manual,SUV,Black,1,0,1.0,12907.69
Nissan,2018,83773.0,Diesel,Manual,Sedan,Gray,2,0,1.0,5178.91
Audi,2023,1107.0,Petrol,Automatic,Wagon,Yellow,1,1,1.0,28739.44
Kia,2020,40892.0,Hybrid,Manual,SUV,White,2,0,0.0,8674.43
Lexus,2020,11002.0,Diesel,Manual,Sedan,Gray,2,0,1.0,32986.7
Kia,2018,33910.0,Diesel,Automatic,Hatchback,Brown,2,0,0.0,4155.59
Toyota,2019,61818.0,Diesel,Automatic,SUV,Blue,1,0,1.0,7852.17
Chevrolet,2021,31816.0,Diesel,Automatic,SUV,Gray,1,0,0.0,15408.03
Kia,2014,165240.0,Diesel,Manual,SUV,Black,2,0,0.0,1166.39
Toyota,2014,34382.0,Diesel,Manual,Sedan,Black,2,0,0.0,3925.4
Ford,2017,97071.0,Petrol,Automatic,SUV,Orange,4,0,0.0,3373.24
Ford,2010,13425.0,Petrol,Automatic,Sedan,Yellow,2,1,1.0,1750.68
Volkswagen,2022,31155.0,Petrol,CVT,SUV,Blue,1,0,0.0,21787.27
Chevrolet,2011,38506.0,Electric,Automatic,Sedan,Blue,1,0,0.0,2531.58
Volkswagen,2012,112116.0,Hybrid,CVT,Hatchback,Gray,1,0,1.0,818.78
BMW,2022,17008.0,Petrol,DSG,SUV,Blue,2,0,0.0,27637.54
Nissan,2023,12141.0,Diesel,CVT,Hatchback,Brown,1,0,1.0,24679.97
Ford,2019,14416.0,Hybrid,CVT,SUV,Orange,2,0,1.0,8544.21
Volvo,2019,104159.0,Petrol,Automatic,Sedan,Yellow,1,0,1.0,7165.86
Kia,2012,60455.0,Petrol,DSG,Hatchback,Brown,1,1,1.0,1263.37
Volkswagen,2020,15600.0,Electric,CVT,Convertible,Orange,1,0,1.0,15173.16
Lexus,2015,94350.0,CNG,CVT,SUV,Green,2,0,0.0,7207.43
Kia,2013,12124.0,Diesel,Manual,SUV,Orange,1,0,0.0,4157.96
Mazda,2017,109362.0,CNG,Manual,SUV,Black,1,1,1.0,4510.06
Honda,2013,94958.0,Petrol,Manual,Sedan,Black,2,0,1.0,2090.11
Honda,2012,138835.0,Petrol,Manual,SUV,Blue,1,0,0.0,1733.76
Jeep,2023,4529.0,Petrol,Manual,SUV,Red,1,0,1.0,23062.82
Honda,2019,114716.0,Hybrid,Automatic,Hatchback,Gray,1,0,0.0,6868.58
Ford,2019,38108.0,Diesel,Manual,SUV,Yellow,2,0,0.0,8774.7
Tesla,2012,34982.0,CNG,Automatic,Convertible,White,3,0,0.0,8713.32
Hyundai,2015,35885.0,Hybrid,Manual,SUV,Yellow,2,0,0.0,4570.54
Honda,2017,25864.0,Petrol,CVT,SUV,Black,1,0,1.0,11327.09
Mercedes,2011,62329.0,Diesel,CVT,Wagon,Yellow,2,0,1.0,3032.05
Hyundai,2012,135322.0,Diesel,Manual,Wagon,White,1,0,1.0,1336.44
Honda,2020,41686.0,Hybrid,Manual,Sedan,Red,1,0,1.0,8532.87
Hyundai,2019,20424.0,Electric,Manual,Hatchback,Brown,2,0,0.0,9091.18
Kia,2018,10129.0,CNG,CVT,SUV,Orange,1,0,1.0,9088.38
Honda,2010,42772.0,Diesel,DSG,Pickup,Black,2,0,0.0,2988.74
Volvo,2021,19969.0,Diesel,CVT,Sedan,Silver,1,0,1.0,22090.66
Chevrolet,2017,39426.0,Petrol,Automatic,Sedan,Brown,4,0,1.0,5920.76
Hyundai,2012,39337.0,Hybrid,CVT,SUV,Orange,1,0,1.0,4245.86
Nissan,2016,39923.0,Diesel,DSG,SUV,White,1,0,1.0,4863.8
Chevrolet,2020,21334.0,Hybrid,DSG,Sedan,Orange,3,0,1.0,10116.33
BMW,2016,14428.0,Electric,Automatic,Sedan,Red,1,0,1.0,20883.65
Chevrolet,2021,17474.0,Petrol,Automatic,Coupe,Black,3,0,0.0,11991.89
Volkswagen,2019,16361.0,Electric,Manual,Hatchback,Blue,1,1,1.0,15711.7
Mercedes,2021,44011.0,Electric,Manual,Sedan,Yellow,1,1,,16992.12
Nissan,2013,99884.0,Petrol,DSG,Sedan,White,1,1,0.0,1501.18
Jeep,2016,136417.0,Petrol,CVT,Coupe,Yellow,1,0,0.0,3882.23
BMW,2011,52127.0,Petrol,Manual,SUV,Blue,2,0,1.0,5592.85
BMW,2014,53693.0,Diesel,DSG,Hatchback,Orange,2,0,1.0,4010.86
Kia,2010,253401.0,Diesel,Manual,Sedan,Orange,3,0,0.0,341.65
Mercedes,2016,82348.0,Diesel,Automatic,SUV,Red,2,0,0.0,8009.01
Hyundai,2014,90140.0,Petrol,Automatic,Sedan,Blue,2,0,1.0,3304.81
Nissan,2019,7926.0,Diesel,Automatic,Sedan,Red,1,0,1.0,11983.5
Hyundai,2016,19395.0,Diesel,Manual,Coupe,Orange,2,0,0.0,4710.85
Toyota,2016,117902.0,Electric,Automatic,Coupe,White,2,0,1.0,2526.26
Toyota,2016,125625.0,Petrol,Automatic,SUV,Gray,1,0,1.0,3338.62
BMW,2015,14627.0,Petrol,Manual,Coupe,Blue,2,0,1.0,15664.07
Kia,2021,53506.0,Diesel,Manual,Pickup,Silver,2,0,0.0,10858.94
Hyundai,2015,31533.0,Petrol,Automatic,Convertible,Red,1,0,0.0,4497.15
Volkswagen,2016,48841.0,Diesel,Manual,Hatchback,White,2,0,1.0,7427.21
Audi,2020,14537.0,Hybrid,CVT,Sedan,Black,2,0,1.0,26417.22
Hyundai,2010,53825.0,Electric,Manual,Coupe,Gray,1,1,1.0,1481.78
Ford,2020,75938.0,Petrol,Automatic,Sedan,Brown,1,0,1.0,9024.01
Honda,2018,13792.0,Petrol,Manual,SUV,Brown,2,0,0.0,6616.99
Honda,2020,14903.0,Hybrid,CVT,SUV,White,1,0,0.0,9646.53
Subaru,2023,80228.0,Electric,Manual,Hatchback,Silver,1,0,0.0,15190.3
Mitsubishi,2016,116387.0,Petrol,Automatic,Sedan,Blue,2,0,1.0,2364.47
Ford,2016,43461.0,Diesel,Manual,SUV,Black,1,0,1.0,5307.03
Honda,2019,10725.0,Diesel,Automatic,Hatchback,Orange,1,0,1.0,11950.45
Honda,2017,26975.0,Petrol,Manual,Convertible,Orange,1,0,1.0,3561.9
Subaru,2019,22197.0,Petrol,Manual,Wagon,Brown,1,0,0.0,17837.94
Ford,2020,33894.0,Diesel,CVT,Pickup,Green,1,0,1.0,9364.07
Mazda,2023,6099.0,Petrol,Automatic,SUV,White,1,0,1.0,28354.2
Hyundai,2018,22503.0,Diesel,CVT,SUV,Orange,2,0,0.0,5604.31
Subaru,2023,12176.0,Diesel,CVT,Hatchback,White,2,0,1.0,22481.69
Audi,2013,74553.0,CNG,CVT,SUV,Green,1,0,1.0,5435.57
Toyota,2014,53449.0,CNG,DSG,Sedan,Yellow,1,1,0.0,2317.75
Hyundai,2014,,Petrol,Manual,SUV,Green,1,0,1.0,1305.49
Honda,2017,60644.0,Petrol,Automatic,Sedan,Yellow,2,0,1.0,7198.82
Lexus,2017,35908.0,Electric,Manual,Sedan,Black,1,0,0.0,18829.74
Toyota,2020,83355.0,Electric,Manual,Wagon,White,1,1,1.0,8496.2
Mazda,2015,49901.0,Petrol,Automatic,Sedan,Yellow,2,0,1.0,3331.34
Audi,2020,108998.0,Diesel,Automatic,SUV,White,2,0,1.0,10353.22
Nissan,2011,213130.0,Electric,Automatic,Wagon,Red,1,0,1.0,611.08
Toyota,2011,107343.0,Diesel,CVT,SUV,Orange,1,1,1.0,1897.43
Volkswagen,2013,122445.0,Petrol,Automatic,Pickup,Black,2,0,0.0,2421.82
Nissan,2012,96881.0,Petrol,Manual,Wagon,Green,2,0,1.0,1808.17
Mercedes,2016,141159.0,Diesel,Automatic,Sedan,Yellow,1,0,1.0,5850.32
BMW,2016,296896.0,Hybrid,CVT,SUV,White,2,0,0.0,1414.06
Toyota,2012,22393.0,Petrol,DSG,Hatchback,Red,2,1,1.0,2685.86
Volvo,2015,14153.0,Diesel,Manual,Sedan,Red,1,0,1.0,8467.77
Nissan,2022,26040.0,Petrol,Automatic,Sedan,Brown,2,0,1.0,13174.25
Ford,2015,239841.0,Petrol,Automatic,Sedan,Brown,1,0,0.0,1305.69
Kia,2018,45299.0,Petrol,Automatic,Convertible,Black,2,0,1.0,5222.39
Audi,2019,62301.0,Petrol,Automatic,Hatchback,Green,1,0,1.0,12034.03
Nissan,2013,131716.0,Electric,Automatic,Sedan,Yellow,2,0,1.0,1485.33
Mercedes,2011,82555.0,Petrol,CVT,SUV,Blue,3,0,1.0,3529.08
Toyota,2014,40624.0,Diesel,DSG,Pickup,Black,1,0,1.0,4874.59
Ford,2021,103264.0,Diesel,Automatic,Pickup,Blue,1,0,0.0,8506.36
BMW,2018,22295.0,Petrol,Manual,SUV,Black,1,0,0.0,21073.91
Lexus,2012,79455.0,Diesel,Manual,Sedan,Green,1,0,1.0,4659.16
Mercedes,2017,78416.0,Electric,Automatic,Sedan,Green,4,0,1.0,7304.7
Volkswagen,2011,120990.0,Petrol,Automatic,Sedan,Green,1,0,0.0,2246.06
Volkswagen,2012,22101.0,Petrol,CVT,Hatchback,Yellow,2,0,1.0,4648.3
BMW,2011,85000.0,Hybrid,Manual,Wagon,Gray,2,0,1.0,4273.1
Chevrolet,2013,300000.0,Petrol,DSG,Coupe,Silver,1,1,0.0,474.3
Volkswagen,2019,16731.0,Diesel,Manual,Hatchback,White,1,0,0.0,9231.68
Lexus,2014,111895.0,Petrol,Manual,Hatchback,Black,1,0,1.0,5737.6
Suzuki,2021,5981.0,Petrol,Manual,Sedan,Black,1,0,1.0,11741.31
Mazda,2018,104630.0,Petrol,Manual,Hatchback,Gray,1,0,1.0,5458.1
Mazda,2019,22238.0,Petrol,Automatic,Wagon,Black,2,0,0.0,8060.29
Hyundai,2023,4558.0,Petrol,Manual,Sedan,Yellow,2,0,1.0,17736.17
Toyota,2014,106791.0,Petrol,CVT,Coupe,Blue,2,1,1.0,1787.7
Toyota,2012,86093.0,Petrol,Automatic,Hatchback,Red,1,0,0.0,2670.44
Volkswagen,2015,300000.0,Hybrid,Automatic,SUV,Gray,1,0,1.0,778.07
Hyundai,2013,122522.0,Petrol,Automatic,SUV,Yellow,2,0,1.0,2063.12
Toyota,2020,31148.0,Diesel,CVT,Convertible,Black,2,0,0.0,14701.15
Volkswagen,2015,59202.0,Petrol,Manual,Hatchback,White,1,0,0.0,5452.29
Chevrolet,2021,12730.0,Hybrid,Automatic,Hatchback,Red,2,0,1.0,13728.53
Tesla,2014,300000.0,Hybrid,Manual,Sedan,Red,2,1,0.0,1072.89
Lexus,2010,183639.0,CNG,Automatic,Hatchback,Red,2,0,0.0,1709.98
Suzuki,2010,31473.0,Petrol,Automatic,Sedan,Orange,2,0,0.0,1528.42
Hyundai,2017,16747.0,Petrol,Automatic,Hatchback,White,2,0,1.0,6847.7
Honda,2014,71578.0,Petrol,CVT,Wagon,Green,4,1,1.0,3510.56
Honda,2018,65901.0,Petrol,DSG,Sedan,Red,1,0,0.0,6045.5
Jeep,2022,54317.0,Petrol,Manual,Hatchback,Blue,4,0,1.0,15190.18
Toyota,2010,183056.0,Petrol,CVT,SUV,Gray,1,0,1.0,863.65
Volkswagen,2017,11658.0,Petrol,Manual,Sedan,White,1,0,1.0,13166.99
BMW,2017,56093.0,Hybrid,Automatic,SUV,Orange,2,0,0.0,11796.32
Hyundai,2022,30348.0,Petrol,Manual,SUV,White,1,0,1.0,13750.86
Suzuki,2022,10076.0,Hybrid,Automatic,Sedan,Yellow,1,1,1.0,7543.02
Tesla,2020,39100.0,Petrol,Manual,Hatchback,Green,1,0,0.0,26022.22
Kia,2014,14939.0,Petrol,Automatic,SUV,Silver,1,0,0.0,4309.86
Toyota,2021,32047.0,Hybrid,CVT,SUV,Orange,2,1,0.0,10538.49
Hyundai,2012,160076.0,Petrol,Automatic,Pickup,Yellow,1,1,1.0,1108.89
Lexus,2018,117499.0,Petrol,Automatic,SUV,Red,1,0,0.0,6934.5
Volkswagen,2014,53543.0,Petrol,Manual,SUV,Orange,1,0,,5074.76
Kia,2015,70907.0,Petrol,Automatic,Hatchback,White,2,0,1.0,2488.17
Volkswagen,2018,41137.0,Diesel,Automatic,Hatchback,Red,2,0,1.0,9590.1
Jeep,2014,56618.0,Hybrid,CVT,SUV,Silver,1,0,1.0,5972.79
Ford,2020,12993.0,Petrol,CVT,Hatchback,White,2,0,1.0,8050.99
Toyota,2015,77829.0,Diesel,DSG,Sedan,Black,3,0,,3382.37
Hyundai,2013,144695.0,Diesel,Automatic,Wagon,Orange,3,0,0.0,1405.97
Audi,2022,7468.0,Hybrid,DSG,Coupe,Orange,1,0,1.0,44163.88
Mercedes,2011,227333.0,Electric,Automatic,Sedan,Yellow,1,0,1.0,1876.86
Nissan,2022,37184.0,Diesel,Automatic,Hatchback,Black,2,0,0.0,16440.12
Toyota,2012,133761.0,Hybrid,Automatic,Sedan,White,1,0,0.0,1581.96
Audi,2013,55223.0,Hybrid,Automatic,SUV,Orange,1,0,1.0,5061.16
Toyota,2010,98542.0,Petrol,Automatic,Sedan,Yellow,3,0,0.0,1050.68
Honda,2011,41671.0,Diesel,Manual,SUV,Black,4,0,1.0,3775.97
Hyundai,2022,11670.0,Hybrid,Automatic,SUV,Silver,2,0,1.0,17667.71
Audi,2018,47244.0,Hybrid,CVT,Hatchback,Silver,1,0,1.0,9269.42
Volkswagen,2018,76164.0,Diesel,CVT,Sedan,Blue,1,0,0.0,6427.59
Subaru,2023,,Petrol,Automatic,Sedan,Gray,2,0,0.0,17329.71
Honda,2011,53517.0,Petrol,CVT,Sedan,Silver,1,1,1.0,2654.59
Honda,2018,22619.0,Petrol,CVT,Coupe,White,2,1,1.0,7633.23
Ford,2017,28401.0,Petrol,Automatic,Hatchback,Green,1,1,0.0,5844.01
Hyundai,2011,41625.0,Petrol,CVT,Wagon,Gray,1,0,1.0,2454.47
Toyota,2014,25596.0,Diesel,DSG,Hatchback,Brown,1,0,1.0,4582.82
Jeep,2016,52574.0,Petrol,Manual,Convertible,Gray,2,1,0.0,6036.56
Toyota,2016,1644.6480533859394,Electric,Automatic,SUV,Orange,3,0,0.0,19322.141794393727
Toyota,2013,177210.0,Petrol,CVT,Convertible,Silver,1,0,0.0,587.53
BMW,2017,10636.0,CNG,Automatic,Sedan,Blue,1,0,1.0,18846.66
Subaru,2022,25770.0,Diesel,DSG,Convertible,Red,1,0,1.0,15443.35
Hyundai,2012,36067.0,Electric,Manual,Coupe,Yellow,2,0,1.0,2147.87
Volkswagen,2017,10882.0,Hybrid,Manual,Sedan,Gray,1,0,1.0,8618.2
Jeep,2012,39388.0,Electric,DSG,Sedan,Brown,1,0,0.0,3857.16
Volvo,2017,12421.0,CNG,Automatic,Hatchback,Yellow,2,0,1.0,15535.48
Nissan,2010,59079.0,Petrol,CVT,Sedan,Silver,1,0,1.0,1521.16
Honda,2021,26343.0,Electric,Manual,SUV,Orange,2,0,1.0,15047.74
Nissan,2020,35868.0,Petrol,CVT,Coupe,Orange,1,1,1.0,8720.78
Tesla,2015,81053.0,Petrol,CVT,SUV,Brown,2,0,1.0,8766.3
Volkswagen,2012,90354.0,Hybrid,Automatic,SUV,Orange,2,0,1.0,2398.41
Subaru,2023,1689.0,CNG,DSG,Sedan,Red,1,0,1.0,27451.8
Honda,2017,124433.0,CNG,Automatic,SUV,Silver,1,0,1.0,5530.54
Ford,2010,300000.0,Petrol,Automatic,Convertible,Green,1,0,0.0,369.99
Chevrolet,2013,51870.0,Diesel,Automatic,Wagon,Black,2,0,1.0,3232.3
Honda,2010,179224.0,Diesel,Automatic,Sedan,Silver,2,0,1.0,1110.27
Chevrolet,2019,21654.0,Petrol,Automatic,SUV,Silver,1,1,1.0,9158.4
Volkswagen,2012,97351.0,Diesel,Automatic,Sedan,Green,1,1,1.0,2752.74
Subaru,2013,32882.0,CNG,Automatic,SUV,Orange,1,0,1.0,5983.35
Honda,2014,102311.0,Diesel,Manual,Sedan,Brown,1,0,0.0,3802.86
Lexus,2017,55656.0,Petrol,Automatic,Wagon,Orange,4,0,1.0,15621.14
Toyota,2019,20000.0,Petrol,Manual,Convertible,Gray,1,0,0.0,11928.85
Jeep,2016,40152.0,Diesel,CVT,Coupe,Yellow,3,0,,6233.79
Ford,2010,148145.0,Electric,CVT,Hatchback,Gray,2,0,1.0,1015.11
Lexus,2010,63393.0,Petrol,CVT,SUV,Green,1,0,1.0,3882.62
Subaru,2021,24669.0,Diesel,Manual,SUV,Yellow,3,1,0.0,11430.18
Ford,2011,37905.0,Petrol,Manual,SUV,White,2,0,0.0,2675.56
Kia,2016,75023.0,Petrol,Manual,Wagon,Orange,1,0,1.0,4250.25
Ford,2011,113937.0,Diesel,CVT,Coupe,Silver,4,0,1.0,1645.74
Jeep,2017,37932.0,Petrol,Manual,SUV,Orange,1,0,0.0,6906.11
Volkswagen,2011,119505.0,CNG,Manual,Sedan,Gray,4,1,1.0,708.97
BMW,2010,34737.0,Electric,Automatic,Sedan,Silver,3,0,1.0,5270.77
Volkswagen,2011,214061.0,Diesel,Manual,Hatchback,White,1,0,0.0,683.43
Lexus,2014,89095.0,Electric,Manual,Pickup,Yellow,1,0,1.0,8271.29
Mercedes,2010,120806.0,Hybrid,Automatic,SUV,Gray,2,1,1.0,2972.19
Tesla,2022,50399.0,Diesel,CVT,Hatchback,Red,2,0,1.0,43213.34
Volkswagen,2022,8421.0,Hybrid,Automatic,Sedan,Yellow,2,0,1.0,24620.82
Honda,2023,4709.0,Petrol,CVT,Sedan,Silver,1,0,1.0,19459.8
BMW,2022,6450.0,Diesel,CVT,Sedan,Orange,1,0,1.0,36905.78
BMW,2015,56616.0,Diesel,Automatic,Sedan,Gray,1,0,0.0,7472.61
Chevrolet,2015,192151.0,Electric,DSG,Sedan,Brown,1,1,0.0,1479.2
Porsche,2014,182497.0,Diesel,Manual,SUV,Green,1,0,0.0,9408.64
Volkswagen,2019,45241.0,Hybrid,Manual,SUV,Green,1,0,1.0,11883.87
Ford,2022,3648.0,Petrol,Automatic,Coupe,Red,1,1,1.0,17939.95
Audi,2016,60045.0,Petrol,DSG,Sedan,Yellow,1,1,,9698.83
Volvo,2010,96757.0,Diesel,CVT,Hatchback,Silver,2,0,1.0,1774.87
Nissan,2014,100538.0,Petrol,Manual,Pickup,Black,1,0,1.0,2591.66
Mercedes,2010,117986.0,CNG,Manual,Hatchback,Yellow,3,0,0.0,1760.21
Kia,2011,18272.0,Hybrid,DSG,Hatchback,Brown,1,0,0.0,3227.52
Chevrolet,2019,30426.0,Diesel,DSG,Sedan,Gray,2,0,1.0,13383.19
Kia,2015,8892.0,Petrol,Manual,Hatchback,Green,1,0,0.0,4054.27
Mazda,2016,78856.0,Diesel,CVT,Wagon,Black,2,0,0.0,3363.33
Hyundai,2013,45808.0,Petrol,Automatic,SUV,Brown,3,0,0.0,2077.6
Toyota,2011,300000.0,Diesel,Automatic,Sedan,Red,2,0,1.0,505.67
Volkswagen,2011,99185.0,Diesel,Manual,Hatchback,Yellow,1,1,0.0,1550.61
Volkswagen,2014,300000.0,Petrol,Automatic,Wagon,Yellow,1,0,1.0,962.48
Hyundai,2023,5443.0,Hybrid,CVT,Wagon,Orange,1,1,0.0,20553.73
Kia,2022,5903.0,Electric,Automatic,Hatchback,Red,3,0,1.0,13077.89
Ford,2014,44504.0,Electric,DSG,Hatchback,Green,1,0,1.0,4989.46
Lexus,2011,299903.0,Petrol,Automatic,SUV,Black,3,0,0.0,963.15
Honda,2022,21473.0,Petrol,Manual,Hatchback,Blue,1,0,0.0,19223.3
Nissan,2011,81230.0,Hybrid,Manual,Sedan,White,1,0,1.0,1879.93
Toyota,2018,56885.0,Petrol,CVT,Hatchback,Black,2,0,0.0,6338.58
Ford,2022,6839.0,Petrol,Manual,Hatchback,Yellow,2,0,0.0,16871.81
Ford,2022,24168.0,Petrol,Manual,SUV,Yellow,2,1,1.0,10293.89
Jeep,2012,31427.0,Hybrid,Automatic,Convertible,White,1,1,,4286.23
Nissan,2021,30558.0,Diesel,Automatic,Hatchback,Blue,1,0,1.0,13108.06
Honda,2021,109438.0,CNG,Manual,SUV,Green,2,0,1.0,8611.85
Kia,2023,4994.0,Hybrid,Automatic,Sedan,Black,1,0,1.0,14933.3
Kia,2020,13571.0,Hybrid,Manual,Sedan,Brown,1,0,1.0,8742.81
Nissan,2014,65657.0,Petrol,Manual,Sedan,Brown,2,0,1.0,3263.68
Hyundai,2013,54968.0,Hybrid,DSG,SUV,Gray,1,0,0.0,2831.96
Porsche,2016,113996.0,CNG,CVT,Sedan,Brown,4,0,1.0,12423.8
Mercedes,2015,92771.0,Diesel,Automatic,Wagon,Yellow,1,0,0.0,5608.44
Honda,2023,1755.0,Petrol,Automatic,Coupe,Yellow,1,0,0.0,24380.17
Lexus,2014,224215.0,Petrol,Manual,Convertible,Yellow,1,1,0.0,1467.86
Mercedes,2022,6495.0,Petrol,Automatic,SUV,Brown,2,1,0.0,31887.45
Mazda,2013,17966.0,Petrol,Automatic,Pickup,Orange,2,1,0.0,4616.21
Mercedes,2022,2126.0,Petrol,Manual,SUV,Blue,2,0,1.0,35168.7
Toyota,2023,15072.0,Diesel,CVT,Coupe,Red,1,0,0.0,17543.25
Ford,2023,1620.0,CNG,Automatic,Hatchback,Brown,2,1,1.0,13617.62
Mercedes,2016,111262.0,CNG,Automatic,Hatchback,Red,3,0,1.0,9058.85
Honda,2020,88138.0,Petrol,Manual,Wagon,Orange,1,0,1.0,8580.93
Nissan,2016,79471.0,Petrol,Automatic,SUV,Brown,2,0,0.0,2971.1
Ford,2015,173990.0,Petrol,CVT,Convertible,Black,2,0,1.0,1661.6
Mercedes,2020,14157.0,Petrol,Automatic,Hatchback,Red,2,0,1.0,20268.81
Mercedes,2012,64363.0,Petrol,Automatic,Wagon,Silver,2,0,1.0,6923.58
Hyundai,2018,41504.0,Diesel,CVT,SUV,Gray,2,0,1.0,7025.91
Kia,2017,,Petrol,CVT,Wagon,Black,1,0,0.0,4203.85
Mercedes,2019,10072.0,Hybrid,Manual,SUV,Silver,1,0,1.0,27146.86
Toyota,2011,34787.0,Petrol,Manual,Hatchback,Orange,2,0,1.0,2409.72
Hyundai,2019,12314.0,Diesel,Manual,Coupe,Green,2,1,0.0,7174.65
Mazda,2010,1192.5020075360997,Petrol,Automatic,Wagon,Blue,1,0,1.0,9633.593782977689
Tesla,2016,54892.0,Hybrid,Manual,Sedan,White,1,0,1.0,5247.82
Hyundai,2023,4841.0,Petrol,Automatic,Hatchback,Green,1,0,0.0,23524.81
Honda,2013,22090.0,Hybrid,Automatic,Sedan,Silver,1,0,1.0,3032.59
Mercedes,2023,4100.0,Petrol,Manual,Sedan,Brown,1,1,0.0,54799.35
Ford,2014,25272.0,Petrol,Automatic,SUV,Green,2,1,1.0,2359.97
BMW,2013,214023.0,Petrol,Manual,Convertible,Yellow,2,0,1.0,1783.32
Honda,2016,144373.0,Petrol,Manual,SUV,Red,1,0,0.0,3469.56
Audi,2020,10336.0,Diesel,Automatic,Coupe,Yellow,1,0,,30521.77
Ford,2019,20242.0,Diesel,DSG,Sedan,Silver,2,0,1.0,9692.71
Honda,2016,88800.0,Petrol,Automatic,Hatchback,Green,2,0,1.0,5040.23
BMW,2018,40350.0,Electric,Automatic,Hatchback,Silver,1,0,0.0,15275.38
Audi,2013,87028.0,Petrol,Manual,SUV,Gray,2,0,1.0,5189.06
Subaru,2013,139549.0,Petrol,Automatic,SUV,Gray,1,0,0.0,2893.81
Audi,2013,139640.0,Petrol,Automatic,SUV,Black,3,0,0.0,3412.1
Mercedes,2012,106256.0,Petrol,Manual,Hatchback,Orange,3,0,1.0,4001.71
Tesla,2010,15684.0,Electric,CVT,SUV,Red,3,0,0.0,7683.52
Toyota,2014,69574.0,Petrol,Automatic,Hatchback,Blue,2,0,0.0,2680.23
Audi,2010,69193.0,Diesel,CVT,SUV,Brown,1,0,0.0,4586.96
Volkswagen,2012,114069.0,Diesel,DSG,Coupe,Blue,2,0,1.0,1815.94
Toyota,2015,192037.0,Diesel,Manual,SUV,Silver,1,0,1.0,2971.75
Volkswagen,2012,168486.0,Hybrid,Automatic,Hatchback,Brown,1,0,0.0,1630.04
BMW,2013,45214.0,Hybrid,Automatic,Sedan,White,3,0,1.0,5234.61
Ford,2022,7995.0,Petrol,DSG,Hatchback,White,2,1,0.0,14013.85
Ford,2013,62369.0,CNG,CVT,Sedan,Red,3,0,1.0,2029.98
Chevrolet,2023,8790.0,Petrol,CVT,Hatchback,Blue,2,0,1.0,20165.99
Mitsubishi,2019,,Diesel,Automatic,Convertible,Red,1,0,1.0,7903.06
Audi,2021,14890.0,Electric,Automatic,SUV,White,2,0,1.0,34506.07
Mazda,2018,72430.0,CNG,Manual,Sedan,Gray,2,0,0.0,6818.06
Ford,2013,113627.0,Hybrid,DSG,Hatchback,Green,1,0,1.0,1363.22
Ford,2019,54397.0,Diesel,Manual,Hatchback,Brown,1,0,0.0,7429.75
Volkswagen,2021,21470.0,Petrol,Automatic,SUV,Orange,1,1,1.0,15611.01
Toyota,2013,65174.0,Petrol,Automatic,Convertible,Gray,2,0,,2957.58
BMW,2022,10049.0,Diesel,Manual,Hatchback,Blue,2,0,,34730.22
Hyundai,2015,300000.0,Hybrid,Automatic,SUV,Green,2,1,1.0,398.61
Lexus,2021,54849.0,Electric,CVT,Sedan,Gray,4,0,0.0,22611.08
Audi,2016,80883.0,Petrol,Manual,SUV,Silver,1,0,0.0,3564.19
Chevrolet,2014,118443.0,Diesel,CVT,Hatchback,Silver,3,0,1.0,2058.53
Audi,2019,37250.0,Petrol,DSG,SUV,Brown,1,0,1.0,15688.1
Lexus,2011,72014.0,Diesel,Manual,SUV,Silver,1,0,1.0,4845.3
Kia,2019,137754.0,Hybrid,Manual,Hatchback,Orange,1,0,1.0,4605.79
Chevrolet,2021,40263.0,Petrol,Automatic,SUV,Blue,2,0,0.0,13797.21
Tesla,2013,86232.0,Electric,Automatic,SUV,Red,1,0,1.0,7303.36
Toyota,2014,152395.0,Electric,CVT,Hatchback,Silver,1,1,1.0,1035.57
Toyota,2014,44505.0,Petrol,Manual,Sedan,Gray,1,1,1.0,2808.12
Honda,2019,11258.0,Petrol,Automatic,Hatchback,Silver,3,0,0.0,11130.88
Honda,2018,21526.0,Electric,Manual,Sedan,Black,2,1,0.0,9775.5
Ford,2010,53505.0,Electric,Manual,Hatchback,Red,1,1,0.0,945.41
BMW,2017,46400.0,Diesel,Manual,SUV,Yellow,3,0,1.0,6868.27
Toyota,2016,134499.0,CNG,Manual,SUV,Black,2,0,1.0,2326.67
Toyota,2021,,Petrol,Manual,Convertible,Black,1,0,1.0,20164.73
Hyundai,2023,25749.0,Petrol,Manual,Sedan,Blue,1,1,1.0,14460.96
BMW,2017,197062.0,Electric,Manual,Sedan,Gray,1,0,1.0,7056.82
Nissan,2015,84728.0,Diesel,Manual,Hatchback,White,2,1,0.0,1893.72
Nissan,2020,40850.0,Hybrid,Automatic,SUV,Blue,1,1,0.0,9029.33
BMW,2015,123792.0,Hybrid,Manual,Sedan,White,1,0,1.0,4049.34
Ford,2017,46101.0,Diesel,Manual,SUV,Green,1,0,0.0,4656.23
Jeep,2019,75212.0,Diesel,Automatic,Hatchback,Silver,2,0,1.0,6813.87
Volkswagen,2017,136356.0,Hybrid,Automatic,Pickup,Brown,2,0,0.0,4758.42
Volkswagen,2020,16862.0,Diesel,Manual,Hatchback,Yellow,1,0,1.0,19046.27
Porsche,2019,73910.0,Diesel,Manual,Hatchback,Black,2,0,0.0,18246.97
Audi,2011,300000.0,Hybrid,Automatic,Hatchback,Orange,1,1,1.0,838.04
BMW,2016,20436.0,Diesel,CVT,Sedan,Orange,3,0,1.0,17121.23
Ford,2018,20682.0,Petrol,Automatic,SUV,Gray,1,1,0.0,6910.86
Volkswagen,2018,18690.0,Hybrid,DSG,SUV,White,1,0,1.0,11215.96
BMW,2018,138725.0,Petrol,CVT,Wagon,Orange,1,0,1.0,9452.23
Toyota,2016,64208.0,Petrol,Automatic,Hatchback,Black,1,1,1.0,5606.76
Nissan,2014,71167.0,Petrol,Automatic,Hatchback,Yellow,1,0,1.0,2373.92
Ford,2011,86803.0,Hybrid,Automatic,SUV,Gray,3,0,0.0,1782.6
Mazda,2020,26287.0,Diesel,Manual,Wagon,White,1,0,1.0,12290.84
Nissan,2021,20998.0,Diesel,CVT,Sedan,Yellow,1,0,1.0,18336.4
Mercedes,2011,64427.0,Petrol,Automatic,Hatchback,Black,1,0,1.0,5386.62
Honda,2015,42465.0,Petrol,DSG,Hatchback,Gray,1,0,0.0,5679.28
Honda,2017,136610.0,Electric,DSG,Sedan,Silver,1,0,1.0,4486.39
Volkswagen,2019,24099.0,Petrol,Manual,Coupe,Gray,1,0,0.0,12197.99
Mitsubishi,2012,23611.0,Diesel,Automatic,Coupe,Brown,2,0,0.0,2012.83
Ford,2016,51736.0,Electric,Manual,SUV,Blue,1,0,1.0,4352.87
Hyundai,2020,28761.0,Electric,Automatic,Hatchback,Red,2,0,0.0,10064.27
Hyundai,2020,26176.0,Petrol,Automatic,SUV,White,1,0,1.0,10014.21
Toyota,2014,94385.0,Hybrid,Automatic,Hatchback,Silver,1,0,1.0,3093.96
Ford,2021,11668.0,Electric,Automatic,Convertible,Red,2,0,1.0,14594.01
Ford,2015,65132.0,CNG,Manual,Coupe,White,2,1,1.0,3171.04
BMW,2022,27782.0,Petrol,Manual,Sedan,Orange,2,1,0.0,25941.45
Ford,2014,179295.0,Petrol,DSG,Hatchback,Green,1,0,1.0,2555.76
Hyundai,2011,98107.0,Hybrid,Automatic,SUV,Blue,1,0,1.0,1695.21
Nissan,2017,25631.0,Diesel,Automatic,SUV,Orange,1,1,0.0,5794.97
BMW,2018,52768.0,Petrol,CVT,Hatchback,Brown,1,0,1.0,12389.42
Honda,2012,76760.0,Electric,Manual,Sedan,Brown,1,0,0.0,1219.89
Chevrolet,2011,36791.0,Petrol,Automatic,Hatchback,Gray,1,0,1.0,2875.77
Suzuki,2013,111897.0,Hybrid,Automatic,Convertible,Red,1,1,1.0,1931.1
Ford,2010,50005.0,Petrol,DSG,Hatchback,White,1,0,1.0,2086.77
Ford,2012,181129.0,Diesel,Automatic,Sedan,Red,4,0,1.0,1131.18
Ford,2022,17210.0,Petrol,Automatic,SUV,Gray,1,0,1.0,21399.25
Honda,2015,111614.0,Petrol,CVT,Hatchback,White,2,0,1.0,3770.68
Volvo,2019,24794.0,Diesel,CVT,Coupe,Gray,3,1,1.0,15182.86
Tesla,2023,18348.0,Petrol,Manual,SUV,Gray,1,0,1.0,40626.49
Ford,2019,127486.0,CNG,CVT,Coupe,Blue,1,0,0.0,3226.19
Toyota,2019,26788.0,Petrol,DSG,Hatchback,Yellow,3,0,1.0,7792.8
Chevrolet,2011,89674.0,Diesel,Manual,Coupe,Green,1,0,1.0,2458.4
Chevrolet,2010,17932.0,Petrol,Automatic,Coupe,Red,1,0,0.0,2740.41
Mercedes,2013,31003.0,Petrol,Automatic,Hatchback,White,2,1,0.0,5272.31
Honda,2016,40566.0,Hybrid,Automatic,SUV,Orange,1,1,1.0,4749.33
Hyundai,2013,253306.0,Petrol,Manual,Hatchback,Black,1,0,1.0,916.89
Ford,2010,63515.0,Petrol,Manual,SUV,Green,1,1,0.0,1036.63
Volkswagen,2020,18667.0,Petrol,Manual,Wagon,Silver,3,0,1.0,13137.99
Nissan,2012,38322.0,Electric,Automatic,Sedan,Silver,1,0,1.0,2670.09
Mazda,2010,157917.0,CNG,DSG,Hatchback,Red,2,0,0.0,915.98
Suzuki,2010,125620.0,Petrol,Manual,Sedan,Black,1,0,0.0,1115.94
Honda,2018,37256.0,Petrol,Manual,SUV,Red,1,0,1.0,8955.36
Honda,2023,,Diesel,Manual,SUV,Brown,2,0,1.0,18908.49
Volvo,2016,100606.0,Petrol,Manual,Hatchback,Red,1,0,0.0,6764.89
Nissan,2016,81385.0,Petrol,Automatic,SUV,Orange,2,0,1.0,4157.58
Honda,2016,1117.2080958187212,Hybrid,Automatic,SUV,White,1,0,1.0,7657.531935745554
Mazda,2020,14681.0,Petrol,Automatic,SUV,Blue,1,1,,11879.35
BMW,2022,6036.0,Diesel,Automatic,SUV,Silver,1,0,1.0,47126.33
BMW,2018,96874.0,Petrol,Automatic,Sedan,Blue,2,1,1.0,7787.39
Honda,2014,104818.0,Petrol,Manual,Sedan,Blue,3,0,0.0,3034.92
BMW,2018,45800.0,Petrol,Manual,Hatchback,Gray,1,0,0.0,15521.41
Ford,2023,10343.0,Hybrid,Automatic,Pickup,Brown,2,0,1.0,33181.74
Audi,2022,32420.0,CNG,CVT,Sedan,Blue,1,0,1.0,35180.9
Toyota,2015,222794.0,Petrol,Manual,SUV,Red,3,0,1.0,1044.7
Honda,2022,21646.0,Diesel,Manual,SUV,Yellow,2,1,1.0,15849.27
Ford,2018,10468.0,Petrol,Automatic,SUV,Blue,2,0,1.0,9222.58
Audi,2019,18188.0,Petrol,Manual,Coupe,Black,1,0,0.0,21828.45
Ford,2016,20103.0,Petrol,DSG,SUV,Green,1,0,0.0,7040.92
Nissan,2018,86813.0,Hybrid,CVT,Coupe,Brown,2,0,0.0,5619.09
Toyota,2017,35088.0,Petrol,Manual,SUV,Blue,2,0,1.0,8377.36
Chevrolet,2010,50165.0,Diesel,Manual,Pickup,Brown,2,1,1.0,1574.88
Honda,2015,24578.0,Petrol,Manual,Hatchback,Gray,1,0,0.0,4688.07
Hyundai,2018,57710.0,Petrol,Automatic,Sedan,Blue,2,1,0.0,4123.11
Ford,2019,71707.0,Diesel,Automatic,Hatchback,White,2,0,1.0,5927.83
Volkswagen,2018,28427.0,Petrol,Automatic,Coupe,Brown,1,0,1.0,8867.65
Nissan,2012,254355.0,Diesel,Automatic,Sedan,Yellow,1,0,0.0,835.73
Toyota,2011,,Diesel,Manual,Sedan,Silver,2,0,1.0,3142.88
Toyota,2018,64232.0,Petrol,DSG,SUV,White,1,0,1.0,6686.24
Toyota,2023,12594.0,Petrol,CVT,Convertible,Yellow,2,0,1.0,28390.41
Toyota,2022,29206.0,Diesel,Manual,Sedan,Red,1,0,0.0,23061.96
Honda,2023,4960.0,Diesel,Automatic,Wagon,Blue,1,1,1.0,16485.15
Hyundai,2022,63779.0,Hybrid,Manual,Wagon,Orange,2,0,1.0,10194.51
Chevrolet,2011,51009.0,Petrol,Automatic,Pickup,Black,1,0,1.0,2323.44
Nissan,2012,262362.0,Hybrid,Manual,SUV,Black,1,0,1.0,466.37
Honda,2019,6681.0,Petrol,Manual,SUV,Green,1,0,1.0,12378.91
Audi,2013,28164.0,Diesel,Automatic,SUV,White,2,0,1.0,6159.03
Volkswagen,2013,91300.0,Hybrid,Manual,Hatchback,Black,1,0,0.0,2243.9
Hyundai,2020,51181.0,CNG,Automatic,Pickup,Yellow,1,0,0.0,7949.4
Lexus,2012,110104.0,Electric,Automatic,Sedan,Brown,1,0,1.0,3403.18
Honda,2018,,Petrol,Manual,SUV,Silver,1,1,0.0,8028.58
Toyota,2017,30539.0,Petrol,Manual,Hatchback,Brown,1,0,0.0,9007.89
Ford,2010,46082.0,CNG,CVT,Hatchback,Orange,2,0,1.0,2310.87
Toyota,2015,55692.0,Diesel,Manual,SUV,Yellow,3,0,1.0,4286.79
Jeep,2019,300000.0,Petrol,DSG,Hatchback,White,1,1,1.0,1753.7
Subaru,2015,21662.0,Diesel,CVT,SUV,Gray,2,0,1.0,4896.45
Chevrolet,2015,68473.0,CNG,Automatic,SUV,Green,1,0,1.0,4916.89
BMW,2013,35332.0,Petrol,Manual,Hatchback,Black,1,0,1.0,6104.84
Hyundai,2017,24434.0,Petrol,Automatic,Hatchback,Gray,1,0,0.0,6407.61
BMW,2013,102733.0,Petrol,Manual,SUV,White,1,0,1.0,6339.92
Ford,2012,121183.0,Petrol,Automatic,Sedan,Silver,4,0,1.0,1101.45
Kia,2022,17500.0,Petrol,Automatic,SUV,White,1,0,1.0,19473.83
Hyundai,2016,40822.0,Petrol,Automatic,SUV,Gray,1,0,1.0,5874.96
Hyundai,2021,19919.0,Diesel,CVT,Hatchback,Orange,1,0,1.0,11348.93
Suzuki,2015,16497.0,Petrol,Automatic,Hatchback,White,1,0,1.0,5377.33
Volvo,2019,42154.0,CNG,CVT,Hatchback,Orange,1,0,1.0,10198.33
Ford,2022,30358.0,Petrol,CVT,Sedan,Red,2,0,1.0,17966.32
Audi,2017,36958.0,Petrol,Automatic,SUV,Red,1,0,1.0,14364.91
Toyota,2017,8212.0,CNG,Automatic,Hatchback,Red,1,0,1.0,9654.39
Suzuki,2017,18521.0,Petrol,Automatic,Hatchback,Black,1,0,1.0,6724.0
BMW,2017,50822.0,Petrol,Manual,SUV,Gray,1,0,1.0,11387.37
Kia,2017,26905.0,Diesel,Automatic,Wagon,Orange,2,0,1.0,5851.98
Volvo,2018,39805.0,Petrol,CVT,SUV,Black,1,0,1.0,14010.79
Mercedes,2014,42657.0,Petrol,CVT,Wagon,Gray,2,0,1.0,7375.33
Honda,2020,4357.0,Petrol,CVT,SUV,Gray,1,0,0.0,11438.0
Volkswagen,2018,45418.0,Petrol,CVT,Hatchback,Black,1,0,1.0,13226.87
Mitsubishi,2014,300000.0,Diesel,Manual,SUV,Black,2,0,1.0,772.48
Mercedes,2013,30906.0,Hybrid,Automatic,Sedan,Silver,1,0,0.0,7425.61
Subaru,2022,6374.0,Hybrid,Automatic,Sedan,Brown,2,1,0.0,17891.46
Chevrolet,2023,9339.0,Diesel,DSG,SUV,Black,2,1,1.0,22976.51
Lexus,2019,72989.0,Petrol,Manual,Hatchback,Silver,1,0,1.0,18456.88
Jeep,2018,59886.0,Diesel,Automatic,Hatchback,Black,3,0,1.0,7761.97
Volkswagen,2012,23246.0,Hybrid,Automatic,Pickup,White,1,0,1.0,4073.68
Ford,2013,24390.0,Diesel,Manual,SUV,White,2,0,1.0,3832.24
Mercedes,2014,104245.0,Petrol,Automatic,SUV,Brown,1,0,0.0,5463.34
Mercedes,2013,106857.0,Hybrid,Manual,Coupe,Gray,3,1,,3263.32
Mercedes,2017,63213.0,Diesel,Automatic,SUV,Black,1,0,1.0,11725.69
Volkswagen,2014,97731.0,Petrol,Automatic,Sedan,Green,1,0,1.0,3786.69
Toyota,2018,80662.0,CNG,Manual,Convertible,Black,2,0,1.0,5532.18
Lexus,2012,134950.0,Electric,Automatic,Sedan,Orange,3,0,1.0,4064.48
Chevrolet,2015,211714.0,Petrol,Automatic,Sedan,Orange,2,0,0.0,1314.85
Mercedes,2018,43561.0,Petrol,Manual,Sedan,Blue,1,1,1.0,13310.33
Toyota,2019,47762.0,Petrol,Automatic,Hatchback,Green,1,0,0.0,8961.51
Mazda,2013,300000.0,Electric,Manual,SUV,Gray,1,0,,533.48
Mercedes,2020,12247.0,Hybrid,Manual,Coupe,White,1,0,0.0,35965.44
Volkswagen,2019,38666.0,Hybrid,Manual,SUV,Orange,1,0,1.0,10990.62
Porsche,2023,6326.0,Diesel,CVT,SUV,White,2,0,0.0,85093.23
BMW,2013,127824.0,Petrol,DSG,SUV,Black,1,0,1.0,3514.26
Mitsubishi,2010,203744.0,Petrol,Manual,Hatchback,Orange,1,1,1.0,498.25
Subaru,2010,300000.0,Petrol,Automatic,Hatchback,Blue,2,0,0.0,470.49
Honda,2022,9581.0,Hybrid,Automatic,Wagon,Gray,1,0,1.0,20767.02
Mercedes,2014,13169.0,Electric,Automatic,Sedan,Black,2,0,1.0,10175.09
Jeep,2018,116409.0,Diesel,Manual,SUV,Yellow,2,0,1.0,6001.71
Hyundai,2014,26504.0,Diesel,CVT,SUV,Silver,1,0,1.0,2811.11
Mitsubishi,2011,137229.0,Petrol,Manual,Sedan,White,1,0,1.0,1158.94
BMW,2015,142332.0,Diesel,Manual,Hatchback,Brown,2,0,1.0,5585.33
Toyota,2017,173884.0,Diesel,CVT,Sedan,Yellow,1,0,1.0,2362.54
Chevrolet,2015,15280.0,Hybrid,Manual,SUV,Brown,1,0,0.0,5776.46
Nissan,2019,156483.0,Diesel,Manual,Hatchback,Yellow,1,0,1.0,5346.91
Honda,2012,77045.0,Electric,Manual,Coupe,Green,4,0,0.0,1849.4
Ford,2012,22106.0,Petrol,CVT,Sedan,Blue,2,0,1.0,2876.74
Honda,2021,49232.0,Petrol,Manual,SUV,Blue,3,0,1.0,11567.03
Subaru,2020,37721.0,CNG,Automatic,Hatchback,Gray,2,0,1.0,10934.4
Volkswagen,2010,13115.0,Diesel,Automatic,SUV,Gray,2,0,1.0,2124.46
Nissan,2016,43870.0,Diesel,DSG,SUV,Silver,1,1,1.0,2419.96
Ford,2014,62624.0,Petrol,CVT,Convertible,Yellow,2,0,1.0,4858.3
Chevrolet,2012,46632.0,Electric,Automatic,SUV,Black,1,1,1.0,1951.54
Hyundai,2016,35631.0,Petrol,Manual,Coupe,Red,1,1,1.0,3727.43
Hyundai,2018,58735.0,Petrol,Automatic,Sedan,Brown,1,0,0.0,6060.71
Toyota,2018,63269.0,Hybrid,Automatic,Coupe,Brown,3,0,1.0,6307.38
Ford,2020,14854.0,Petrol,Automatic,SUV,Orange,1,0,0.0,13764.14
Porsche,2013,300000.0,Petrol,CVT,Sedan,Orange,2,0,1.0,2185.42
Porsche,2010,300000.0,Petrol,Manual,SUV,Green,1,0,1.0,1235.81
Mercedes,2021,8848.0,Hybrid,CVT,SUV,Silver,1,0,1.0,36286.95
Toyota,2014,60373.0,Petrol,DSG,SUV,Black,3,0,0.0,3343.96
Nissan,2022,20851.0,Petrol,Automatic,SUV,Red,2,0,1.0,14062.32
Toyota,2017,96919.0,CNG,Automatic,Coupe,Black,3,0,0.0,1650.75
Lexus,2017,47558.0,Petrol,Automatic,SUV,Yellow,1,0,0.0,13278.62
Toyota,2019,,Electric,CVT,SUV,Black,1,0,1.0,9858.97
Lexus,2014,89757.0,Hybrid,Automatic,Sedan,Black,1,0,1.0,7464.72
Kia,2011,47871.0,Petrol,Automatic,Coupe,Silver,3,0,1.0,1975.54
Kia,2011,249705.0,Diesel,Manual,Wagon,Silver,2,0,1.0,530.67
Mercedes,2016,31539.0,Hybrid,CVT,SUV,Green,1,0,1.0,7789.1
Honda,2019,14279.0,Petrol,Manual,Sedan,Gray,3,0,1.0,10006.09
Jeep,2012,75561.0,Hybrid,CVT,Wagon,Blue,2,0,1.0,2202.7
Nissan,2020,29124.0,Petrol,Manual,SUV,Yellow,2,0,0.0,11194.61
Kia,2020,19716.0,Electric,DSG,Wagon,Orange,1,0,,12366.38
Hyundai,2018,77702.0,Petrol,Manual,SUV,Black,3,0,1.0,4368.23
Audi,2012,107695.0,Hybrid,Automatic,Sedan,Gray,1,1,1.0,2910.55
Toyota,2019,99366.0,Petrol,Automatic,SUV,Green,2,0,1.0,6754.71
Volkswagen,2014,300000.0,Petrol,Manual,SUV,Brown,1,0,1.0,672.32
Honda,2022,1706.842559202252,Petrol,Automatic,SUV,Black,2,0,1.0,82064.28805033647
Suzuki,2015,35210.0,Petrol,Automatic,Hatchback,Red,2,0,1.0,2728.6
Ford,2021,54649.0,Diesel,Automatic,Sedan,Yellow,1,1,1.0,6178.8
Hyundai,2023,3817.0,Petrol,Automatic,Hatchback,Green,1,0,1.0,21008.89
Hyundai,2019,51519.0,Petrol,Manual,Coupe,Yellow,2,0,1.0,8433.91
Volkswagen,2013,88139.0,Petrol,DSG,Wagon,White,1,0,1.0,3975.68
Hyundai,2023,3059.0,Diesel,Automatic,Sedan,Blue,3,1,1.0,10846.8
Volkswagen,2010,81388.0,Diesel,Manual,SUV,Black,1,0,1.0,1642.61
Jeep,2017,109584.0,Diesel,Manual,Convertible,Brown,1,0,1.0,6748.58
Mercedes,2014,64647.0,Petrol,Automatic,SUV,Brown,1,0,0.0,9486.21
Honda,2010,215860.0,Electric,Automatic,Convertible,White,1,0,1.0,643.64
Ford,2016,27037.0,Petrol,DSG,SUV,Blue,1,0,1.0,6918.36
Honda,2011,96852.0,Petrol,Manual,Hatchback,Silver,1,0,1.0,1285.69
Toyota,2015,300000.0,Hybrid,Automatic,Sedan,White,1,0,1.0,1144.93
Mazda,2012,32363.0,Petrol,Manual,Sedan,Green,1,0,0.0,2233.39
Ford,2019,114232.0,Hybrid,Automatic,Sedan,Yellow,1,1,0.0,4385.75
Honda,2023,2017.0,Petrol,CVT,SUV,Blue,2,0,1.0,32014.78
BMW,2010,160346.0,Petrol,Automatic,Hatchback,White,1,0,0.0,1315.04
Toyota,2010,102014.0,Diesel,Manual,Sedan,Silver,1,0,1.0,1754.56
Honda,2018,50437.0,Electric,Manual,Sedan,Red,3,0,0.0,7602.28
Ford,2014,236113.0,Diesel,Manual,Sedan,Red,2,0,1.0,837.65
Lexus,2018,65653.0,Petrol,Automatic,Convertible,Brown,1,1,1.0,8142.44
Audi,2019,18613.0,Diesel,Manual,Hatchback,Green,1,1,0.0,18991.93
Toyota,2014,300000.0,Petrol,Manual,Sedan,Gray,1,0,0.0,771.91
Hyundai,2013,81671.0,Electric,Manual,Sedan,Black,3,0,0.0,1704.75
Lexus,2012,58600.0,CNG,Manual,Sedan,Black,1,0,1.0,6303.2
Mazda,2012,108487.0,Petrol,Automatic,Pickup,Orange,3,1,1.0,1346.73
Audi,2021,8130.0,Hybrid,Manual,SUV,Yellow,1,0,1.0,29820.5
Hyundai,2010,55006.0,Petrol,Automatic,Hatchback,Red,1,0,1.0,2116.27
Kia,2020,1250.468997430845,Petrol,Manual,SUV,Green,2,1,1.0,31898.532803983897
Suzuki,2016,105384.0,Petrol,Automatic,Wagon,Orange,2,0,1.0,2074.63
Chevrolet,2011,62724.0,Diesel,Automatic,Sedan,Black,1,0,1.0,3230.42
Toyota,2017,66678.0,Petrol,Automatic,SUV,Yellow,1,0,0.0,5863.56
Volvo,2023,6471.0,Petrol,DSG,Pickup,Black,2,0,1.0,24103.11
Honda,2013,100696.0,Petrol,Manual,SUV,Orange,1,0,1.0,2128.62
Subaru,2017,71789.0,CNG,Automatic,Hatchback,Gray,1,0,1.0,6925.83
Hyundai,2016,92122.0,Petrol,Manual,SUV,Silver,2,0,0.0,3883.83
Lexus,2011,89691.0,Petrol,Automatic,Sedan,Orange,3,1,1.0,2911.44
Lexus,2020,10689.0,Petrol,Manual,SUV,Gray,1,1,1.0,29670.12
Lexus,2018,93990.0,Petrol,CVT,SUV,Yellow,1,0,0.0,10879.57
Subaru,2022,13265.0,Petrol,CVT,SUV,Black,3,0,1.0,17383.73
Kia,2015,38138.0,Electric,DSG,SUV,Black,1,0,0.0,3315.25
Toyota,2010,184064.0,Diesel,Manual,Sedan,White,1,0,1.0,935.93
Ford,2015,116351.0,Diesel,Manual,Hatchback,Green,1,0,1.0,2946.77
BMW,2018,52161.0,Petrol,Manual,SUV,Brown,2,0,0.0,6160.23
Subaru,2022,15023.0,Diesel,Automatic,Hatchback,Red,1,0,0.0,20404.5
BMW,2020,17727.0,Petrol,Manual,Hatchback,Red,3,1,1.0,27607.56
Toyota,2013,46031.0,Diesel,Manual,SUV,Green,2,0,1.0,6750.44
BMW,2022,6451.0,Hybrid,CVT,Sedan,Brown,3,0,0.0,28614.2
BMW,2014,30790.0,Petrol,Manual,Wagon,Gray,1,0,1.0,11550.02
Mitsubishi,2011,37234.0,Petrol,Automatic,Hatchback,Gray,2,0,1.0,2551.86
Kia,2022,18114.0,Hybrid,Manual,Sedan,Brown,1,0,1.0,17380.77
Subaru,2023,2040.0,Petrol,Manual,Hatchback,Brown,1,0,0.0,25194.33
Ford,2015,52626.0,Petrol,Manual,Hatchback,Black,2,1,1.0,3543.52
Volkswagen,2014,125991.0,Hybrid,Manual,Coupe,Silver,1,0,1.0,4058.46
Hyundai,2018,28036.0,Petrol,Automatic,SUV,Gray,2,0,1.0,7986.51
BMW,2016,30714.0,Diesel,Automatic,Convertible,Black,1,0,0.0,11616.6
Honda,2017,121298.0,Diesel,Manual,Hatchback,Red,2,0,1.0,3919.53
Honda,2011,64745.0,Petrol,DSG,SUV,Orange,2,1,1.0,1713.64
Honda,2011,66009.0,Petrol,Automatic,Sedan,Green,1,1,1.0,2045.47
Mercedes,2021,16493.0,Hybrid,Manual,Hatchback,Black,2,0,1.0,36221.18
Hyundai,2020,68429.0,Petrol,Automatic,Coupe,Gray,1,0,0.0,9297.36
Subaru,2016,17887.0,Hybrid,Manual,Sedan,Orange,2,0,1.0,4680.05
Ford,2015,300000.0,Petrol,Automatic,Hatchback,Blue,1,0,0.0,1125.89
Lexus,2011,267886.0,Diesel,DSG,SUV,Gray,2,0,1.0,1311.3
Nissan,2016,30168.0,Electric,Automatic,Pickup,Green,3,0,1.0,6683.8
Nissan,2016,67473.0,Diesel,Automatic,SUV,Green,1,0,0.0,5778.07
Volkswagen,2014,59739.0,Petrol,Manual,Convertible,Black,1,0,1.0,6052.85
Hyundai,2012,189333.0,CNG,Automatic,Sedan,Silver,4,1,0.0,666.35
Hyundai,2015,66585.0,Electric,Manual,SUV,Silver,2,0,0.0,3992.19
Mazda,2019,36135.0,Petrol,DSG,Hatchback,White,1,0,1.0,9105.49
Hyundai,2016,23903.0,Diesel,Automatic,SUV,White,3,0,1.0,4615.54
Suzuki,2020,22053.0,Petrol,Manual,Hatchback,Gray,2,0,0.0,6970.28
Porsche,2012,201791.0,Diesel,CVT,Convertible,Silver,1,0,1.0,2732.68
Kia,2014,86023.0,Hybrid,CVT,Convertible,Yellow,1,1,1.0,2903.99
BMW,2016,173140.0,Diesel,Manual,SUV,Brown,1,0,1.0,2527.95
Chevrolet,2015,4391.0,Diesel,CVT,Hatchback,Red,1,0,1.0,7403.51
Chevrolet,2016,256546.0,Diesel,Automatic,Hatchback,Gray,2,1,1.0,888.59
Jeep,2021,5587.0,Petrol,Manual,SUV,Brown,2,0,1.0,26415.54
Mitsubishi,2013,66340.0,Diesel,Manual,SUV,Silver,2,1,1.0,1575.13
Volkswagen,2022,16376.0,Electric,Automatic,SUV,Silver,1,1,1.0,24480.88
Subaru,2021,26638.0,Petrol,DSG,SUV,Yellow,1,0,1.0,19625.99
Toyota,2020,139216.0,Petrol,Automatic,Pickup,Orange,1,1,1.0,3889.77
Toyota,2010,80450.0,Diesel,Automatic,Sedan,Gray,1,0,1.0,1996.14
Hyundai,2012,80425.0,Petrol,Automatic,SUV,Gray,1,0,1.0,2157.42
Ford,2013,300000.0,Diesel,Manual,Convertible,Brown,1,0,1.0,776.57
Mercedes,2013,50987.0,Petrol,CVT,SUV,Green,1,0,0.0,11009.51
Hyundai,2021,28989.0,Petrol,Manual,Coupe,Green,2,0,1.0,13770.06
Lexus,2017,17075.0,Diesel,Manual,Sedan,Red,3,0,0.0,13847.86
Kia,2017,132396.0,Hybrid,Automatic,SUV,Green,2,0,1.0,4285.74
Kia,2017,36422.0,Petrol,Automatic,Coupe,Black,1,0,1.0,4359.7
Lexus,2014,44639.0,Diesel,Automatic,Sedan,Black,2,0,0.0,9119.87
Hyundai,2014,73822.0,Hybrid,Automatic,Pickup,Orange,1,0,0.0,2358.0
Mitsubishi,2021,61759.0,Hybrid,Manual,SUV,Orange,2,0,1.0,8438.05
Audi,2010,146624.0,Diesel,Manual,Hatchback,White,1,1,0.0,1268.47
Toyota,2021,40350.0,Diesel,Automatic,SUV,Orange,1,0,1.0,9284.18
BMW,2021,13561.0,Diesel,CVT,SUV,White,2,1,1.0,25344.68
Ford,2013,69407.0,Hybrid,Manual,Sedan,Silver,2,1,0.0,3337.64
Mercedes,2018,40383.0,Petrol,CVT,Hatchback,Gray,1,0,1.0,16513.23
Toyota,2018,31488.0,Diesel,DSG,SUV,Black,2,1,0.0,7831.56
Chevrolet,2012,77044.0,Petrol,Automatic,Convertible,Orange,2,0,0.0,2661.29
Chevrolet,2019,43035.0,Hybrid,DSG,SUV,Brown,2,0,,12292.86
Subaru,2020,35105.0,Petrol,Automatic,SUV,Blue,1,0,1.0,10285.71
Audi,2013,36561.0,Petrol,Manual,Hatchback,White,1,0,,7657.59
Chevrolet,2014,77061.0,Hybrid,Automatic,Sedan,Red,1,0,1.0,3590.59
Volvo,2012,104736.0,Diesel,Manual,Wagon,Brown,2,1,1.0,3396.81
Toyota,2011,146663.0,Petrol,CVT,Coupe,Yellow,1,0,0.0,1109.73
Nissan,2018,92333.0,Petrol,Manual,Convertible,Orange,2,0,0.0,4743.62
Ford,2020,77417.0,Petrol,DSG,SUV,Green,1,0,1.0,7541.41
Toyota,2013,94225.0,Electric,DSG,SUV,Red,2,0,0.0,3091.79
Jeep,2012,47964.0,Hybrid,Automatic,Wagon,Blue,1,0,1.0,4088.44
BMW,2011,73112.0,Diesel,Automatic,SUV,Red,4,0,1.0,3915.28
BMW,2013,57807.0,Electric,Automatic,Sedan,Green,1,1,0.0,6732.54
Jeep,2012,38093.0,Hybrid,CVT,SUV,Black,3,0,1.0,4049.28
BMW,2011,10042.0,Hybrid,Automatic,Sedan,Blue,1,0,1.0,4777.65
Jeep,2023,8579.0,Diesel,Automatic,Hatchback,Orange,2,0,1.0,26063.04
Toyota,2015,74023.0,Petrol,Manual,Pickup,Yellow,2,1,1.0,3560.24
Volkswagen,2022,3236.0,Petrol,Manual,Sedan,Blue,2,0,1.0,23906.31
Hyundai,2010,103120.0,Diesel,Automatic,Sedan,Red,1,0,1.0,1470.58
Jeep,2019,80169.0,Petrol,Manual,Hatchback,Blue,3,1,1.0,8207.85
Nissan,2015,,Petrol,Automatic,Sedan,Green,1,0,1.0,3474.0
Nissan,2021,29067.0,Petrol,Automatic,Sedan,Red,2,0,1.0,11639.06
Mercedes,2010,73184.0,Petrol,Manual,SUV,White,1,0,1.0,3744.23
Toyota,2015,28844.0,Electric,CVT,SUV,Yellow,2,1,1.0,4128.61
BMW,2013,160700.0,CNG,CVT,Coupe,Red,1,0,1.0,3445.77
Suzuki,2011,64037.0,CNG,Manual,Sedan,Blue,1,0,1.0,1248.59
Mercedes,2016,20204.0,Diesel,Manual,SUV,Silver,1,0,1.0,18078.44
Audi,2021,8899.0,Hybrid,Manual,Sedan,Blue,1,0,1.0,27060.21
Audi,2022,6030.0,Hybrid,Manual,Hatchback,Yellow,1,0,1.0,38250.32
Subaru,2012,31007.0,Hybrid,Automatic,SUV,Yellow,1,0,0.0,3255.89
Chevrolet,2010,94790.0,Petrol,Manual,Sedan,Black,2,0,1.0,1727.14
Jeep,2016,92308.0,Diesel,Manual,SUV,White,4,0,0.0,5499.32
Toyota,2013,209628.0,Diesel,Automatic,Hatchback,Green,1,1,1.0,750.86
Ford,2019,13794.0,Petrol,CVT,SUV,Black,1,0,1.0,7972.05
Honda,2023,4238.0,Electric,Manual,Wagon,Red,3,0,1.0,30046.48
Ford,2010,190077.0,Diesel,Manual,Wagon,White,3,0,1.0,700.94
Toyota,2022,12193.0,CNG,Automatic,Coupe,Blue,1,1,1.0,25743.14
Hyundai,2019,60120.0,Diesel,Automatic,SUV,Red,1,0,0.0,10219.18
Honda,2013,142990.0,Diesel,Manual,Hatchback,Blue,1,0,1.0,2019.33
Honda,2017,145421.0,Electric,Automatic,Sedan,Red,2,0,1.0,2475.01
Honda,2015,300000.0,Diesel,DSG,Hatchback,Orange,2,0,1.0,766.03
Nissan,2014,61450.0,Hybrid,Automatic,Hatchback,Red,1,0,1.0,2673.05
Toyota,2013,35235.0,Hybrid,Manual,SUV,White,4,0,1.0,3536.98
Volvo,2018,74007.0,Hybrid,Manual,SUV,Yellow,1,1,1.0,7659.0
Lexus,2015,67840.0,Diesel,Manual,SUV,Green,4,0,1.0,6699.82
Toyota,2012,120085.0,Diesel,Automatic,Sedan,Green,1,0,1.0,2426.61
Hyundai,2014,119047.0,Petrol,Manual,Hatchback,White,1,0,1.0,2079.84
Honda,2011,14449.0,Petrol,Automatic,SUV,White,2,0,0.0,2927.13
Lexus,2012,268954.0,Hybrid,CVT,SUV,Gray,1,0,1.0,1684.12
BMW,2019,11678.0,Petrol,Manual,Sedan,Black,1,0,1.0,20149.12
Ford,2018,21596.0,Petrol,CVT,Wagon,Red,2,0,1.0,11373.51
Mercedes,2022,33949.0,Petrol,Automatic,Hatchback,Gray,3,0,0.0,35130.56
Toyota,2012,99918.0,Petrol,Automatic,Hatchback,Yellow,2,0,1.0,2865.25
Kia,2010,200315.0,Petrol,Manual,SUV,Silver,2,0,1.0,564.8
BMW,2013,72106.0,Petrol,CVT,Hatchback,Silver,1,0,1.0,7439.41
Toyota,2023,12336.0,Petrol,Manual,SUV,Yellow,1,0,0.0,22707.58
Nissan,2017,25665.0,Petrol,DSG,Sedan,Black,1,0,1.0,10031.77
Volkswagen,2020,7921.0,Diesel,Automatic,Pickup,White,2,1,0.0,12984.53
Honda,2015,45940.0,Electric,Automatic,Sedan,Orange,2,0,1.0,5370.74
Mazda,2013,27577.0,Diesel,Automatic,Hatchback,Green,1,0,1.0,2839.24
Nissan,2016,21170.0,Diesel,DSG,Hatchback,Yellow,3,0,1.0,5890.1
Hyundai,2011,212373.0,CNG,CVT,Sedan,Orange,1,0,1.0,645.66
Ford,2021,10213.0,Electric,CVT,Hatchback,Gray,2,0,1.0,14181.91
Mitsubishi,2015,29934.0,Diesel,DSG,Wagon,Silver,1,0,1.0,3568.44
Volkswagen,2019,31608.0,Petrol,Automatic,Sedan,Brown,2,0,1.0,9760.41
Subaru,2015,53420.0,CNG,Automatic,SUV,Silver,2,0,1.0,7714.57
Nissan,2016,300000.0,Petrol,Manual,Pickup,Green,2,0,,982.06
Honda,2014,1398.248471051751,Diesel,Automatic,Coupe,Brown,2,0,1.0,16733.338230233046
Toyota,2013,300000.0,CNG,DSG,Convertible,Green,1,0,1.0,597.15
Ford,2021,17803.0,Petrol,Manual,Hatchback,Black,1,0,1.0,4511.85
Kia,2017,23680.0,Diesel,Manual,SUV,Black,2,0,1.0,7338.62
Mazda,2016,73128.0,Diesel,Manual,Sedan,White,1,0,1.0,5185.62
Nissan,2018,22803.0,Petrol,Automatic,Pickup,Brown,1,0,1.0,11499.62
Honda,2011,95316.0,Diesel,Automatic,Sedan,Black,1,0,1.0,1841.51
Toyota,2014,204096.0,Petrol,Automatic,Pickup,Red,3,0,1.0,1612.59
Tesla,2012,70113.0,Petrol,Automatic,Wagon,Brown,2,0,0.0,7808.75
Nissan,2014,113482.0,Electric,Manual,Hatchback,Yellow,3,0,1.0,1656.42
Chevrolet,2010,147278.0,Hybrid,Automatic,Hatchback,Black,1,0,1.0,1295.75
Honda,2023,12873.0,Petrol,Automatic,SUV,Gray,1,0,0.0,18308.45
Toyota,2014,125742.0,Petrol,CVT,Hatchback,Blue,1,0,0.0,2526.66
Honda,2011,300000.0,Petrol,Automatic,Hatchback,Yellow,1,0,1.0,693.19
Hyundai,2011,92988.0,Diesel,CVT,Hatchback,Orange,3,0,1.0,1497.63
Audi,2020,56515.0,Petrol,CVT,SUV,White,2,0,0.0,22005.2
Lexus,2015,27699.0,CNG,Automatic,SUV,Black,2,0,1.0,10196.83
Toyota,2013,51810.0,Petrol,Automatic,Wagon,White,1,0,1.0,4047.34
Toyota,2012,48804.0,Diesel,Automatic,Hatchback,Green,1,0,1.0,3890.22
Honda,2011,267932.0,Diesel,Manual,SUV,Orange,1,1,1.0,368.09
Ford,2018,37083.0,Petrol,Automatic,Wagon,Yellow,2,0,0.0,2792.09
Audi,2015,300000.0,Petrol,Automatic,SUV,White,1,0,0.0,1357.03
Mercedes,2020,54414.0,Petrol,Automatic,Wagon,Black,3,0,0.0,18811.09
Kia,2016,178030.0,Petrol,CVT,Pickup,Brown,1,0,0.0,2309.45
Kia,2014,89002.0,Petrol,Manual,Hatchback,White,1,0,0.0,2545.4
Nissan,2014,16494.0,Diesel,Manual,SUV,Red,3,0,0.0,2831.34
Tesla,2011,105346.0,Hybrid,Manual,SUV,Yellow,1,0,1.0,3377.02
Hyundai,2018,42789.0,Petrol,Manual,Sedan,Gray,1,0,0.0,6090.83
Audi,2011,63569.0,Petrol,Automatic,Wagon,Black,1,0,1.0,3522.86
Volkswagen,2011,135007.0,Petrol,Automatic,Sedan,Blue,1,0,0.0,1835.07
Volkswagen,2011,55733.0,Diesel,Manual,Wagon,Gray,1,0,1.0,3050.83
Hyundai,2015,57163.0,Diesel,Automatic,SUV,Yellow,4,0,1.0,2811.25
Mercedes,2018,6926.0,Diesel,Manual,SUV,Gray,2,0,1.0,14324.88
Mercedes,2019,205114.0,Diesel,Automatic,SUV,Red,1,1,0.0,4901.1
Honda,2013,44988.0,Diesel,Manual,Hatchback,Brown,3,0,0.0,2856.98
Kia,2020,61860.0,Diesel,Manual,Wagon,Orange,1,0,0.0,6762.0
Toyota,2020,9079.0,Petrol,Automatic,SUV,Yellow,2,0,1.0,13406.59
Mercedes,2015,205697.0,Diesel,CVT,SUV,Brown,1,0,1.0,2724.2
Audi,2014,85560.0,Diesel,CVT,SUV,Brown,4,0,1.0,3828.68
Mercedes,2020,29129.0,Diesel,Automatic,SUV,Red,1,0,0.0,18795.92
Volkswagen,2022,11211.0,CNG,Automatic,Sedan,Black,1,1,1.0,23246.12
BMW,2012,31508.0,Petrol,Manual,Pickup,White,4,0,0.0,4582.04
Mercedes,2013,88669.0,Diesel,Manual,SUV,Brown,1,0,0.0,7943.39
Volkswagen,2011,54534.0,Petrol,Automatic,Hatchback,Black,1,0,0.0,2237.9
Mitsubishi,2014,283054.0,Petrol,CVT,SUV,White,1,0,1.0,610.73
Jeep,2020,39469.0,Petrol,Manual,Hatchback,Silver,1,1,0.0,10403.46
Subaru,2023,18331.0,Petrol,DSG,Coupe,Gray,2,0,1.0,15786.48
Mazda,2018,26475.0,Hybrid,Manual,Wagon,Blue,3,0,1.0,7188.47
Hyundai,2011,157522.0,Hybrid,Automatic,Wagon,Brown,1,0,1.0,961.49
Ford,2020,12027.0,Diesel,DSG,Coupe,Blue,2,0,1.0,8918.29
Toyota,2012,74004.0,Diesel,CVT,Sedan,Gray,1,0,1.0,2917.69
Ford,2010,52882.0,Electric,Automatic,Convertible,Orange,3,0,1.0,1910.52
Ford,2020,77750.0,Diesel,Manual,Hatchback,Black,1,0,1.0,8505.33
Honda,2022,12339.0,Petrol,CVT,Wagon,Green,1,0,1.0,20450.89
Mercedes,2015,25805.0,Diesel,Automatic,SUV,Red,1,0,1.0,13733.28
Toyota,2017,33425.0,Hybrid,Automatic,SUV,Silver,2,0,1.0,7089.34
Ford,2023,5080.0,Hybrid,DSG,Sedan,White,2,0,0.0,18956.3
Toyota,2018,49611.0,Hybrid,DSG,Sedan,Silver,1,0,1.0,7994.77
Mercedes,2021,6310.0,Hybrid,DSG,SUV,Orange,2,0,0.0,28034.2
Mercedes,2013,28044.0,Hybrid,Automatic,Sedan,Brown,4,0,0.0,6981.83
Honda,2023,13094.0,Petrol,Manual,Hatchback,Blue,1,0,1.0,19183.42
Mazda,2022,13472.0,Petrol,Manual,Sedan,White,1,0,1.0,18655.33
Mercedes,2020,21915.0,Hybrid,Manual,Hatchback,Blue,1,0,1.0,14034.82
Mercedes,2016,6883.0,Hybrid,Automatic,Sedan,Brown,4,0,1.0,18863.28
Hyundai,2016,78861.0,Electric,DSG,Sedan,White,1,1,1.0,2652.16
Chevrolet,2010,144098.0,Electric,Automatic,Hatchback,Red,4,0,1.0,1503.98
Toyota,2010,80080.0,Petrol,Automatic,Sedan,White,2,0,1.0,1806.3
Nissan,2012,21611.0,Petrol,Automatic,Sedan,Orange,1,1,0.0,1608.45
Honda,2022,11699.0,Diesel,Manual,Hatchback,Gray,2,0,1.0,17939.54
Nissan,2018,43225.0,Diesel,Automatic,Pickup,Red,2,0,1.0,6493.6
Audi,2011,33475.0,Diesel,Manual,Coupe,Red,1,0,1.0,5805.47
Jeep,2010,122379.0,Petrol,Automatic,Sedan,Gray,3,0,1.0,2003.09
Mazda,2012,24712.0,Petrol,Automatic,Coupe,Black,1,0,1.0,3813.25
Suzuki,2020,15944.0,Hybrid,Manual,Sedan,Green,1,0,1.0,10616.0
Chevrolet,2023,3963.0,Petrol,Manual,Sedan,Silver,1,0,1.0,35050.51
Hyundai,2015,299079.0,Diesel,Automatic,SUV,Red,2,0,1.0,948.15
Toyota,2015,37502.0,Petrol,CVT,Sedan,Brown,1,0,1.0,7959.45
Jeep,2014,160034.0,CNG,Automatic,Hatchback,Orange,1,0,1.0,2264.16
Toyota,2014,208268.0,Diesel,Manual,Sedan,Black,1,0,1.0,1751.87
Audi,2017,300000.0,Hybrid,Automatic,Sedan,White,2,0,1.0,1782.53
Mercedes,2015,161113.0,Petrol,Automatic,SUV,Silver,2,1,1.0,4043.27
Hyundai,2020,37858.0,Petrol,Automatic,Wagon,Blue,1,0,1.0,8232.45
BMW,2012,99559.0,Petrol,Automatic,Coupe,Yellow,2,0,0.0,4176.19
Mercedes,2019,210812.0,Diesel,Manual,SUV,Yellow,1,0,0.0,4942.07
BMW,2020,56421.0,Diesel,Automatic,Sedan,Yellow,1,0,1.0,18693.78
Nissan,2017,22221.0,Petrol,Automatic,Wagon,Yellow,4,0,1.0,5051.71
Jeep,2019,54267.0,Hybrid,Automatic,SUV,Red,1,0,0.0,11701.02
Nissan,2023,7440.0,Petrol,CVT,SUV,Blue,1,0,0.0,20686.87
Honda,2020,40308.0,CNG,Manual,Sedan,Red,2,0,1.0,9132.46
Honda,2021,11124.0,Hybrid,Automatic,SUV,White,1,0,1.0,18709.17
Toyota,2023,5106.0,Petrol,Automatic,SUV,Green,2,0,1.0,22010.59
Mitsubishi,2020,23201.0,Diesel,CVT,Sedan,Gray,1,0,0.0,11345.91
BMW,2017,90471.0,Hybrid,Automatic,Wagon,Black,1,0,0.0,8754.31
Kia,2013,13226.0,Diesel,Manual,Sedan,Yellow,1,0,1.0,3449.6
Chevrolet,2015,72268.0,Diesel,CVT,Sedan,White,1,0,0.0,6037.08
Kia,2018,21136.0,Petrol,Automatic,Sedan,Yellow,1,0,1.0,4804.6
Volvo,2020,21225.0,Electric,Manual,Coupe,Brown,4,0,1.0,14388.21
Toyota,2016,131066.0,Diesel,Automatic,Sedan,Brown,4,0,0.0,3797.84
BMW,2019,33453.0,Petrol,CVT,Coupe,White,2,0,1.0,20566.39
Toyota,2014,211939.0,Petrol,Manual,Sedan,Black,1,1,1.0,938.4
Mitsubishi,2021,9763.0,Diesel,Automatic,Sedan,Yellow,3,0,1.0,10518.16
Honda,2011,93611.0,Petrol,Automatic,SUV,Blue,1,0,0.0,1705.9
Toyota,2020,14448.0,Electric,Automatic,Sedan,Yellow,4,1,1.0,9081.42
Mitsubishi,2013,35617.0,Electric,CVT,Sedan,Green,1,0,1.0,2776.52
Volkswagen,2018,22774.0,CNG,CVT,Sedan,White,3,0,1.0,9469.02
Audi,2019,62450.0,Electric,Automatic,SUV,Green,2,0,1.0,14773.0
Toyota,2023,2822.0,Petrol,Manual,SUV,Orange,2,0,1.0,18201.75
BMW,2021,21739.0,Petrol,Manual,SUV,Yellow,2,0,1.0,30113.16
Mitsubishi,2013,49170.0,Petrol,DSG,SUV,Brown,2,0,1.0,2753.19
BMW,2022,21625.0,Hybrid,Automatic,Sedan,Black,1,0,1.0,36572.2
Ford,2015,60319.0,Petrol,Automatic,SUV,White,2,0,0.0,3355.79
Ford,2018,6460.0,Diesel,Automatic,Hatchback,Green,1,0,1.0,12878.0
Ford,2020,7955.0,Diesel,Automatic,Hatchback,Black,1,0,1.0,11017.97
Ford,2021,14724.0,Petrol,Manual,Sedan,Gray,2,0,1.0,10501.58
Toyota,2019,92151.0,Hybrid,DSG,Sedan,Orange,2,0,1.0,8204.91
Lexus,2021,56019.0,Hybrid,Automatic,Sedan,Brown,3,0,1.0,25921.16
Chevrolet,2023,38942.0,Petrol,Automatic,Coupe,Brown,1,0,1.0,19437.85
Volkswagen,2021,40104.0,Hybrid,Manual,Pickup,Yellow,3,0,1.0,15484.82
Nissan,2010,29276.0,Diesel,DSG,Convertible,Gray,1,1,1.0,1265.02
Ford,2019,26946.0,Petrol,CVT,Hatchback,Green,2,0,0.0,9604.36
Ford,2012,73412.0,Hybrid,Manual,Sedan,Orange,1,0,1.0,2099.06
Nissan,2021,61669.0,Petrol,CVT,Convertible,Red,2,0,1.0,8769.98
Nissan,2019,70022.0,CNG,CVT,Sedan,Black,3,0,0.0,6490.03
Ford,2019,11937.0,Petrol,Automatic,SUV,Brown,1,0,0.0,11287.31
Ford,2013,103768.0,Hybrid,CVT,SUV,Green,2,1,0.0,1579.58
Toyota,2023,16362.0,Diesel,CVT,Wagon,White,3,0,1.0,20109.6
Lexus,2011,111888.0,Hybrid,Automatic,Wagon,Gray,1,0,1.0,3214.03
Subaru,2014,20687.0,CNG,Manual,Hatchback,Blue,2,0,,4913.06
Mazda,2012,18963.0,Petrol,Automatic,SUV,Gray,1,0,1.0,5133.31
Toyota,2015,40756.0,Hybrid,Automatic,Coupe,Blue,1,0,1.0,3433.27
Honda,2012,17590.0,Diesel,CVT,Wagon,Black,1,0,1.0,2673.83
Nissan,2022,67101.0,Diesel,Manual,Convertible,Brown,1,0,1.0,16674.5
Suzuki,2016,82410.0,Diesel,CVT,Coupe,White,1,0,1.0,3470.23
Mercedes,2013,256356.0,Hybrid,Manual,SUV,Silver,1,0,1.0,2204.95
Mercedes,2016,62991.0,Hybrid,Automatic,Convertible,Orange,1,0,1.0,11559.15
Mazda,2019,17982.0,Diesel,Manual,Wagon,Yellow,2,0,1.0,13049.74
Hyundai,2016,108359.0,Petrol,Manual,SUV,Yellow,2,0,1.0,3068.34
Lexus,2013,117883.0,Diesel,CVT,Hatchback,White,2,0,1.0,5937.8
Kia,2019,37153.0,Petrol,Manual,Sedan,Red,2,0,1.0,7830.61
Hyundai,2015,116069.0,Electric,Automatic,Hatchback,White,1,0,0.0,1566.46
Audi,2021,111333.0,Petrol,CVT,SUV,White,1,0,0.0,13007.85
Volkswagen,2011,42265.0,Diesel,CVT,Hatchback,Gray,1,0,0.0,4076.44
Suzuki,2012,198080.0,Electric,Automatic,Sedan,Green,1,1,1.0,700.3
BMW,2015,158751.0,Petrol,Manual,Wagon,Gray,1,1,1.0,3380.01
BMW,2011,212542.0,Hybrid,Manual,Hatchback,Black,3,0,1.0,1710.04
Nissan,2013,46709.0,Petrol,Automatic,SUV,Yellow,1,0,1.0,2801.18
Toyota,2012,300000.0,Hybrid,Automatic,SUV,Gray,1,1,1.0,441.34
Tesla,2015,54588.0,Hybrid,Manual,Hatchback,Red,3,0,1.0,10671.55
Lexus,2016,37904.0,Electric,Automatic,Sedan,Orange,3,0,1.0,12271.21
Volkswagen,2010,300000.0,Hybrid,Automatic,Sedan,Gray,1,1,1.0,344.36
BMW,2011,66427.0,Diesel,Automatic,Sedan,Gray,2,0,0.0,4284.26
Honda,2022,8728.0,Petrol,Automatic,Coupe,Red,2,0,1.0,19582.21
Ford,2011,68810.0,Diesel,Automatic,Pickup,Green,1,0,1.0,2687.2
Toyota,2021,25660.0,Electric,Manual,SUV,Orange,1,1,0.0,11429.04
Kia,2018,99397.0,Petrol,DSG,Sedan,Orange,3,0,0.0,3725.43
Hyundai,2023,7114.0,Hybrid,CVT,SUV,Gray,3,0,0.0,18063.3
Honda,2015,142956.0,Hybrid,Automatic,Convertible,Gray,2,0,1.0,3882.43
Ford,2023,2492.0,Petrol,DSG,SUV,White,2,0,0.0,19794.95
Audi,2018,117076.0,Hybrid,Automatic,Sedan,Silver,1,0,1.0,8911.35
Suzuki,2018,29825.0,Diesel,Manual,Hatchback,Red,3,0,0.0,6174.56
Nissan,2019,37717.0,Hybrid,DSG,Sedan,Gray,4,0,1.0,9320.57
Subaru,2016,146046.0,Petrol,Automatic,Hatchback,Orange,1,0,1.0,4398.72
Chevrolet,2023,10427.0,Petrol,Manual,Hatchback,Silver,1,0,0.0,21626.77
Suzuki,2016,3844.0,Petrol,Automatic,SUV,Orange,1,0,1.0,6294.36
Ford,2016,74440.0,Electric,Automatic,SUV,Gray,1,0,1.0,4302.3
Toyota,2016,228562.0,CNG,CVT,SUV,Red,3,0,1.0,1702.36
Mitsubishi,2016,75328.0,Diesel,CVT,Coupe,Black,1,0,0.0,2258.36
Hyundai,2016,283870.0,Electric,Manual,Sedan,Black,2,0,0.0,631.26
Subaru,2013,42733.0,Petrol,CVT,SUV,Green,1,0,0.0,4076.21
Chevrolet,2021,30093.0,Diesel,CVT,Coupe,White,2,0,1.0,17445.82
Honda,2021,49254.0,Electric,Manual,Coupe,Gray,2,1,1.0,10896.73
Lexus,2015,101186.0,Electric,Manual,Pickup,Brown,2,0,0.0,4950.48
BMW,2013,39456.0,Petrol,Automatic,SUV,Orange,2,0,1.0,8120.64
Honda,2021,10403.0,Petrol,Automatic,Wagon,Yellow,1,0,1.0,11851.4
Mazda,2021,48157.0,Hybrid,Automatic,Hatchback,Brown,2,1,0.0,10314.47
Hyundai,2013,44663.0,Diesel,Automatic,Coupe,Gray,2,0,0.0,2628.08
Kia,2019,46006.0,Diesel,Automatic,Sedan,Blue,1,0,1.0,5703.66
Ford,2020,4519.0,Petrol,CVT,Hatchback,Orange,1,1,1.0,9676.27
Lexus,2022,18252.0,Electric,Automatic,Sedan,Silver,4,0,1.0,25831.13
Mercedes,2010,69574.0,Petrol,Manual,Sedan,Yellow,1,1,1.0,3982.57
Porsche,2016,964.6946118294284,Petrol,Manual,Hatchback,Silver,3,0,1.0,49240.897669319485
Jeep,2011,70365.0,Petrol,Manual,SUV,Black,1,0,1.0,3167.0
Jeep,2019,65055.0,Diesel,DSG,Hatchback,Yellow,1,0,1.0,8945.8
Honda,2013,46202.0,Petrol,Manual,Hatchback,Brown,2,0,1.0,2462.57
Jeep,2013,47065.0,Petrol,Automatic,Hatchback,Green,2,0,0.0,6013.44
Ford,2016,227128.0,CNG,DSG,Hatchback,Blue,4,0,0.0,1478.68
Kia,2021,46057.0,Diesel,Manual,SUV,Orange,1,0,1.0,10727.87
Audi,2018,73769.0,Petrol,Manual,Sedan,Blue,1,0,1.0,9314.33
Audi,2023,6930.0,Electric,Manual,SUV,Brown,1,0,1.0,65984.23
Honda,2015,11382.0,Diesel,Automatic,SUV,Green,1,0,1.0,8749.3
Lexus,2014,41987.0,Diesel,Manual,Sedan,Silver,2,0,0.0,9417.78
Lexus,2013,61892.0,Hybrid,Automatic,Coupe,Silver,2,1,1.0,5871.32
Mitsubishi,2020,124286.0,Diesel,Manual,SUV,Green,3,0,0.0,4263.32
BMW,2018,28134.0,Electric,Automatic,Sedan,Green,1,0,1.0,16984.97
Kia,2023,7033.0,Diesel,Manual,SUV,Silver,1,0,0.0,14043.06
Honda,2020,32956.0,Petrol,Automatic,SUV,Green,2,0,1.0,9099.1
Mercedes,2015,36369.0,Petrol,Automatic,Sedan,Yellow,2,0,1.0,8869.89
Mazda,2021,76190.0,Electric,Automatic,Sedan,Gray,1,0,0.0,11917.83
Toyota,2017,52611.0,Diesel,Manual,Wagon,Blue,1,0,1.0,6545.64
Volkswagen,2021,8429.0,Diesel,CVT,SUV,Black,1,1,0.0,13611.5
Suzuki,2022,9573.0,Electric,Manual,Sedan,White,1,0,0.0,10119.35
Toyota,2023,22612.0,Petrol,DSG,Sedan,Black,2,0,1.0,23136.09
Audi,2023,3488.0,Petrol,Automatic,Sedan,Green,2,0,0.0,34158.94
Toyota,2022,9459.0,Petrol,Manual,SUV,Green,1,0,1.0,21426.48
Mercedes,2022,17190.0,Diesel,Manual,Sedan,Brown,2,0,1.0,28463.6
Hyundai,2018,9588.0,Petrol,Automatic,Wagon,Orange,1,0,1.0,10104.23
Chevrolet,2017,1978.976868593933,Hybrid,Manual,SUV,Orange,1,0,,36381.799127097234
Kia,2016,93157.0,Petrol,Manual,Sedan,Yellow,1,1,1.0,3821.22
Lexus,2012,100989.0,Petrol,CVT,SUV,Silver,3,0,1.0,3093.24
Ford,2020,21363.0,Hybrid,Automatic,Convertible,Black,3,0,0.0,7647.15
BMW,2020,616.1280878181399,Hybrid,Manual,Hatchback,Red,1,0,1.0,55840.47049700235
Volkswagen,2016,11624.0,Diesel,CVT,Wagon,Orange,1,0,,10766.52
Ford,2020,52505.0,Diesel,Automatic,Hatchback,Gray,1,0,1.0,12276.55
Suzuki,2017,11089.0,Petrol,Automatic,Sedan,Gray,3,0,1.0,6376.84
Subaru,2018,74335.0,Petrol,CVT,Hatchback,Red,1,0,1.0,7280.94
Toyota,2019,74678.0,Diesel,Automatic,Convertible,White,3,1,1.0,4669.8
Honda,2015,97523.0,Diesel,DSG,Coupe,Gray,1,0,0.0,2915.62
Hyundai,2021,8059.0,CNG,Manual,SUV,Black,2,0,1.0,16153.11
Audi,2019,77577.0,Petrol,Automatic,SUV,Black,2,0,1.0,12066.59
Nissan,2016,13034.0,Petrol,Manual,Hatchback,Orange,1,0,1.0,2369.22
Mercedes,2011,243879.0,Diesel,Manual,SUV,White,1,1,1.0,968.35
Hyundai,2010,74890.0,Diesel,CVT,Hatchback,Gray,1,0,1.0,1484.22
Toyota,2022,9451.0,Electric,Manual,Sedan,Blue,2,0,1.0,14102.13
Honda,2018,7856.0,Hybrid,Automatic,Sedan,Yellow,2,1,1.0,10426.37
Subaru,2017,19768.0,Petrol,Manual,Sedan,White,2,0,1.0,10305.01
Ford,2020,50812.0,Hybrid,Automatic,Sedan,Gray,2,0,1.0,6335.59
Toyota,2011,109517.0,Electric,Manual,Sedan,Yellow,1,0,1.0,1620.57
Kia,2023,2575.0,CNG,CVT,Sedan,Blue,1,0,1.0,14560.64
Chevrolet,2021,28469.0,Hybrid,Automatic,Hatchback,Red,1,0,1.0,13520.27
Jeep,2022,6682.0,Hybrid,Automatic,Sedan,Gray,1,1,1.0,13560.44
Nissan,2012,177125.0,Hybrid,DSG,Sedan,Silver,2,0,0.0,943.15
Hyundai,2019,57895.0,Diesel,Automatic,Hatchback,Green,2,0,1.0,8890.39
Lexus,2012,300000.0,Diesel,Automatic,Coupe,Black,1,1,1.0,763.9
Mercedes,2020,8365.0,Hybrid,Manual,SUV,Black,2,0,0.0,21281.01
Honda,2018,43709.0,Diesel,Manual,Coupe,Orange,1,1,1.0,5524.65
Mazda,2020,7908.0,Diesel,Manual,Sedan,Red,2,0,0.0,12282.21
Volkswagen,2017,46072.0,Petrol,CVT,Hatchback,Black,3,1,0.0,4891.39
Lexus,2011,,Diesel,Automatic,SUV,Green,3,1,1.0,693.49
Subaru,2018,119317.0,Petrol,Automatic,SUV,Gray,4,0,1.0,5690.78
Kia,2016,44673.0,Petrol,CVT,Sedan,Black,1,0,1.0,4663.64
BMW,2013,128435.0,Diesel,Manual,Hatchback,Orange,1,0,1.0,2808.49
Tesla,2018,29299.0,Diesel,Manual,Sedan,Black,1,0,0.0,18141.11
Toyota,2017,51079.0,Hybrid,Automatic,Convertible,Orange,1,0,1.0,7477.58
Honda,2022,2553.0,Petrol,Automatic,Pickup,White,1,0,0.0,21043.35
Hyundai,2017,116446.0,Hybrid,Manual,Sedan,Gray,1,0,1.0,2619.41
Mazda,2011,65854.0,Diesel,Manual,Hatchback,Silver,2,1,1.0,1828.53
Ford,2010,222282.0,Electric,Manual,Coupe,Red,1,0,0.0,533.59
Suzuki,2020,34342.0,Hybrid,Automatic,SUV,Red,1,0,0.0,7440.32
Kia,2020,26100.0,Petrol,Automatic,Coupe,Green,1,0,0.0,10435.55
Chevrolet,2018,26338.0,Petrol,Manual,Hatchback,Brown,2,0,0.0,7515.08
Mercedes,2022,58771.0,Diesel,Automatic,SUV,White,4,0,1.0,29184.31
Suzuki,2022,13671.0,Petrol,CVT,Coupe,Blue,1,0,1.0,9522.91
BMW,2022,13631.0,Petrol,CVT,Sedan,Red,3,0,1.0,31891.29
Hyundai,2017,31716.0,Electric,CVT,SUV,White,1,0,0.0,5246.99
Hyundai,2011,57574.0,Diesel,Automatic,Hatchback,Green,2,1,1.0,1124.71
Toyota,2017,63813.0,Petrol,Manual,SUV,Yellow,2,0,1.0,5013.88
Kia,2020,28296.0,Petrol,DSG,Sedan,Orange,1,0,0.0,6695.0
Mercedes,2010,138657.0,Petrol,CVT,Hatchback,Gray,1,0,1.0,1874.44
Toyota,2010,48027.0,Petrol,DSG,Coupe,White,1,0,0.0,2230.61
BMW,2016,70781.0,Electric,Automatic,Sedan,Yellow,2,1,1.0,6124.01
Subaru,2018,18981.0,Petrol,Manual,Coupe,Brown,1,0,0.0,6702.0
Lexus,2012,106689.0,Diesel,Automatic,Hatchback,White,2,0,0.0,3729.08
Suzuki,2013,122860.0,Electric,CVT,Sedan,Black,1,0,1.0,1067.09
Mitsubishi,2010,66711.0,Petrol,Manual,SUV,Green,3,0,1.0,1657.94
Mazda,2011,240416.0,Petrol,DSG,Coupe,Silver,3,1,1.0,545.7
Kia,2010,42302.0,Diesel,Automatic,Convertible,Silver,2,0,1.0,1574.17
Nissan,2017,139833.0,Diesel,CVT,Pickup,Orange,1,1,0.0,2615.66
Ford,2019,23073.0,Hybrid,Automatic,SUV,Green,1,0,0.0,10105.43
Audi,2011,30022.0,Diesel,Automatic,Coupe,Orange,1,0,0.0,6131.03
BMW,2014,300000.0,Hybrid,Manual,Hatchback,White,1,0,1.0,1578.01
Tesla,2021,78745.0,Diesel,Automatic,SUV,Green,3,0,1.0,11343.08
BMW,2022,51470.0,Petrol,Automatic,Sedan,Yellow,3,0,1.0,33621.51
Toyota,2023,4753.0,Diesel,DSG,Sedan,Brown,2,0,1.0,20719.38
Ford,2011,95512.0,Electric,Manual,SUV,Red,1,0,1.0,1586.32
Toyota,2021,10053.0,Petrol,CVT,Coupe,Red,1,0,1.0,15486.39
Toyota,2022,34850.0,Petrol,DSG,Convertible,Silver,4,0,1.0,14038.39
Volvo,2015,97211.0,Petrol,Manual,Convertible,Brown,2,0,1.0,4286.34
Mercedes,2015,15250.0,Petrol,Manual,Pickup,Orange,1,0,1.0,13374.4
Subaru,2012,110860.0,Electric,CVT,Convertible,Black,2,0,0.0,1930.45
Ford,2014,81961.0,Electric,CVT,Hatchback,Yellow,1,0,1.0,3091.58
Audi,2021,4596.0,Petrol,CVT,Hatchback,Yellow,1,0,1.0,31656.85
Hyundai,2022,23534.0,Diesel,Automatic,Hatchback,Orange,2,0,1.0,15232.12
Nissan,2020,126863.0,Diesel,Manual,Sedan,Silver,2,0,0.0,6658.75
Chevrolet,2011,40167.0,Petrol,Automatic,SUV,Red,1,0,1.0,3272.27
BMW,2020,32055.0,Hybrid,Automatic,Pickup,Brown,2,0,1.0,19517.36
Audi,2012,60993.0,Petrol,Automatic,SUV,Orange,4,0,1.0,6500.12
Nissan,2020,7343.0,Hybrid,Automatic,SUV,Orange,1,1,1.0,10199.04
Ford,2017,68487.0,Hybrid,Manual,Sedan,Red,2,0,0.0,4810.3
Audi,2014,89785.0,Diesel,Automatic,SUV,Yellow,2,0,1.0,5582.5
Ford,2017,24297.0,Diesel,Manual,Sedan,Black,1,0,1.0,7052.25
Honda,2019,80083.0,Petrol,CVT,Pickup,Black,1,0,1.0,5984.95
Lexus,2010,295336.0,Petrol,Manual,SUV,Black,3,0,1.0,440.64
Nissan,2016,200000.0,Petrol,Automatic,Hatchback,Gray,1,0,1.0,2086.22
Lexus,2013,130119.0,Diesel,CVT,Sedan,Red,1,0,0.0,3459.59
Volkswagen,2023,6025.0,Diesel,Manual,Coupe,Brown,1,1,1.0,22837.39
Mazda,2022,15729.0,Petrol,DSG,SUV,Silver,1,0,1.0,16127.82
Toyota,2020,57736.0,Diesel,Automatic,Coupe,Black,1,0,1.0,9117.62
Toyota,2022,6678.0,CNG,Manual,Pickup,Orange,1,0,0.0,20677.08
Mercedes,2012,92744.0,Hybrid,Automatic,SUV,Orange,1,0,1.0,5690.24
Lexus,2013,70765.0,Petrol,Automatic,Coupe,Red,3,1,1.0,4629.31
Jeep,2019,103722.0,Petrol,CVT,Hatchback,Black,1,0,0.0,5371.86
Tesla,2016,84186.0,Petrol,DSG,Sedan,Silver,3,0,,6840.76
Subaru,2016,80125.0,Diesel,Automatic,Sedan,Brown,1,0,0.0,6400.03
Honda,2013,18897.0,Petrol,Automatic,Hatchback,Green,3,0,1.0,4249.27
Audi,2010,121582.0,Petrol,Automatic,Wagon,Black,1,1,1.0,2217.35
BMW,2015,177894.0,Diesel,Automatic,SUV,Red,1,0,1.0,4600.43
Volkswagen,2014,48243.0,Hybrid,CVT,SUV,Gray,2,0,1.0,4675.33
Ford,2012,300000.0,Hybrid,Manual,SUV,Gray,1,0,1.0,628.97
Lexus,2017,36697.0,Petrol,Automatic,Sedan,Black,1,0,1.0,17829.29
Suzuki,2016,40176.0,Diesel,Manual,Pickup,Brown,1,1,1.0,4609.73
Ford,2013,72491.0,Hybrid,CVT,SUV,Red,1,0,1.0,3754.03
Suzuki,2015,946.420610947822,Petrol,Automatic,SUV,Silver,1,0,1.0,9799.315687491195
Audi,2010,1698.718314276382,Petrol,Manual,Sedan,Silver,2,0,1.0,14453.881432070219
Subaru,2016,30830.0,Petrol,DSG,Sedan,Black,2,0,1.0,8034.27
Toyota,2022,8583.0,Petrol,Manual,Sedan,Gray,2,0,1.0,17536.4
Ford,2013,160048.0,Petrol,Automatic,Sedan,Yellow,1,0,0.0,1762.43
Lexus,2021,16678.0,Electric,DSG,SUV,Silver,1,0,1.0,26036.47
Toyota,2023,11511.0,Hybrid,Automatic,Pickup,Brown,1,0,1.0,19236.3
Mazda,2022,24711.0,Diesel,Manual,Wagon,Yellow,1,1,1.0,10278.34
Volvo,2019,154715.0,Diesel,Manual,Sedan,Green,2,0,0.0,9566.56
Hyundai,2013,142875.0,Petrol,CVT,Convertible,Green,1,0,1.0,1009.39
Mazda,2020,24079.0,CNG,Automatic,Hatchback,Black,1,1,1.0,8156.9
Mitsubishi,2011,129259.0,Petrol,Manual,SUV,Black,2,0,1.0,944.61
Chevrolet,2023,7639.0,Diesel,Manual,Hatchback,Gray,1,0,0.0,28012.05
BMW,2017,57788.0,Diesel,DSG,Sedan,Yellow,4,1,1.0,9873.39
Nissan,2019,33412.0,Petrol,Automatic,Sedan,Blue,1,0,1.0,8337.59
Kia,2017,,Electric,CVT,Sedan,Red,2,0,1.0,5209.44
Chevrolet,2018,46920.0,Hybrid,Automatic,SUV,Gray,4,0,1.0,7811.77
Ford,2017,7459.0,Petrol,Automatic,Wagon,White,1,0,1.0,7590.84
Mazda,2019,23283.0,Petrol,Automatic,Hatchback,Gray,2,0,1.0,9147.28
Nissan,2010,43608.0,Petrol,DSG,Convertible,Brown,2,0,1.0,2315.48
BMW,2011,20725.0,Petrol,Automatic,SUV,Yellow,3,0,1.0,5417.15
Audi,2019,73123.0,Hybrid,Automatic,SUV,Blue,2,0,1.0,14801.84
Volvo,2018,24910.0,Petrol,CVT,Wagon,Orange,3,0,1.0,9157.62
Honda,2011,73425.0,Diesel,Automatic,Wagon,Green,1,0,1.0,2415.8
Nissan,2013,183741.0,Petrol,Manual,SUV,Orange,2,0,1.0,1234.1
Hyundai,2012,157392.0,Diesel,Automatic,SUV,Silver,2,0,1.0,920.6
Ford,2018,41300.0,Petrol,Manual,SUV,Red,2,0,1.0,10603.29
Ford,2016,23130.0,Diesel,Manual,SUV,Silver,2,0,1.0,5374.52
Volkswagen,2020,9385.0,Petrol,Manual,Pickup,White,2,0,0.0,15425.25
Hyundai,2021,15891.0,Diesel,Automatic,SUV,Gray,4,1,1.0,10627.61
Honda,2010,48439.0,Petrol,Automatic,Sedan,Silver,1,0,1.0,2324.32
Kia,2017,73584.0,Diesel,Manual,Coupe,Blue,3,0,1.0,3295.71
Mazda,2019,10644.0,Diesel,Manual,Sedan,White,1,0,0.0,10887.1
Mercedes,2013,74557.0,Electric,Manual,Wagon,White,2,0,1.0,6028.8
Tesla,2016,43302.0,Petrol,DSG,Coupe,White,1,0,1.0,18335.33
BMW,2012,139373.0,Diesel,CVT,SUV,Orange,1,0,1.0,2974.12
Jeep,2020,44336.0,Diesel,Automatic,SUV,Silver,3,0,0.0,16212.66
Mercedes,2020,13320.0,Diesel,CVT,SUV,Orange,4,0,1.0,26125.38
Audi,2018,92927.0,Petrol,Manual,Coupe,Black,1,0,1.0,9580.1
Toyota,2013,167580.0,Petrol,Manual,SUV,Blue,1,0,1.0,1451.23
Hyundai,2017,86508.0,CNG,Automatic,Hatchback,Brown,1,0,1.0,5540.45
Audi,2016,,Hybrid,Automatic,SUV,Brown,2,1,1.0,3745.72
Mercedes,2011,194913.0,Electric,Manual,SUV,White,1,0,1.0,3030.4
Mazda,2012,77905.0,Petrol,CVT,Coupe,Orange,4,0,1.0,1405.83
Honda,2012,,Hybrid,DSG,SUV,Gray,1,0,0.0,2298.62
BMW,2017,52955.0,Petrol,CVT,SUV,Orange,1,0,0.0,9745.31
Ford,2017,20355.0,CNG,Manual,SUV,Yellow,1,0,1.0,8211.83
Hyundai,2011,138823.0,Hybrid,Automatic,SUV,Silver,2,1,1.0,1092.65
Mercedes,2022,8408.0,Diesel,CVT,Hatchback,Silver,1,0,1.0,36507.09
Mazda,2022,1834.0,Petrol,Manual,Wagon,Green,3,0,1.0,17256.4
Chevrolet,2022,17049.0,Petrol,Automatic,Hatchback,Red,4,0,1.0,11951.73
Audi,2020,14681.0,Petrol,CVT,Sedan,Gray,1,1,1.0,15565.78
Toyota,2018,185518.0,Petrol,Manual,SUV,Blue,4,1,1.0,2986.64
Ford,2011,66186.0,Diesel,Manual,SUV,Black,1,0,0.0,1993.86
Toyota,2018,41545.0,Hybrid,Automatic,Sedan,Brown,1,1,0.0,10761.65
Mazda,2018,15449.0,Petrol,Automatic,Sedan,Brown,2,0,0.0,7172.4
BMW,2015,250114.0,Hybrid,DSG,Convertible,Brown,4,0,1.0,1930.08
Toyota,2015,56736.0,Petrol,Manual,SUV,Orange,2,0,,5629.98
BMW,2019,52938.0,Hybrid,Automatic,SUV,Gray,2,1,0.0,4120.93
Subaru,2020,149258.0,Diesel,Automatic,Wagon,Silver,1,0,1.0,6453.59
Kia,2016,34102.0,Petrol,Manual,Hatchback,Orange,1,0,1.0,4098.27
Volkswagen,2013,125734.0,Diesel,Manual,Hatchback,Orange,2,0,0.0,2290.44
Honda,2019,33998.0,Petrol,CVT,Convertible,Black,4,0,1.0,6880.76
Nissan,2013,51041.0,Petrol,CVT,SUV,White,2,0,1.0,2906.47
Ford,2015,19809.0,Hybrid,Automatic,Sedan,Black,1,0,0.0,5446.21
Honda,2013,201030.0,Petrol,Automatic,Hatchback,White,1,1,1.0,1127.87
Hyundai,2011,113699.0,Petrol,Manual,Hatchback,Black,2,1,1.0,986.51
Subaru,2017,28080.0,Petrol,Manual,SUV,Black,2,0,,5934.78
Ford,2017,33257.0,Petrol,Automatic,Sedan,Yellow,3,0,1.0,5478.93
Kia,2023,20815.0,CNG,Manual,Coupe,Yellow,2,0,1.0,20831.22
Volkswagen,2013,51634.0,Diesel,Automatic,Wagon,Blue,4,0,0.0,3166.94
Audi,2013,33731.0,Electric,Automatic,Sedan,Brown,2,1,1.0,4882.1
Hyundai,2016,40446.0,CNG,Automatic,SUV,Green,1,0,1.0,6222.51
Toyota,2023,7087.0,Diesel,Automatic,Sedan,Black,1,0,1.0,29880.69
Mazda,2014,88448.0,Petrol,Automatic,Coupe,Red,2,0,1.0,3115.46
Nissan,2023,4713.0,CNG,Manual,Pickup,Black,2,0,1.0,14387.84
Kia,2011,71862.0,Electric,DSG,Pickup,Green,2,1,0.0,837.0
Toyota,2012,300000.0,Diesel,Automatic,Sedan,Black,3,0,1.0,600.51
Kia,2022,13025.0,Electric,Manual,Pickup,Orange,3,0,0.0,16627.93
Chevrolet,2021,23909.0,Hybrid,Manual,Wagon,Blue,1,0,1.0,24241.47
Toyota,2016,58261.0,Petrol,CVT,Wagon,White,1,0,0.0,6657.03
Ford,2012,65658.0,Diesel,CVT,Wagon,Yellow,2,0,0.0,2237.48
Ford,2020,60595.0,Petrol,Automatic,Sedan,White,2,1,1.0,6889.84
Nissan,2015,151987.0,Petrol,Manual,SUV,Blue,1,0,0.0,2681.91
Toyota,2023,5384.0,Electric,Automatic,Sedan,Blue,2,0,1.0,37420.52
Hyundai,2011,244387.0,Petrol,Manual,Hatchback,Orange,2,1,0.0,79.29
Suzuki,2013,41024.0,Petrol,Manual,Hatchback,Blue,1,0,1.0,2561.47
Toyota,2013,44668.0,Diesel,Automatic,SUV,Gray,1,0,1.0,4121.62
Tesla,2013,162972.0,Diesel,Automatic,SUV,Gray,2,0,1.0,3903.61
Ford,2023,6300.0,Hybrid,Manual,Wagon,Blue,1,0,1.0,29722.81
Volkswagen,2018,150364.0,Diesel,Automatic,SUV,Green,1,0,1.0,5390.21
BMW,2022,6134.0,Petrol,Manual,Sedan,Brown,2,0,1.0,43695.32
Hyundai,2022,17956.0,Hybrid,DSG,Pickup,Blue,1,0,0.0,16352.52
Volkswagen,2021,27247.0,Petrol,Manual,Hatchback,Blue,2,0,1.0,13329.38
Mercedes,2019,20844.0,Electric,Manual,SUV,Yellow,2,1,1.0,21989.96
Toyota,2016,33612.0,Electric,Automatic,Sedan,Orange,2,0,0.0,5629.76
Subaru,2021,42718.0,Petrol,Automatic,SUV,Gray,1,0,1.0,12563.53
Jeep,2016,25497.0,Petrol,Manual,SUV,Brown,1,0,0.0,7396.24
Tesla,2011,,Hybrid,Automatic,Coupe,Gray,1,0,1.0,2592.94
Nissan,2023,2572.0,Petrol,Automatic,Hatchback,Yellow,3,0,1.0,20656.26
Suzuki,2017,17542.0,Petrol,Automatic,SUV,Orange,1,0,1.0,5491.06
Mazda,2016,79239.0,Hybrid,Automatic,Wagon,Red,2,0,0.0,4750.35
Ford,2016,68460.0,Petrol,CVT,Sedan,Brown,1,1,1.0,2570.16
Mazda,2020,37563.0,Petrol,Manual,Hatchback,Silver,1,0,1.0,11103.03
Tesla,2012,86357.0,Petrol,Manual,Coupe,Silver,2,0,1.0,4354.63
Nissan,2019,19736.0,Petrol,Automatic,Convertible,Brown,1,0,0.0,9571.43
Hyundai,2012,62943.0,Diesel,CVT,Pickup,Orange,2,1,0.0,1832.99
Suzuki,2018,21616.0,Hybrid,Automatic,SUV,Silver,2,1,1.0,5353.19
Nissan,2017,14634.0,Petrol,Automatic,Coupe,Blue,1,0,1.0,6268.06
Nissan,2010,300000.0,Hybrid,CVT,SUV,Silver,1,0,1.0,313.98
Kia,2014,45788.0,Petrol,Automatic,Pickup,Brown,1,0,1.0,2938.16
Kia,2020,60278.0,Hybrid,Automatic,Convertible,White,3,0,0.0,5411.39
Ford,2018,56341.0,CNG,CVT,Sedan,Orange,1,0,0.0,6553.5
Audi,2016,135542.0,Electric,CVT,Convertible,Red,1,1,1.0,6461.93
Mazda,2015,67421.0,Hybrid,Manual,SUV,Brown,3,0,1.0,4376.33
Jeep,2010,53330.0,Diesel,Manual,SUV,Green,1,0,0.0,2742.62
Toyota,2013,28852.0,Petrol,Automatic,SUV,Green,4,0,1.0,3751.67
Audi,2019,36268.0,Diesel,Manual,SUV,Gray,2,0,1.0,19579.4
Toyota,2019,11144.0,Diesel,Manual,Hatchback,Gray,1,1,,6656.65
Toyota,2015,126564.0,Diesel,Automatic,Coupe,Red,2,0,0.0,1799.44
Honda,2020,9557.0,Petrol,Manual,SUV,Gray,1,0,1.0,15899.59
Toyota,2015,76697.0,Diesel,Manual,Hatchback,White,2,1,1.0,3815.64
Jeep,2016,88001.0,Hybrid,Automatic,SUV,Yellow,1,0,0.0,4287.09
Mazda,2015,67943.0,Electric,Automatic,Hatchback,Blue,1,0,1.0,4581.77
Kia,2013,125714.0,Electric,CVT,Wagon,Orange,1,0,1.0,2060.74
Mercedes,2023,14507.0,Petrol,DSG,SUV,Yellow,2,0,0.0,30019.48
Ford,2013,70976.0,Petrol,CVT,Sedan,White,2,0,0.0,2983.61
Honda,2019,56687.0,Petrol,Automatic,Hatchback,Green,1,0,0.0,7185.68
Hyundai,2011,89926.0,Electric,Automatic,SUV,White,2,0,1.0,1391.75
Ford,2020,65934.0,Diesel,DSG,Wagon,Red,4,0,1.0,9996.2
Audi,2018,58086.0,Electric,Automatic,Sedan,Silver,2,0,1.0,19078.62
Hyundai,2011,78206.0,Petrol,CVT,Pickup,Silver,2,0,1.0,1576.02
Audi,2018,37654.0,Petrol,Automatic,Convertible,Black,1,1,0.0,9736.85
Hyundai,2016,32541.0,Diesel,Automatic,Hatchback,White,2,0,1.0,3647.65
Volvo,2020,23161.0,Hybrid,Manual,SUV,Gray,1,0,0.0,17884.16
Suzuki,2014,38426.0,Hybrid,Manual,SUV,Silver,3,0,1.0,2114.1
Mercedes,2011,215809.0,Petrol,Manual,Wagon,Gray,3,0,1.0,1701.94
Audi,2013,24817.0,Hybrid,Automatic,SUV,White,1,0,1.0,8349.67
Mercedes,2013,237836.0,Petrol,DSG,Sedan,Blue,2,0,1.0,2707.64
Ford,2015,41493.0,Diesel,Automatic,SUV,Black,1,0,1.0,4534.69
BMW,2019,111365.0,Petrol,Manual,Hatchback,Red,1,0,1.0,11646.76
Kia,2018,86991.0,Petrol,Manual,Sedan,Red,1,0,1.0,2193.65
Nissan,2012,177774.0,Petrol,CVT,Sedan,Black,1,0,0.0,1481.01
Volvo,2017,83988.0,Diesel,Automatic,SUV,White,1,0,1.0,6191.25
Honda,2012,209950.0,Hybrid,Automatic,Pickup,White,2,0,1.0,879.26
Nissan,2015,65776.0,Petrol,DSG,SUV,Blue,3,0,1.0,3069.48
Ford,2016,50234.0,Petrol,Automatic,SUV,Brown,1,1,1.0,4323.54
Jeep,2016,28780.0,Petrol,CVT,SUV,Orange,1,0,1.0,6125.57
Jeep,2023,1000.0,Petrol,Automatic,SUV,Black,2,0,1.0,40399.72
Volkswagen,2013,177568.0,Petrol,CVT,SUV,Red,2,0,0.0,1893.52
Volkswagen,2022,5288.0,Petrol,Manual,Sedan,Brown,3,1,0.0,28236.29
Volkswagen,2014,61236.0,Petrol,Automatic,Convertible,Yellow,1,0,1.0,3370.43
Honda,2011,42946.0,Petrol,Manual,Sedan,Red,2,1,0.0,2212.34
Nissan,2019,78594.0,Petrol,Automatic,SUV,Brown,4,0,0.0,7181.35
Hyundai,2016,74368.0,Hybrid,Automatic,SUV,Brown,1,0,1.0,5951.61
Mercedes,2021,20253.0,Petrol,Manual,SUV,Yellow,1,0,1.0,27781.21
Ford,2013,75181.0,Diesel,Manual,Sedan,Yellow,1,0,1.0,2851.53
Kia,2015,41362.0,Petrol,Manual,Sedan,Blue,1,0,1.0,4329.44
Ford,2013,184185.0,Petrol,Automatic,Sedan,Black,4,0,1.0,1041.96
Ford,2018,104258.0,Electric,Automatic,Convertible,Blue,2,0,1.0,6252.42
Nissan,2021,61065.0,Hybrid,Manual,SUV,Silver,1,1,1.0,7006.83
Audi,2020,32536.0,Petrol,Automatic,SUV,Gray,1,0,1.0,28088.94
Ford,2019,33195.0,Petrol,Manual,Hatchback,Red,1,0,1.0,10301.45
Toyota,2012,172488.0,Diesel,Automatic,Sedan,Red,2,1,1.0,1635.28
Hyundai,2010,300000.0,Diesel,Automatic,Hatchback,White,3,0,1.0,303.54
BMW,2016,46709.0,Petrol,CVT,SUV,Silver,2,0,1.0,8341.49
Mercedes,2021,41218.0,Diesel,Manual,Hatchback,Yellow,1,0,0.0,21337.24
Mazda,2019,143141.0,Diesel,Manual,Sedan,Orange,1,1,1.0,3349.73
Ford,2019,9265.0,Electric,Automatic,Sedan,Yellow,1,0,,7785.76
Honda,2018,45620.0,Petrol,Manual,Coupe,Black,4,0,1.0,6638.55
Mitsubishi,2014,254994.0,Petrol,Manual,Wagon,Green,1,0,1.0,808.15
Toyota,2017,209079.0,Diesel,Automatic,Sedan,Brown,3,0,1.0,2182.19
Kia,2018,30339.0,Petrol,Manual,Sedan,Black,1,1,1.0,4956.01
Ford,2021,24626.0,Petrol,Automatic,Hatchback,Green,1,0,1.0,11152.11
Toyota,2023,4442.0,Petrol,Automatic,Hatchback,Gray,1,0,1.0,20495.63
Hyundai,2017,90610.0,Petrol,Automatic,SUV,Silver,1,1,1.0,3697.5
Toyota,2018,34401.0,Hybrid,Automatic,SUV,Orange,2,0,1.0,9466.6
Tesla,2015,14520.0,Diesel,Automatic,Sedan,Red,2,1,1.0,11627.44
Nissan,2012,116001.0,Diesel,Manual,SUV,Silver,2,0,1.0,1765.84
Honda,2010,300000.0,Petrol,CVT,SUV,Yellow,1,0,1.0,333.32
Kia,2020,29627.0,Electric,Manual,Coupe,Green,1,0,1.0,8067.74
Jeep,2011,97220.0,Diesel,Manual,Sedan,Red,1,0,1.0,1575.0
Subaru,2011,58759.0,Petrol,Automatic,Sedan,Orange,1,1,1.0,1503.68
Kia,2013,52664.0,CNG,CVT,Hatchback,Blue,3,0,0.0,2239.13
Volkswagen,2020,52315.0,Hybrid,Automatic,SUV,Gray,2,0,0.0,15351.56
Honda,2018,51998.0,Hybrid,Manual,Hatchback,Red,2,0,0.0,5170.9
Ford,2010,44514.0,Hybrid,Manual,Hatchback,Green,1,1,0.0,1706.96
Kia,2014,134594.0,Petrol,Automatic,Sedan,Black,4,0,1.0,2305.95
Honda,2011,50385.0,Petrol,Manual,Sedan,Brown,1,0,0.0,2871.53
Hyundai,2010,249813.0,CNG,Automatic,Hatchback,Yellow,1,0,0.0,713.69
Subaru,2017,83224.0,Electric,Automatic,SUV,Red,2,0,1.0,4331.1
Honda,2014,133737.0,Diesel,Manual,SUV,Brown,1,0,1.0,1917.83
Honda,2020,13306.0,CNG,Automatic,Sedan,Gray,1,0,0.0,9692.92
Honda,2016,55893.0,Petrol,Manual,Pickup,Brown,1,0,1.0,4715.49
Toyota,2012,113520.0,Hybrid,CVT,Hatchback,White,3,1,1.0,1517.66
Hyundai,2023,3963.0,Petrol,DSG,Pickup,Black,1,0,1.0,30514.15
Honda,2019,9629.0,Petrol,Automatic,Sedan,White,2,0,1.0,14224.44
Honda,2014,74596.0,Hybrid,CVT,Convertible,Red,1,0,1.0,2464.72
Honda,2011,37272.0,Petrol,Manual,Hatchback,Orange,1,0,0.0,2082.47
Ford,2011,19783.0,Petrol,Automatic,Sedan,Orange,1,0,1.0,2370.03
Ford,2021,22326.0,Petrol,CVT,SUV,Gray,1,0,1.0,15603.78
Toyota,2012,127621.0,Petrol,Automatic,Wagon,Gray,2,0,1.0,2158.7
Audi,2014,55335.0,Petrol,Automatic,Sedan,Blue,1,0,1.0,6525.68
Chevrolet,2017,11817.0,Electric,Manual,Hatchback,Gray,1,0,0.0,6639.99
Lexus,2014,54207.0,Petrol,Automatic,Sedan,Orange,1,0,0.0,8603.77
Volkswagen,2013,117139.0,Petrol,DSG,Hatchback,Orange,1,0,1.0,3257.32
Nissan,2023,1616.0,Diesel,Automatic,SUV,Orange,1,0,1.0,19790.41
Toyota,2020,20187.0,Petrol,Automatic,Hatchback,Orange,1,0,1.0,12761.23
Honda,2023,2797.0,Petrol,Manual,SUV,Black,2,1,0.0,20415.45
Nissan,2017,55333.0,Electric,Manual,Sedan,Orange,1,0,1.0,4912.24
Suzuki,2020,56226.0,Petrol,DSG,SUV,Red,2,0,1.0,7660.28
Toyota,2019,53921.0,Diesel,Automatic,SUV,Red,1,0,1.0,10316.4
Honda,2021,8826.0,Petrol,Automatic,Hatchback,Silver,1,0,0.0,13704.02
Volvo,2021,12418.0,Diesel,Manual,SUV,Red,3,0,0.0,25618.07
Chevrolet,2018,42343.0,Diesel,CVT,SUV,Blue,2,0,0.0,7078.3
Mitsubishi,2012,206772.0,Petrol,Automatic,Hatchback,Blue,2,0,1.0,793.14
Mazda,2021,117639.0,Diesel,CVT,SUV,Black,1,0,0.0,8135.2
Mazda,2017,45238.0,Petrol,Automatic,Convertible,Silver,2,0,1.0,8426.7
Mitsubishi,2023,,Diesel,Automatic,Hatchback,Orange,1,0,0.0,27263.39
Volkswagen,2013,89055.0,Petrol,Automatic,Hatchback,Orange,1,0,0.0,2106.0
Volkswagen,2013,128056.0,Diesel,Automatic,SUV,Green,1,0,1.0,2076.61
Nissan,2018,183807.0,Hybrid,CVT,Pickup,Green,1,0,1.0,2593.25
Toyota,2021,13966.0,Petrol,Automatic,Coupe,Brown,4,0,0.0,14820.91
Toyota,2015,87159.0,Petrol,CVT,Sedan,Yellow,1,0,1.0,4221.65
Lexus,2016,26548.0,Hybrid,CVT,SUV,Blue,1,0,0.0,10018.66
Toyota,2015,120508.0,Hybrid,Automatic,Coupe,Blue,2,0,0.0,3656.38
Ford,2010,300000.0,Petrol,Automatic,Sedan,Brown,1,0,0.0,453.43
Ford,2023,1934.0,Petrol,Automatic,Sedan,Brown,2,0,1.0,26664.26
Jeep,2022,,Petrol,CVT,Coupe,Brown,2,0,0.0,16144.17
Mazda,2014,95233.0,Electric,Manual,Wagon,Gray,1,0,1.0,3898.72
Volkswagen,2023,2830.0,Diesel,CVT,Hatchback,Green,1,0,0.0,29295.3
Audi,2017,137214.0,Electric,DSG,Sedan,Black,1,0,0.0,6144.43
Hyundai,2022,35487.0,Petrol,Manual,Hatchback,Black,1,0,1.0,13261.94
Volkswagen,2021,22560.0,Diesel,Manual,Hatchback,Orange,1,0,1.0,18337.36
Mercedes,2013,134972.0,Electric,Automatic,Wagon,Black,4,0,1.0,4551.98
Subaru,2023,7217.0,Hybrid,Automatic,Sedan,Yellow,1,0,1.0,24655.95
Audi,2014,19657.0,Electric,Manual,Pickup,Silver,1,0,1.0,11499.92
Audi,2010,139531.0,Petrol,DSG,SUV,Black,1,0,1.0,1967.29
Toyota,2021,7918.0,Electric,Manual,Hatchback,Yellow,1,0,1.0,24966.39
Honda,2012,116524.0,Diesel,CVT,Sedan,Green,1,0,0.0,1987.29
Mercedes,2010,86575.0,Hybrid,DSG,Sedan,Red,2,0,1.0,2669.34
Subaru,2014,20257.0,Hybrid,Automatic,Hatchback,Yellow,2,1,1.0,3115.9
Lexus,2016,34998.0,Petrol,Manual,SUV,Yellow,1,0,1.0,19992.08
Honda,2019,15934.0,Petrol,Automatic,SUV,Yellow,1,0,1.0,15757.37
Jeep,2021,96680.0,Diesel,Automatic,SUV,Black,1,1,1.0,9622.47
BMW,2023,4906.0,Diesel,CVT,Pickup,Red,2,1,1.0,37916.85
Ford,2023,6811.0,Petrol,Manual,SUV,Silver,1,0,0.0,24523.83
Mercedes,2023,10494.0,Petrol,Automatic,SUV,Green,1,0,1.0,50360.81
Audi,2015,33597.0,Petrol,Automatic,SUV,Red,4,0,0.0,10865.77
Mazda,2020,26220.0,Diesel,Manual,Pickup,Yellow,2,0,1.0,7598.85
Tesla,2023,2159.0,Hybrid,CVT,Hatchback,Gray,3,0,0.0,43864.19
BMW,2013,,Petrol,Automatic,Sedan,White,1,0,1.0,6944.76
Mercedes,2019,53924.0,Petrol,Manual,SUV,Blue,1,0,1.0,16257.39
Nissan,2015,36988.0,Petrol,DSG,SUV,Blue,4,0,1.0,1730.0
Kia,2012,66207.0,Hybrid,CVT,Convertible,Blue,1,0,0.0,2413.74
Toyota,2012,246717.0,Petrol,DSG,Coupe,Green,3,0,1.0,879.27
Honda,2022,7268.0,Hybrid,DSG,Sedan,Yellow,1,0,1.0,28237.41
Lexus,2023,4933.0,Petrol,Automatic,SUV,White,2,0,1.0,28714.4
Toyota,2018,28678.0,Electric,Manual,SUV,Gray,1,0,1.0,6083.31
Volkswagen,2014,15219.0,Petrol,Automatic,Hatchback,Blue,2,0,1.0,6891.58
Hyundai,2023,15966.0,Electric,Manual,SUV,Orange,3,0,1.0,13513.02
Lexus,2012,58248.0,Diesel,Automatic,Pickup,Brown,1,0,1.0,3980.56
Chevrolet,2011,84409.0,Petrol,CVT,Sedan,Red,3,0,1.0,1463.91
Honda,2022,22288.0,Hybrid,Automatic,Coupe,Green,1,0,0.0,14521.85
Volkswagen,2012,184409.0,Electric,Manual,Wagon,Blue,2,0,1.0,1671.12
Subaru,2018,35916.0,Diesel,Automatic,Hatchback,Gray,2,0,1.0,9944.89
BMW,2020,24948.0,Hybrid,DSG,Wagon,Blue,4,0,1.0,30676.05
Hyundai,2013,127622.0,Petrol,Automatic,Sedan,Orange,1,0,0.0,1973.41
Volkswagen,2011,204825.0,Hybrid,Automatic,SUV,Orange,1,0,1.0,1348.37
Audi,2014,143617.0,Petrol,Automatic,Sedan,Orange,1,0,1.0,4131.18
Toyota,2013,39675.0,Petrol,Automatic,SUV,Black,1,0,1.0,4495.23
Honda,2023,4787.0,Hybrid,Manual,Wagon,Orange,1,0,1.0,14536.22
BMW,2017,188327.0,CNG,Manual,Hatchback,Gray,1,0,1.0,5435.03
Jeep,2015,,Diesel,Automatic,Sedan,Gray,1,1,1.0,2639.76
Lexus,2020,59568.0,Petrol,Automatic,Sedan,Silver,1,0,0.0,13190.8
Suzuki,2013,37200.0,Petrol,DSG,SUV,Orange,2,0,1.0,2465.38
Kia,2018,22020.0,Diesel,Manual,SUV,Brown,1,0,0.0,7086.31
Lexus,2018,30969.0,Electric,Manual,Sedan,Brown,1,0,1.0,18651.62
BMW,2021,11516.0,Diesel,CVT,Coupe,Red,1,0,1.0,17334.97
Honda,2021,79920.0,Petrol,CVT,Hatchback,White,1,0,1.0,10076.81
Tesla,2011,73446.0,Petrol,Automatic,SUV,White,1,0,1.0,3398.92
BMW,2016,51028.0,Petrol,Manual,Coupe,Gray,1,0,1.0,11469.54
Toyota,2018,11438.0,CNG,DSG,SUV,White,2,0,1.0,11861.12
BMW,2018,32885.0,Petrol,CVT,SUV,Gray,1,0,0.0,13608.63
Lexus,2016,18408.0,Petrol,Automatic,Sedan,Gray,1,0,0.0,13872.38
Audi,2020,17507.0,Petrol,Automatic,Sedan,Yellow,2,0,0.0,22978.51
Toyota,2011,148914.0,Petrol,Manual,SUV,Green,4,0,1.0,1513.05
Suzuki,2016,74504.0,Petrol,Automatic,SUV,Red,1,0,1.0,2714.72
Toyota,2023,2884.0,Electric,Automatic,Sedan,White,1,1,1.0,21508.77
Mercedes,2023,9364.0,Hybrid,Manual,Convertible,Brown,1,0,0.0,58334.89
Honda,2016,37566.0,Petrol,Manual,Pickup,Gray,1,0,0.0,7990.58
Kia,2014,67030.0,Petrol,Manual,Sedan,Yellow,4,1,1.0,2134.61
Mazda,2020,34812.0,Petrol,DSG,Coupe,Yellow,1,0,1.0,11673.73
Audi,2017,38553.0,Petrol,Automatic,Hatchback,Black,2,0,1.0,9926.87
Kia,2014,106393.0,Diesel,Automatic,Hatchback,Black,1,0,1.0,2865.59
Kia,2017,28418.0,Diesel,Manual,SUV,Silver,2,0,1.0,7549.3
Volvo,2012,300000.0,Petrol,Automatic,Sedan,Brown,2,1,1.0,268.36
Mitsubishi,2011,69116.0,Petrol,Manual,SUV,Silver,3,0,1.0,1449.84
Honda,2022,7207.0,Hybrid,DSG,Convertible,Blue,2,0,1.0,16857.27
Honda,2019,34834.0,Petrol,DSG,Hatchback,White,2,0,1.0,8765.78
BMW,2018,39087.0,Diesel,Automatic,Pickup,Black,1,0,0.0,14401.5
Honda,2022,7692.0,Diesel,DSG,Pickup,Black,2,1,1.0,11368.74
Ford,2022,12900.0,CNG,CVT,Convertible,White,2,0,0.0,15615.42
Honda,2017,61539.0,Petrol,Manual,SUV,Gray,1,0,1.0,9735.85
Mitsubishi,2010,171651.0,Diesel,Manual,Coupe,Black,3,1,0.0,565.92
Toyota,2017,89287.0,Hybrid,CVT,SUV,Yellow,4,0,1.0,3940.52
Nissan,2021,11905.0,Diesel,Automatic,SUV,Orange,2,1,1.0,14363.11
Mazda,2019,19968.0,CNG,CVT,SUV,Orange,1,0,1.0,12513.28
Hyundai,2013,115498.0,Petrol,DSG,Sedan,Green,2,0,0.0,1522.13
Volvo,2022,21960.0,CNG,CVT,Sedan,Silver,1,0,1.0,30058.06
Volkswagen,2018,27478.0,Hybrid,Manual,SUV,Red,1,0,0.0,9107.15
Mercedes,2010,300000.0,Diesel,Automatic,SUV,Brown,3,0,1.0,893.75
BMW,2022,13331.0,Petrol,Automatic,Hatchback,Gray,4,0,1.0,35984.85
Honda,2015,29618.0,Hybrid,Automatic,Sedan,Silver,2,0,1.0,4016.68
Ford,2015,94291.0,Hybrid,Automatic,SUV,White,1,0,1.0,3173.64
Toyota,2015,64723.0,Petrol,Automatic,SUV,Red,2,0,1.0,3877.94
Nissan,2014,228832.0,Diesel,Automatic,Coupe,Yellow,1,1,1.0,798.05
Ford,2010,200983.0,CNG,Automatic,Hatchback,Orange,1,0,0.0,629.42
Suzuki,2018,61173.0,Electric,Automatic,Hatchback,Yellow,2,0,1.0,1840.55
Nissan,2018,117371.0,Petrol,Manual,SUV,Gray,4,0,0.0,4376.05
Subaru,2023,13340.0,Petrol,DSG,Hatchback,Black,1,0,1.0,27188.36
Ford,2020,33432.0,Electric,Automatic,SUV,Gray,1,0,1.0,10036.46
Subaru,2015,67210.0,Electric,Manual,Hatchback,Black,1,0,1.0,4418.2
Porsche,2018,72234.0,Petrol,Manual,SUV,Black,1,0,0.0,19092.28
Honda,2023,4480.0,Electric,Automatic,SUV,Orange,1,0,1.0,24254.35
Nissan,2017,55068.0,Hybrid,CVT,Pickup,White,3,1,0.0,4317.98
Toyota,2020,26826.0,Diesel,Automatic,SUV,Silver,1,1,1.0,8352.65
Nissan,2015,28944.0,Diesel,Automatic,SUV,Silver,1,0,1.0,3370.17
Hyundai,2018,19872.0,Diesel,Manual,SUV,Silver,2,0,0.0,8459.18
Ford,2017,24627.0,Petrol,Automatic,SUV,Yellow,2,0,0.0,7498.38
Toyota,2017,110236.0,Electric,Automatic,Sedan,Silver,1,0,0.0,4310.12
Volkswagen,2010,189685.0,Diesel,Manual,Sedan,Black,1,0,1.0,984.78
Volkswagen,2020,17485.0,Hybrid,Manual,Hatchback,Silver,2,1,0.0,9154.74
Honda,2022,22577.0,Diesel,Automatic,SUV,Red,1,1,0.0,13028.22
Volvo,2013,72428.0,Petrol,Automatic,Hatchback,White,3,0,1.0,5398.6
Honda,2020,6396.0,Diesel,Manual,SUV,Yellow,1,0,0.0,14500.21
Ford,2014,40424.0,Petrol,Manual,Hatchback,Gray,1,1,1.0,3239.7
Honda,2021,37342.0,Petrol,CVT,Sedan,Brown,4,0,0.0,19408.33
Mercedes,2015,28081.0,Petrol,DSG,SUV,White,1,0,0.0,9748.55
Volkswagen,2010,133934.0,Hybrid,Automatic,Coupe,Green,3,0,0.0,1326.65
Nissan,2023,9690.0,Petrol,Manual,Sedan,Gray,1,0,1.0,16346.19
Mazda,2021,34582.0,Petrol,Manual,Coupe,Brown,1,0,1.0,12471.53
Suzuki,2011,152560.0,Petrol,Manual,Pickup,Yellow,2,0,1.0,712.43
Hyundai,2019,57779.0,Petrol,Automatic,Convertible,Red,4,0,0.0,5732.81
Mazda,2020,,Petrol,DSG,SUV,Brown,2,0,1.0,9700.34
BMW,2022,22677.0,Diesel,DSG,Hatchback,Brown,3,1,1.0,37065.69
Mazda,2010,58374.0,Petrol,CVT,Sedan,Gray,2,0,1.0,2264.35
Volkswagen,2022,,Hybrid,Automatic,Pickup,Red,1,0,0.0,22062.68
Porsche,2021,23544.0,Petrol,Automatic,Hatchback,Orange,1,0,0.0,45779.43
Suzuki,2011,79920.0,Petrol,Manual,Sedan,White,1,0,1.0,1689.25
Audi,2023,9613.0,Electric,Manual,Convertible,Blue,1,0,1.0,48218.05
Honda,2019,133616.0,Petrol,Automatic,SUV,Orange,1,0,0.0,4827.44
Chevrolet,2021,17288.0,Electric,Manual,Convertible,White,3,0,1.0,21777.43
Mercedes,2021,37484.0,Diesel,Automatic,Wagon,Blue,2,0,1.0,29625.12
Mercedes,2012,80758.0,Petrol,Manual,Coupe,Black,1,0,1.0,7019.81
Hyundai,2022,145654.0,Electric,CVT,Coupe,Green,2,0,1.0,8524.85
Honda,2012,97352.0,Petrol,CVT,Coupe,Red,2,0,0.0,1943.13
Honda,2016,73671.0,Petrol,Automatic,SUV,Orange,1,0,1.0,5461.36
BMW,2020,44496.0,Hybrid,CVT,Sedan,Silver,4,0,1.0,24836.3
Mazda,2014,148406.0,Electric,CVT,Sedan,Red,1,0,1.0,2258.12
Lexus,2011,57741.0,Petrol,Automatic,Sedan,Yellow,3,1,1.0,3408.57
Kia,2011,88270.0,Petrol,Manual,SUV,Gray,2,0,0.0,1891.76
Ford,2015,86128.0,Diesel,Automatic,Sedan,Yellow,1,1,1.0,2660.95
Ford,2014,86188.0,Petrol,DSG,Coupe,Red,2,0,1.0,3175.66
Honda,2020,44321.0,Diesel,Automatic,Wagon,Brown,3,0,1.0,10632.32
Chevrolet,2020,20329.0,Petrol,Automatic,SUV,Blue,2,0,0.0,15484.09
Hyundai,2018,58259.0,Hybrid,Manual,Convertible,White,4,1,1.0,3831.1
Honda,2018,34841.0,Diesel,Automatic,SUV,Orange,2,0,1.0,10525.87
Subaru,2023,8288.0,Petrol,Manual,Hatchback,Yellow,3,0,1.0,20685.22
BMW,2014,35955.0,Petrol,Automatic,Wagon,Red,1,0,0.0,6203.52
Jeep,2023,9808.0,Petrol,Automatic,SUV,Orange,2,0,1.0,29285.1
Volkswagen,2021,31845.0,Petrol,Manual,SUV,Yellow,1,0,1.0,21231.16
Nissan,2014,90521.0,Electric,Manual,Sedan,Green,2,0,1.0,3584.16
Subaru,2019,20456.0,Diesel,Manual,SUV,White,1,0,1.0,9736.35
Honda,2020,63535.0,Petrol,Automatic,Wagon,Black,1,1,1.0,8575.29
Mercedes,2018,28586.0,Hybrid,Automatic,Hatchback,Orange,1,0,1.0,31215.09
Honda,2021,16959.0,Petrol,Automatic,SUV,Silver,2,0,1.0,18592.87
BMW,2015,29421.0,Diesel,Automatic,SUV,Green,1,0,0.0,12987.82
Subaru,2013,33506.0,Petrol,DSG,Sedan,White,2,0,0.0,3766.45
Honda,2014,146652.0,Petrol,CVT,Hatchback,White,1,0,0.0,3260.59
Subaru,2020,21174.0,Diesel,Automatic,SUV,Gray,1,0,1.0,10967.05
BMW,2023,16877.0,Petrol,Automatic,Convertible,Brown,2,0,,44721.98
Kia,2018,19181.0,Petrol,Automatic,Hatchback,Blue,1,0,1.0,8509.93
Nissan,2019,30566.0,Petrol,Automatic,Hatchback,Silver,3,0,0.0,11061.81
Hyundai,2013,105534.0,Diesel,Automatic,Sedan,Yellow,2,0,1.0,2129.82
Honda,2010,84290.0,CNG,Automatic,SUV,Gray,4,0,1.0,1161.87
Hyundai,2014,84341.0,Petrol,CVT,Coupe,Gray,3,1,0.0,2303.67
Ford,2012,156998.0,Petrol,Manual,Sedan,Brown,1,0,1.0,1037.19
Hyundai,2020,26003.0,Diesel,Automatic,Sedan,Brown,1,0,1.0,11428.9
Kia,2019,14705.0,Petrol,Automatic,Pickup,Silver,1,1,1.0,6204.11
BMW,2011,293297.0,Diesel,Automatic,Sedan,Green,1,0,0.0,698.39
Volkswagen,2016,48250.0,Hybrid,Manual,Hatchback,White,1,0,1.0,6506.38
Hyundai,2020,42681.0,Petrol,Manual,Hatchback,Black,1,0,1.0,10078.69
Mazda,2021,22185.0,Electric,CVT,Convertible,Silver,1,1,0.0,7239.2
Subaru,2023,13810.0,Electric,Automatic,SUV,Brown,3,0,1.0,20598.82
Ford,2016,64950.0,Hybrid,Automatic,SUV,Green,2,0,1.0,4102.31
Hyundai,2021,27610.0,Petrol,Automatic,Hatchback,Green,2,0,1.0,13933.33
Honda,2021,85220.0,Diesel,CVT,Hatchback,Blue,1,0,1.0,8881.73
Volvo,2011,300000.0,Diesel,Manual,Hatchback,Red,2,0,0.0,637.09
Tesla,2016,33864.0,Diesel,Manual,SUV,Black,2,1,0.0,8445.89
Mercedes,2012,90967.0,Petrol,DSG,Sedan,Green,2,0,1.0,5838.73
Volkswagen,2011,99848.0,Petrol,Automatic,Sedan,Blue,1,0,1.0,2220.5
Volkswagen,2021,42615.0,Petrol,Automatic,SUV,Blue,1,0,0.0,16129.39
Toyota,2017,81829.0,Petrol,Manual,Sedan,Red,2,0,0.0,4048.09
Audi,2020,18543.0,Electric,Automatic,SUV,Red,3,0,1.0,23738.43
Toyota,2018,40807.0,Diesel,CVT,SUV,Black,1,0,1.0,7169.2
Subaru,2021,8207.0,Petrol,Manual,SUV,Red,1,0,1.0,10534.33
Subaru,2011,300000.0,Hybrid,Automatic,Coupe,Blue,1,1,1.0,454.88
BMW,2013,243209.0,Petrol,CVT,Hatchback,White,2,0,0.0,1486.42
Audi,2010,40466.0,Petrol,Manual,Pickup,Orange,2,0,1.0,4104.16
Honda,2017,27670.0,CNG,Manual,SUV,Gray,2,0,1.0,8554.48
Subaru,2013,32615.0,Diesel,Automatic,Wagon,Yellow,2,0,1.0,3454.81
Toyota,2020,119487.0,Electric,Automatic,Convertible,Blue,1,0,1.0,6098.39
Kia,2022,16662.0,Petrol,Automatic,Sedan,Green,1,0,1.0,17840.18
Mazda,2016,65094.0,Hybrid,Automatic,Sedan,Black,2,0,1.0,5550.45
Ford,2023,8787.0,Hybrid,Automatic,Wagon,Brown,1,0,0.0,21146.53
Toyota,2010,52763.0,Petrol,CVT,Pickup,White,2,0,1.0,2568.93
Suzuki,2020,43173.0,Petrol,Manual,Hatchback,Brown,2,0,1.0,7216.8
Kia,2011,139601.0,Hybrid,Manual,SUV,Green,2,0,,1048.53
Subaru,2010,250129.0,Petrol,CVT,Convertible,Yellow,4,1,1.0,374.32
Mazda,2016,31435.0,Petrol,Manual,Hatchback,Green,1,0,1.0,5300.17
Hyundai,2018,51471.0,Petrol,Manual,Sedan,Blue,1,0,0.0,8570.52
Honda,2016,70604.0,Petrol,Automatic,Convertible,Gray,2,0,1.0,4357.15
Toyota,2018,27860.0,CNG,DSG,Coupe,Brown,4,0,1.0,8112.92
Mercedes,2012,239739.0,Diesel,CVT,Sedan,Green,1,0,1.0,1621.82
Mercedes,2016,63125.0,CNG,DSG,SUV,Yellow,1,0,1.0,5354.8
BMW,2011,110572.0,Petrol,Automatic,SUV,Yellow,1,0,0.0,1967.6
Mazda,2022,26980.0,CNG,Automatic,Sedan,Orange,1,0,1.0,18332.75
Kia,2013,102199.0,Petrol,DSG,Wagon,Red,1,0,1.0,1792.56
Hyundai,2021,16147.0,Petrol,Manual,SUV,Gray,1,1,1.0,9431.1
Suzuki,2010,89946.0,Petrol,CVT,Hatchback,Brown,1,0,1.0,1173.58
Toyota,2016,230920.0,Petrol,Manual,Sedan,Gray,1,0,0.0,1967.18
Mercedes,2013,185645.0,Petrol,Automatic,Coupe,Green,1,0,0.0,1958.72
Chevrolet,2019,82001.0,Petrol,Manual,SUV,Silver,1,1,1.0,6000.0
BMW,2011,280961.0,Hybrid,Automatic,SUV,Black,1,0,1.0,901.01
Volvo,2019,73455.0,Diesel,Manual,Sedan,Gray,1,0,0.0,11943.43
Volkswagen,2018,67894.0,Petrol,DSG,SUV,Silver,2,0,1.0,8959.05
Audi,2020,14476.0,Petrol,CVT,SUV,Orange,1,0,1.0,39072.78
Mazda,2012,41594.0,Petrol,Automatic,SUV,Red,1,0,0.0,3998.86
Honda,2010,300000.0,Hybrid,DSG,Sedan,Green,1,0,1.0,415.33
BMW,2015,147163.0,Petrol,Manual,SUV,Gray,2,0,1.0,5403.9
Audi,2013,33758.0,Petrol,Automatic,Hatchback,Green,1,0,1.0,6959.06
Audi,2022,24938.0,Petrol,Automatic,Hatchback,Green,1,0,1.0,38296.26
Porsche,2023,9680.0,Petrol,Manual,Coupe,Green,1,0,1.0,83676.27
Mazda,2023,5856.0,Hybrid,Automatic,SUV,Black,2,0,1.0,21341.25
Mazda,2022,,CNG,Manual,SUV,Orange,2,0,1.0,24093.98
Audi,2020,5091.0,Diesel,CVT,Convertible,White,1,0,1.0,31303.73
Toyota,2011,107067.0,Diesel,Automatic,SUV,Green,3,0,1.0,1270.01
Nissan,2020,18909.0,Petrol,DSG,Sedan,Brown,2,1,0.0,9083.41
Ford,2020,17144.0,Hybrid,Manual,Sedan,Orange,2,0,1.0,13301.86
Mercedes,2012,59358.0,Electric,Manual,Coupe,Blue,1,0,1.0,5016.89
Mazda,2022,11869.0,Electric,Automatic,Sedan,Yellow,1,0,1.0,6543.73
Ford,2016,58320.0,Diesel,Automatic,SUV,Green,1,0,,5617.62
Mazda,2017,18117.0,Petrol,Automatic,Sedan,Green,1,0,0.0,8334.88
Mercedes,2012,120694.0,Petrol,Automatic,Sedan,Brown,4,0,1.0,3065.28
Audi,2019,6772.0,Petrol,Manual,Hatchback,Red,3,0,0.0,23872.12
Kia,2021,30084.0,Petrol,Manual,Sedan,Silver,3,0,1.0,7839.93
Toyota,2018,280609.0,Diesel,DSG,Pickup,Brown,2,0,1.0,1785.91
Subaru,2023,39796.0,Diesel,Manual,Convertible,Blue,1,0,1.0,22125.52
Ford,2013,111340.0,Hybrid,Manual,SUV,Green,1,0,0.0,2737.09
Jeep,2015,26934.0,Petrol,Manual,Coupe,Yellow,2,0,1.0,5547.65
Nissan,2019,1600.7445213624685,Petrol,Automatic,Sedan,Gray,1,0,0.0,34904.254770781896
Lexus,2019,18403.0,Petrol,Manual,Sedan,Blue,1,0,1.0,26077.2
Volvo,2022,16839.0,Diesel,Manual,Wagon,White,1,0,0.0,33907.8
Audi,2010,163405.0,Petrol,Automatic,SUV,Green,1,0,1.0,1746.09
Ford,2023,4887.0,Petrol,DSG,Coupe,Silver,3,1,1.0,11872.12
Suzuki,2023,24831.0,Petrol,Manual,Wagon,Black,1,1,1.0,9290.59
Ford,2012,107548.0,Diesel,CVT,Pickup,Brown,1,0,0.0,1261.9
Kia,2020,55460.0,CNG,Automatic,Sedan,Brown,2,0,0.0,8103.85
BMW,2021,48977.0,Diesel,Manual,SUV,Gray,1,0,0.0,26521.6
Chevrolet,2016,44032.0,Petrol,Automatic,Convertible,Green,2,0,0.0,3883.8
Toyota,2022,8342.0,Diesel,Automatic,Convertible,White,1,0,1.0,28563.01
Suzuki,2016,22686.0,Diesel,Manual,SUV,Blue,2,0,1.0,4138.05
Audi,2016,129352.0,Hybrid,Automatic,Pickup,Orange,1,0,0.0,5803.97
Lexus,2021,16788.0,Diesel,Automatic,Hatchback,White,1,0,1.0,34233.66
Volkswagen,2023,12837.0,Petrol,Manual,Hatchback,Orange,4,1,1.0,19840.68
Jeep,2016,842.2537089882537,Diesel,Automatic,SUV,White,2,1,1.0,18076.00719043048
Ford,2022,21924.0,Electric,Manual,Hatchback,Blue,1,1,0.0,13794.45
Nissan,2011,44744.0,Diesel,Automatic,SUV,Silver,3,0,1.0,2715.06
Subaru,2017,52991.0,Diesel,Automatic,Sedan,Brown,2,0,1.0,8497.74
Volkswagen,2014,27008.0,Diesel,CVT,SUV,Silver,1,0,0.0,6772.57
Hyundai,2021,30433.0,Diesel,Automatic,Convertible,Orange,1,1,1.0,10163.49
Nissan,2014,68658.0,Petrol,Manual,Pickup,Silver,1,1,0.0,2969.81
Audi,2017,30717.0,Diesel,DSG,Hatchback,Red,1,0,1.0,12109.15
Hyundai,2010,101712.0,Petrol,DSG,SUV,White,2,0,0.0,1250.31
Toyota,2011,45846.0,Petrol,CVT,Sedan,Orange,2,0,1.0,1808.85
Kia,2011,132093.0,CNG,Automatic,Sedan,Yellow,2,0,1.0,742.35
Honda,2012,166364.0,Diesel,Manual,SUV,Yellow,1,0,1.0,1231.37
Subaru,2012,173302.0,Petrol,Automatic,SUV,Gray,1,1,1.0,1393.62
Volkswagen,2021,20423.0,Petrol,Automatic,Sedan,Yellow,2,0,0.0,16315.8
Toyota,2011,119002.0,Petrol,Automatic,Sedan,Orange,2,1,1.0,1214.62
Volvo,2011,138060.0,Electric,Automatic,Wagon,Black,3,0,0.0,1463.07
Nissan,2021,4127.0,Petrol,Manual,SUV,Orange,1,0,1.0,13729.84
Chevrolet,2019,30924.0,Petrol,Automatic,Sedan,Blue,2,0,1.0,10818.94
Ford,2010,100710.0,Hybrid,Manual,Sedan,Blue,3,0,1.0,913.69
Ford,2022,8727.0,Petrol,Manual,SUV,Orange,1,0,1.0,23165.81
Mercedes,2018,46378.0,Diesel,Automatic,Convertible,Brown,1,0,1.0,16277.56
Ford,2018,40039.0,Petrol,Manual,Hatchback,Gray,4,0,1.0,7046.64
Toyota,2020,19603.0,Diesel,Manual,Sedan,Green,2,1,1.0,13206.54
Kia,2012,96982.0,Petrol,Automatic,Hatchback,Yellow,1,0,1.0,2594.68
Subaru,2023,6093.0,Petrol,DSG,Wagon,Red,2,0,1.0,28897.86
Subaru,2015,33253.0,Diesel,Automatic,Hatchback,Yellow,2,1,1.0,5985.39
Toyota,2015,47558.0,Petrol,Manual,SUV,Yellow,1,0,0.0,3865.43
Volkswagen,2019,74456.0,Diesel,Automatic,Sedan,Yellow,2,0,0.0,12766.55
Mazda,2022,5263.0,Electric,DSG,SUV,White,1,0,1.0,29795.39
BMW,2011,51879.0,Hybrid,Manual,Pickup,Blue,3,0,1.0,4404.93
Volkswagen,2010,228554.0,Diesel,CVT,Sedan,Blue,2,0,1.0,829.53
Subaru,2018,33705.0,CNG,Automatic,Hatchback,Silver,1,0,1.0,12310.63
Ford,2018,39465.0,Petrol,Automatic,Sedan,Silver,3,0,1.0,5710.65
Subaru,2013,300000.0,Diesel,Automatic,SUV,Green,1,0,1.0,749.9
Honda,2011,300000.0,CNG,Manual,Sedan,Blue,2,0,1.0,488.71
Subaru,2022,25473.0,Petrol,Automatic,Hatchback,Gray,1,0,1.0,17710.71
Lexus,2018,84843.0,Diesel,Automatic,Convertible,Black,1,0,1.0,15160.33
Kia,2010,53748.0,Petrol,CVT,Sedan,Green,2,0,1.0,1696.04
Nissan,2021,33934.0,Petrol,Manual,Hatchback,Blue,2,1,1.0,4975.2
Audi,2015,32707.0,Petrol,Automatic,SUV,White,1,0,1.0,10626.85
Lexus,2013,61460.0,Electric,Automatic,Hatchback,Silver,3,0,1.0,7109.35
Volkswagen,2018,1246.1026780726081,Diesel,Automatic,Wagon,Silver,2,0,1.0,29190.057427168696
Toyota,2010,161091.0,Electric,Manual,Sedan,Red,2,0,1.0,1037.2
Lexus,2016,111001.0,Electric,Automatic,Convertible,Red,3,0,1.0,8309.93
Hyundai,2018,54289.0,Petrol,DSG,Hatchback,Brown,4,0,1.0,6225.17
Hyundai,2015,16029.0,Diesel,Automatic,Hatchback,Black,1,0,1.0,7005.86
Toyota,2020,6675.0,Petrol,CVT,SUV,Silver,1,1,0.0,10117.73
Subaru,2017,23949.0,Petrol,Manual,SUV,Red,1,0,0.0,8916.95
Honda,2020,84476.0,Petrol,Manual,Hatchback,Orange,1,1,0.0,6531.0
Ford,2021,1492.0,Petrol,Automatic,Sedan,Yellow,1,0,1.0,12816.79
Ford,2013,25618.0,Hybrid,Manual,SUV,Orange,1,0,1.0,3761.29
Toyota,2020,24829.0,Electric,CVT,SUV,Brown,1,0,0.0,13668.62
Suzuki,2012,101859.0,Petrol,Manual,SUV,Brown,4,0,1.0,1033.32
Nissan,2020,7637.0,Diesel,Automatic,Wagon,Green,1,0,0.0,10582.54
Mitsubishi,2019,111841.0,CNG,Manual,Sedan,Silver,1,0,1.0,5538.09
Kia,2014,36008.0,Petrol,Manual,SUV,Blue,1,0,1.0,3873.41
Mercedes,2021,15342.0,Hybrid,Automatic,Wagon,Orange,2,0,1.0,45417.85
Jeep,2022,20480.0,Hybrid,Manual,Sedan,White,1,0,1.0,32542.62
Honda,2021,7179.0,Petrol,DSG,SUV,White,3,0,0.0,14959.65
Ford,2020,7227.0,Petrol,Manual,Sedan,Brown,2,0,1.0,17404.77
Honda,2014,46593.0,Hybrid,Automatic,Coupe,Gray,2,0,1.0,3718.63
Toyota,2013,48707.0,Hybrid,Manual,SUV,Green,1,0,1.0,3286.25
Mitsubishi,2020,62205.0,Petrol,CVT,Sedan,Red,1,0,0.0,6510.79
Jeep,2012,18849.0,Petrol,Manual,Wagon,White,1,1,0.0,3262.16
Toyota,2016,90626.0,CNG,Automatic,Hatchback,Orange,1,0,0.0,3939.65
Mercedes,2021,68079.0,Petrol,Automatic,SUV,Blue,2,0,1.0,36268.98
Nissan,2013,22598.0,Petrol,CVT,Coupe,Brown,1,0,0.0,4002.38
Nissan,2021,48180.0,Petrol,Manual,SUV,Blue,1,1,1.0,11905.05
Chevrolet,2014,178016.0,Petrol,Manual,SUV,Brown,1,1,1.0,1484.0
Honda,2021,84183.0,Electric,Automatic,SUV,Silver,1,0,1.0,7655.0
Volkswagen,2012,155183.0,CNG,Manual,Hatchback,White,1,0,1.0,1846.63
Mercedes,2020,31676.0,Petrol,Automatic,Sedan,Silver,1,0,0.0,18779.44
Mercedes,2010,73158.0,CNG,Automatic,Wagon,White,1,0,1.0,2656.79
Porsche,2019,18055.0,Petrol,Manual,SUV,Silver,3,0,,31362.58
Hyundai,2010,40596.0,Diesel,Automatic,SUV,Red,2,0,1.0,2051.75
Mercedes,2013,66894.0,Hybrid,Manual,Sedan,Silver,4,0,1.0,5807.36
Kia,2014,96657.0,Diesel,Automatic,SUV,Blue,1,1,1.0,1423.67
Ford,2019,44732.0,Petrol,Manual,Hatchback,White,2,0,1.0,8356.21
Lexus,2010,103611.0,Petrol,Automatic,Sedan,Gray,1,1,1.0,2816.81
Hyundai,2022,14531.0,Electric,DSG,Sedan,Brown,2,0,0.0,12981.91
Ford,2021,1584.752455214093,Petrol,Automatic,SUV,Green,1,1,0.0,32446.060431942824
Volkswagen,2020,28052.0,Hybrid,DSG,Wagon,Orange,3,0,1.0,10867.29
Kia,2016,81178.0,Petrol,Manual,Pickup,Black,2,0,1.0,3455.55
Toyota,2023,10954.0,Electric,Manual,Pickup,Orange,1,0,1.0,32314.3
Toyota,2011,42634.0,Petrol,DSG,SUV,Silver,2,1,1.0,1913.93
Hyundai,2015,92582.0,Diesel,DSG,Coupe,Brown,1,1,1.0,2688.31
Audi,2019,45625.0,Diesel,CVT,Sedan,Brown,1,0,1.0,15497.33
Honda,2011,34474.0,Petrol,Manual,Coupe,Silver,2,0,1.0,1138.59
Volkswagen,2017,33853.0,Petrol,Automatic,Wagon,Black,1,0,1.0,10967.28
Volkswagen,2017,37586.0,Hybrid,CVT,Wagon,Yellow,1,0,0.0,7776.02
BMW,2011,68086.0,Diesel,Automatic,Coupe,Green,1,1,1.0,3134.89
Volkswagen,2015,28059.0,Petrol,Manual,Wagon,Black,2,0,1.0,7886.06
Volkswagen,2017,54270.0,Petrol,Automatic,Hatchback,White,2,0,1.0,5685.4
Tesla,2016,45712.0,Petrol,Manual,Hatchback,Orange,1,0,,17339.67
Suzuki,2014,34151.0,Electric,Automatic,Coupe,Green,2,1,0.0,2574.66
Mercedes,2013,66638.0,Petrol,Automatic,SUV,Red,1,1,0.0,4490.98
Toyota,2023,6343.0,Petrol,Automatic,Pickup,Blue,3,0,0.0,24511.66
Toyota,2011,280623.0,Hybrid,DSG,Hatchback,Orange,1,0,1.0,437.08
Nissan,2019,3369.0,Petrol,DSG,Sedan,Gray,3,0,0.0,7839.54
Ford,2014,31815.0,Diesel,CVT,SUV,Orange,1,1,0.0,2353.89
Toyota,2017,65167.0,Petrol,Automatic,SUV,Red,1,0,0.0,5810.83
Nissan,2019,74262.0,Diesel,Automatic,Hatchback,Blue,1,0,0.0,4616.82
Toyota,2018,87558.0,Electric,Automatic,Sedan,Yellow,1,0,1.0,5784.32
Mazda,2012,,Diesel,DSG,Pickup,Black,2,0,1.0,2765.35
Honda,2019,7465.0,Petrol,Automatic,Coupe,Brown,3,0,0.0,10788.59
BMW,2016,204424.0,Petrol,Manual,Coupe,Yellow,3,0,0.0,3022.59
Ford,2018,,CNG,Manual,Sedan,White,1,0,1.0,3282.15
Lexus,2014,100515.0,Diesel,DSG,SUV,Yellow,3,0,1.0,5610.61
Ford,2020,62764.0,Petrol,DSG,SUV,Yellow,1,0,1.0,9228.1
Nissan,2018,33661.0,Diesel,Manual,Hatchback,Brown,1,0,1.0,8071.24
BMW,2010,78583.0,Petrol,Manual,SUV,Gray,1,0,0.0,2450.68
Volkswagen,2010,175682.0,Electric,Manual,SUV,Gray,2,0,1.0,1504.98
Nissan,2016,151339.0,Diesel,CVT,SUV,Yellow,1,0,0.0,2590.22
Mercedes,2021,16071.0,Diesel,DSG,Pickup,White,1,0,1.0,34118.55
Kia,2018,95304.0,Petrol,Automatic,Sedan,Blue,4,0,1.0,3207.88
Lexus,2020,49832.0,Petrol,CVT,SUV,Brown,2,1,1.0,17875.38
Kia,2010,226502.0,Petrol,Automatic,Coupe,Red,1,0,0.0,491.82
Volkswagen,2013,202619.0,Diesel,Manual,Hatchback,White,3,0,0.0,1514.36
Subaru,2021,7269.0,Petrol,Manual,Hatchback,Black,3,0,1.0,15183.0
Honda,2017,17631.0,Hybrid,Manual,SUV,Silver,3,0,1.0,9188.78
Toyota,2015,300000.0,Diesel,CVT,Convertible,Black,1,0,1.0,852.9
Lexus,2014,93949.0,Electric,CVT,Sedan,White,2,0,1.0,9682.8
Toyota,2010,34334.0,Electric,Manual,Sedan,Yellow,2,0,0.0,2592.93
Mazda,2020,7174.0,Petrol,CVT,Sedan,Silver,1,0,1.0,14545.62
Porsche,2015,42188.0,Hybrid,Automatic,SUV,Orange,1,0,0.0,20026.32
Mitsubishi,2018,117618.0,Hybrid,Manual,Hatchback,White,1,0,1.0,4898.95
Toyota,2016,21225.0,Petrol,Automatic,SUV,Orange,1,0,1.0,6409.51
Audi,2018,67554.0,Petrol,Automatic,SUV,Green,2,0,0.0,13533.92
BMW,2015,37610.0,Hybrid,CVT,SUV,Yellow,2,0,1.0,8368.77
Ford,2016,71438.0,Petrol,Automatic,Wagon,Blue,3,0,0.0,3080.4
Hyundai,2012,127258.0,Hybrid,Automatic,SUV,Silver,2,0,1.0,1416.22
Honda,2012,24190.0,Diesel,CVT,Coupe,Green,1,1,1.0,1977.76
Nissan,2021,39523.0,Hybrid,Manual,Wagon,Green,1,0,1.0,10149.3
Kia,2012,29110.0,Diesel,Manual,SUV,Brown,1,1,1.0,1668.17
Audi,2012,162755.0,Electric,CVT,Hatchback,Brown,1,0,1.0,2506.01
Ford,2015,113271.0,Petrol,Automatic,Sedan,White,1,0,0.0,1870.82
Nissan,2015,51273.0,Electric,Manual,Hatchback,Brown,1,1,0.0,3744.46
Honda,2020,36015.0,Petrol,CVT,SUV,Blue,3,0,1.0,9441.04
Mercedes,2019,98347.0,Diesel,CVT,Sedan,Black,4,1,,10392.28
Toyota,2020,138696.0,Diesel,CVT,SUV,Red,1,0,0.0,5534.45
Mercedes,2022,9662.0,Diesel,CVT,Convertible,Blue,2,1,0.0,35834.32
Ford,2020,7495.0,Diesel,Manual,Hatchback,Blue,4,0,1.0,15133.26
Hyundai,2017,59849.0,Petrol,Manual,Sedan,White,4,0,1.0,5176.67
Toyota,2014,49695.0,Petrol,Automatic,SUV,Yellow,1,0,0.0,4469.55
Nissan,2014,23757.0,Diesel,Manual,Sedan,Yellow,4,0,1.0,4308.96
Hyundai,2019,17847.0,Hybrid,Automatic,Coupe,Red,1,0,1.0,8637.3
Volkswagen,2022,8943.0,Petrol,Manual,Sedan,Gray,3,0,1.0,29293.0
Honda,2013,120755.0,Hybrid,Manual,SUV,Orange,3,1,1.0,1367.07
Chevrolet,2017,59900.0,Petrol,CVT,SUV,White,3,0,0.0,5052.56
Honda,2015,121656.0,Diesel,Automatic,Hatchback,Black,1,0,1.0,3064.51
Mercedes,2023,3639.0,Petrol,Automatic,Hatchback,Yellow,1,0,1.0,39031.81
Toyota,2020,41754.0,Diesel,Automatic,Pickup,White,2,0,0.0,11853.86
Lexus,2022,13092.0,Electric,Automatic,Sedan,Gray,1,0,1.0,35809.16
Ford,2018,92930.0,Petrol,Manual,Coupe,Brown,2,0,1.0,5179.27
Toyota,2015,78783.0,Hybrid,Manual,Convertible,Gray,1,0,0.0,3168.28
Hyundai,2022,8787.0,Petrol,Manual,SUV,Gray,2,0,1.0,16778.08
Toyota,2016,39624.0,Diesel,CVT,Sedan,Gray,2,0,1.0,8181.61
Mercedes,2017,36618.0,Diesel,CVT,Coupe,White,2,0,1.0,9567.57
Honda,2023,1477.0,Diesel,DSG,Hatchback,Green,2,0,1.0,25910.52
Audi,2018,37204.0,Petrol,Automatic,Sedan,Orange,1,0,0.0,15605.55
Mercedes,2015,112641.0,Petrol,CVT,Wagon,Brown,2,0,1.0,5155.3
Mitsubishi,2017,28368.0,Diesel,Manual,Hatchback,Orange,1,0,1.0,5939.14
Mercedes,2017,24062.0,Electric,Automatic,SUV,Yellow,1,0,,15403.05
Porsche,2023,10304.0,Petrol,Automatic,SUV,Red,2,0,1.0,95849.88
Ford,2010,213205.0,Electric,Automatic,Coupe,Silver,1,0,1.0,320.17
BMW,2020,1473.1144269811323,Hybrid,Manual,Pickup,White,1,0,0.0,35480.59459135063
Lexus,2012,37457.0,Diesel,Automatic,Sedan,Black,2,0,1.0,6408.75
Kia,2014,166292.0,Petrol,CVT,Hatchback,Green,1,0,1.0,1385.19
Honda,2022,10916.0,Petrol,Manual,Sedan,Yellow,1,1,0.0,15570.39
Ford,2017,55524.0,Petrol,Automatic,SUV,Gray,1,0,1.0,7674.19
Honda,2022,16498.0,Diesel,Manual,Pickup,Silver,1,0,0.0,19612.02
Toyota,2021,59046.0,Diesel,Manual,Sedan,Blue,1,0,0.0,10094.81
Audi,2021,13663.0,Petrol,Automatic,Hatchback,Blue,2,1,1.0,16731.28
Lexus,2010,48617.0,Petrol,Automatic,SUV,Orange,1,0,1.0,1678.95
Jeep,2017,29832.0,Petrol,Automatic,Hatchback,Red,1,1,1.0,7057.62
Nissan,2014,50042.0,Petrol,CVT,SUV,Brown,3,1,1.0,3951.0
Toyota,2012,300000.0,Diesel,Manual,Hatchback,White,1,1,1.0,534.32
Volkswagen,2023,1570.0,Electric,CVT,Hatchback,Silver,2,0,0.0,27718.96
Toyota,2017,21992.0,Diesel,Automatic,Convertible,Brown,1,0,1.0,11491.46
BMW,2010,41862.0,Hybrid,Manual,Hatchback,Gray,2,0,1.0,4855.38
Mercedes,2010,739.8591070701971,Diesel,CVT,Hatchback,Red,1,0,1.0,3237.93013562037
Lexus,2015,165484.0,CNG,CVT,Hatchback,White,1,0,1.0,3399.16
Kia,2011,,Diesel,Automatic,Coupe,Orange,1,0,1.0,443.59
Toyota,2010,191813.0,Diesel,Manual,SUV,Yellow,1,0,0.0,586.84
Toyota,2014,57253.0,Hybrid,CVT,Sedan,Brown,1,0,1.0,3968.04
Kia,2020,57474.0,Petrol,CVT,Hatchback,Red,1,1,1.0,4921.83
Chevrolet,2015,15821.0,Petrol,Automatic,SUV,Gray,1,0,1.0,7823.02
Ford,2020,106108.0,Diesel,Manual,Hatchback,Black,2,0,0.0,7651.93
Volkswagen,2012,136393.0,Electric,Automatic,SUV,Gray,1,0,0.0,1371.4
Audi,2010,84689.0,Hybrid,Manual,Sedan,Yellow,1,1,0.0,2520.21
Honda,2014,40322.0,Hybrid,Manual,Coupe,Yellow,1,0,1.0,4095.55
Mazda,2014,42371.0,Petrol,Automatic,Hatchback,Silver,1,0,0.0,3614.4
Honda,2016,79299.0,Petrol,Manual,SUV,Green,1,0,1.0,5407.97
Ford,2019,22952.0,Petrol,Manual,SUV,Black,1,0,1.0,10327.0
Jeep,2017,36212.0,Petrol,Automatic,Wagon,Green,1,0,1.0,8674.3
Subaru,2020,19129.0,Petrol,Automatic,Convertible,Blue,2,0,1.0,9928.41
Ford,2010,284079.0,Diesel,Automatic,Hatchback,Brown,1,0,1.0,312.16
Honda,2021,4478.0,Petrol,CVT,SUV,White,1,0,1.0,15756.32
Volkswagen,2020,74325.0,Electric,Manual,Hatchback,Black,1,0,1.0,11204.85
Suzuki,2020,46159.0,Diesel,Automatic,Sedan,Yellow,4,0,1.0,8644.93
Jeep,2018,77960.0,Diesel,Manual,Hatchback,Red,1,0,1.0,7536.7
Tesla,2023,1737.0,Diesel,Manual,Wagon,Orange,3,0,1.0,52455.93
BMW,2016,64899.0,Petrol,Automatic,Sedan,Green,1,1,0.0,6286.27
Honda,2022,22609.0,Petrol,Automatic,Hatchback,Gray,1,0,1.0,27232.71
BMW,2018,43931.0,Diesel,Manual,Sedan,Red,1,0,0.0,20768.77
Volkswagen,2010,58692.0,Diesel,CVT,Hatchback,Green,1,0,1.0,2345.0
Nissan,2010,143768.0,Petrol,Manual,SUV,Brown,3,0,1.0,974.08
Toyota,2016,135789.0,Diesel,Automatic,SUV,Green,1,0,1.0,3766.72
Mitsubishi,2010,90282.0,Petrol,Automatic,Coupe,Silver,1,0,0.0,926.43
Kia,2021,9723.0,Petrol,Automatic,Wagon,Green,1,0,1.0,11969.65
Toyota,2018,32330.0,Petrol,Automatic,SUV,Blue,1,0,0.0,7056.47
Mercedes,2023,,Petrol,Automatic,Sedan,Silver,2,1,1.0,30986.42
Audi,2017,300000.0,Hybrid,Manual,SUV,White,2,0,1.0,1702.97
Honda,2015,11486.0,Diesel,Automatic,SUV,Green,1,0,0.0,3813.28
Honda,2023,5501.0,Petrol,Manual,Sedan,White,2,0,1.0,21870.67
Mazda,2022,12762.0,Electric,Manual,Coupe,Gray,1,0,0.0,15778.74
Chevrolet,2016,39267.0,Electric,Manual,Hatchback,Black,2,0,1.0,4237.24
Kia,2012,300000.0,Electric,Manual,Hatchback,Red,1,0,1.0,383.41
BMW,2011,164964.0,Diesel,Manual,Hatchback,Red,3,0,0.0,1327.57
Subaru,2014,45766.0,Petrol,Automatic,Hatchback,Black,2,0,0.0,6617.18
Honda,2013,157183.0,Diesel,Manual,Sedan,Brown,1,0,0.0,1880.36
Ford,2014,95059.0,Petrol,Manual,Sedan,Blue,1,0,0.0,3873.82
Hyundai,2023,9643.0,Petrol,CVT,SUV,Black,2,0,1.0,15012.24
Honda,2019,15795.0,Petrol,DSG,SUV,Brown,2,1,0.0,10904.16
BMW,2011,217142.0,Diesel,Automatic,SUV,Gray,4,0,0.0,1113.84
Ford,2010,101682.0,Petrol,Manual,Sedan,White,1,1,0.0,826.72
Mazda,2017,20244.0,Diesel,Automatic,Coupe,White,4,0,1.0,8222.37
Audi,2015,9215.0,Electric,Automatic,SUV,Gray,1,0,1.0,8996.17
Jeep,2018,31833.0,Petrol,Manual,Sedan,Blue,1,0,0.0,10525.37
Hyundai,2015,172191.0,CNG,Manual,Wagon,Gray,1,0,0.0,1542.15
Honda,2015,44428.0,Electric,Manual,SUV,Black,1,0,1.0,5484.21
Ford,2010,63331.0,Petrol,Automatic,SUV,Silver,2,1,1.0,1160.32
BMW,2010,50918.0,Diesel,DSG,Hatchback,Red,1,0,1.0,3654.1
Ford,2019,52205.0,Hybrid,Automatic,Sedan,Orange,2,0,1.0,6987.21
Toyota,2022,7450.0,Petrol,Manual,Hatchback,Orange,1,0,1.0,21472.98
Ford,2014,97016.0,Electric,Manual,Hatchback,Brown,2,0,1.0,1914.06
Mercedes,2011,110323.0,Electric,Manual,Pickup,Blue,2,0,1.0,3134.01
Volvo,2011,300000.0,Hybrid,Manual,SUV,Red,2,0,1.0,740.95
Mitsubishi,2020,14872.0,Petrol,Manual,SUV,Yellow,1,0,0.0,8336.1
Mercedes,2011,78295.0,Petrol,DSG,SUV,Blue,2,0,0.0,4349.09
Ford,2015,54775.0,Petrol,Automatic,Sedan,White,1,0,1.0,4549.21
Audi,2013,108920.0,Diesel,Manual,SUV,Gray,2,0,1.0,4315.61
Lexus,2021,46992.0,Petrol,Automatic,Sedan,White,2,0,1.0,22794.69
Lexus,2013,99250.0,Petrol,Automatic,SUV,Black,1,0,1.0,4862.57
Kia,2018,95593.0,Petrol,Automatic,Convertible,Orange,1,0,0.0,2876.54
Toyota,2022,22388.0,Hybrid,DSG,Sedan,Gray,4,0,0.0,15070.44
Volkswagen,2020,22328.0,Diesel,Manual,Pickup,Silver,1,0,0.0,17304.88
Toyota,2021,25591.0,Hybrid,Manual,SUV,Blue,2,0,1.0,18042.51
Volkswagen,2012,93223.0,Petrol,Manual,Sedan,Brown,3,0,1.0,2480.34
Nissan,2010,139046.0,Diesel,Automatic,Sedan,Yellow,2,0,1.0,844.29
Toyota,2023,2444.0,Petrol,CVT,SUV,Gray,1,1,1.0,21567.04
Kia,2019,21878.0,Diesel,Automatic,Hatchback,Black,2,0,0.0,10195.16
Porsche,2020,26739.0,Petrol,Automatic,Coupe,Green,1,0,1.0,43205.63
Hyundai,2017,48627.0,Petrol,DSG,Wagon,Brown,2,0,1.0,5217.55
Kia,2017,67314.0,Diesel,Automatic,Sedan,Silver,1,0,0.0,6629.24
Lexus,2012,97134.0,Petrol,DSG,Hatchback,Silver,1,0,1.0,4828.17
Hyundai,2012,65725.0,Petrol,CVT,Coupe,White,1,1,1.0,1939.41
Ford,2011,45282.0,Diesel,Automatic,Hatchback,Yellow,2,0,1.0,1913.81
BMW,2018,27760.0,Hybrid,Automatic,Coupe,White,1,0,1.0,19358.41
Ford,2014,98570.0,Hybrid,Manual,SUV,White,1,0,1.0,2647.87
Suzuki,2016,13447.0,Petrol,Automatic,Sedan,Orange,4,0,1.0,4476.88
Ford,2012,261515.0,Hybrid,Automatic,Wagon,Yellow,1,0,1.0,559.57
Honda,2016,66654.0,Petrol,Manual,Pickup,Orange,4,1,0.0,2857.2
Hyundai,2018,25725.0,Diesel,CVT,Sedan,Red,1,0,1.0,9324.83
Kia,2023,15753.0,Electric,Automatic,Sedan,Silver,2,1,1.0,9772.36
Ford,2019,24620.0,Petrol,Manual,Hatchback,Red,1,0,1.0,9611.46
Mercedes,2013,47905.0,CNG,DSG,Coupe,Blue,1,0,1.0,6743.31
Chevrolet,2017,173412.0,CNG,Automatic,Pickup,Black,1,0,1.0,2753.21
Kia,2019,41015.0,Hybrid,Automatic,SUV,Green,1,0,1.0,10230.78
Kia,2022,20594.0,Diesel,Manual,Wagon,Yellow,4,0,1.0,13059.24
Jeep,2015,1162.2550031696765,Diesel,Manual,Hatchback,Green,1,0,1.0,25362.26533718549
Ford,2018,258563.0,Petrol,Manual,Sedan,Blue,1,0,1.0,1406.73
Tesla,2018,69800.0,Diesel,Automatic,SUV,Orange,1,0,1.0,16499.38
Porsche,2014,300000.0,Hybrid,Manual,Sedan,Blue,1,1,1.0,1464.5
Hyundai,2013,130200.0,CNG,DSG,Hatchback,White,2,1,1.0,1385.06
Chevrolet,2015,53238.0,Diesel,Automatic,Pickup,White,2,0,0.0,5682.54
Tesla,2014,69720.0,Diesel,DSG,Coupe,Brown,2,0,1.0,8167.56
Honda,2013,112275.0,Electric,Manual,Hatchback,Gray,1,0,1.0,2217.79
Subaru,2013,27290.0,Petrol,CVT,Coupe,Yellow,1,0,1.0,6097.34
Volkswagen,2017,113395.0,Hybrid,Manual,SUV,Silver,2,0,1.0,5384.84
Jeep,2021,11027.0,Diesel,Automatic,Hatchback,Silver,1,0,1.0,13770.2
Volkswagen,2014,111577.0,Electric,Manual,Hatchback,Gray,1,0,0.0,2875.18
Suzuki,2020,21036.0,Hybrid,Manual,Convertible,Brown,2,0,0.0,6770.82
Honda,2021,34536.0,Diesel,Automatic,Sedan,Blue,2,0,1.0,14916.6
Chevrolet,2014,94851.0,Petrol,CVT,Pickup,Gray,1,0,0.0,1267.05
Ford,2017,35067.0,Diesel,Automatic,Pickup,Black,1,0,1.0,7145.32
Honda,2023,11606.0,Petrol,Automatic,Wagon,Red,2,0,1.0,18847.24
BMW,2014,50011.0,Hybrid,Manual,Pickup,White,1,0,0.0,5177.08
Volkswagen,2016,30972.0,CNG,Automatic,Convertible,Brown,3,0,0.0,5947.92
Audi,2021,20401.0,Hybrid,Automatic,SUV,Black,1,1,1.0,20663.94
Ford,2020,39079.0,Electric,Manual,SUV,Red,1,0,1.0,13357.01
Mercedes,2017,35046.0,Diesel,Automatic,Sedan,Blue,1,0,1.0,17026.87
Audi,2014,217205.0,CNG,CVT,SUV,Green,2,0,0.0,1936.25
Jeep,2016,67103.0,Petrol,Manual,SUV,Black,3,0,1.0,5018.81
BMW,2012,67241.0,Hybrid,DSG,Hatchback,Blue,2,0,0.0,4290.34
Kia,2021,25167.0,Hybrid,DSG,Wagon,Yellow,2,0,0.0,9123.73
Kia,2014,59587.0,Petrol,Automatic,Wagon,Brown,1,0,1.0,2126.94
Hyundai,2015,124211.0,Hybrid,DSG,Hatchback,Blue,2,1,1.0,942.79
Kia,2017,90985.0,Diesel,Manual,Hatchback,Orange,2,0,1.0,5678.69
Nissan,2021,47121.0,Petrol,Manual,SUV,Brown,1,1,0.0,10418.62
Chevrolet,2016,85955.0,Petrol,DSG,Hatchback,Green,2,0,1.0,4076.09
Hyundai,2017,76744.0,Hybrid,Manual,Hatchback,Gray,2,0,0.0,3906.31
Honda,2020,34547.0,Diesel,CVT,Hatchback,Green,4,0,1.0,8813.3
Honda,2023,4653.0,Petrol,Automatic,Convertible,White,2,0,1.0,22415.6
Honda,2011,66557.0,Hybrid,Manual,SUV,Orange,2,0,0.0,1643.37
Volkswagen,2015,49344.0,Petrol,Manual,SUV,Red,1,0,0.0,8673.79
Subaru,2023,6456.0,Petrol,Manual,SUV,Silver,1,0,0.0,16166.21
Lexus,2020,22964.0,Hybrid,Automatic,Hatchback,Gray,1,0,1.0,18840.17
Honda,2014,71020.0,Diesel,DSG,Hatchback,Blue,1,0,0.0,3377.09
Toyota,2019,54956.0,Petrol,DSG,Sedan,Gray,4,0,0.0,6799.88
Toyota,2017,13697.0,Electric,Manual,Coupe,Silver,1,1,1.0,6914.08
BMW,2012,42192.0,Hybrid,Automatic,Coupe,Silver,2,0,1.0,5317.85
Honda,2015,50698.0,Diesel,Automatic,Sedan,Red,1,0,0.0,4705.69
Lexus,2014,149125.0,Petrol,DSG,SUV,Silver,2,1,1.0,2220.76
Mercedes,2021,21626.0,Diesel,Automatic,Coupe,Red,2,0,1.0,36730.14
Suzuki,2019,11359.0,Electric,DSG,Sedan,Orange,3,0,0.0,6024.76
Audi,2018,38936.0,Diesel,Manual,SUV,Red,1,0,1.0,14627.91
Toyota,2019,14624.0,Petrol,Manual,Sedan,Gray,2,0,1.0,10146.35
Tesla,2018,99586.0,Petrol,DSG,SUV,White,1,0,1.0,14429.04
Subaru,2011,99429.0,Petrol,Manual,Pickup,Yellow,4,0,1.0,1463.06
BMW,2012,30402.0,Diesel,Manual,Sedan,Brown,4,0,1.0,5721.19
Honda,2018,248454.0,Diesel,DSG,SUV,Orange,1,0,1.0,1451.02
Audi,2019,30047.0,Diesel,CVT,SUV,Red,1,0,1.0,21844.73
Honda,2017,20222.0,Petrol,Automatic,Hatchback,Black,1,0,1.0,7850.93
Mitsubishi,2020,9831.0,Petrol,CVT,Coupe,White,2,1,1.0,10065.94
Honda,2020,141417.0,Petrol,Automatic,Convertible,Green,2,0,1.0,4434.89
Mercedes,2022,5041.0,Hybrid,Automatic,Sedan,Silver,2,1,1.0,35066.86
Mazda,2011,84035.0,Petrol,DSG,Hatchback,Brown,1,1,0.0,1597.76
Volkswagen,2015,79598.0,Petrol,Automatic,Convertible,White,1,0,1.0,4965.74
Toyota,2014,27042.0,Diesel,Automatic,SUV,Silver,3,1,1.0,4229.98
Mazda,2013,86347.0,Hybrid,DSG,Sedan,Green,1,0,0.0,2429.23
Audi,2015,53155.0,Hybrid,CVT,Hatchback,Red,2,0,1.0,7281.5
Nissan,2014,66643.0,Petrol,CVT,Sedan,Silver,1,0,0.0,3235.35
Kia,2017,42487.0,Petrol,Automatic,Sedan,Yellow,2,1,1.0,6023.25
Subaru,2016,196567.0,Electric,CVT,Hatchback,Blue,3,0,1.0,1641.52
Lexus,2017,36468.0,Hybrid,Automatic,SUV,Red,4,0,1.0,18258.01
BMW,2016,96683.0,Diesel,CVT,SUV,Red,2,0,1.0,9790.66
Mercedes,2015,51816.0,Hybrid,Manual,Hatchback,Brown,1,0,1.0,8338.87
Honda,2011,134104.0,Petrol,Automatic,SUV,Green,2,0,1.0,1533.38
Toyota,2015,300000.0,Petrol,Automatic,Sedan,Silver,1,0,1.0,875.5
Lexus,2018,35213.0,CNG,Manual,SUV,Green,1,1,0.0,13589.59
Mazda,2021,41405.0,Petrol,CVT,Hatchback,Gray,1,0,1.0,14856.22
Honda,2017,300000.0,Diesel,Automatic,Convertible,Black,1,0,1.0,1335.5
Chevrolet,2010,145110.0,Hybrid,DSG,Sedan,Silver,2,0,0.0,1025.68
Ford,2020,5688.0,Petrol,Manual,SUV,White,1,0,1.0,19807.31
Hyundai,2013,51007.0,Petrol,Manual,Pickup,Blue,1,1,0.0,2076.16
Nissan,2017,69162.0,Petrol,CVT,Hatchback,Silver,1,0,0.0,5641.36
Lexus,2013,17986.0,Petrol,Automatic,Hatchback,Brown,1,0,1.0,6975.62
Mazda,2014,10513.0,Petrol,Manual,Sedan,Yellow,1,0,1.0,6098.62
Ford,2019,40038.0,Electric,Automatic,Hatchback,Green,1,0,1.0,8864.72
Hyundai,2011,300000.0,Diesel,Automatic,Sedan,Orange,1,0,1.0,520.78
Kia,2013,73628.0,Diesel,Manual,Sedan,Green,2,0,0.0,2251.29
Ford,2021,85483.0,Petrol,Automatic,SUV,Orange,1,1,0.0,5473.64
BMW,2022,12054.0,Hybrid,CVT,SUV,White,1,0,1.0,36560.11
Honda,2021,3203.0,Diesel,Automatic,Sedan,White,1,0,1.0,14815.67
Kia,2014,37279.0,Hybrid,Manual,Coupe,White,2,0,1.0,3722.99
Hyundai,2017,77673.0,Electric,CVT,Sedan,Yellow,1,1,1.0,1292.43
BMW,2020,25534.0,Petrol,Manual,Hatchback,Red,1,0,1.0,28598.71
BMW,2018,151204.0,Diesel,Automatic,SUV,Gray,1,0,1.0,6362.38
Honda,2010,176232.0,Petrol,Automatic,Wagon,Blue,4,0,1.0,826.22
Porsche,2015,33220.0,Petrol,DSG,Hatchback,Silver,1,0,1.0,16794.71
Mitsubishi,2022,17517.0,Hybrid,Automatic,Hatchback,Black,1,1,1.0,15388.85
Lexus,2015,59933.0,Diesel,Manual,Pickup,Brown,1,0,1.0,8740.09
Chevrolet,2022,1807.7082391217984,Hybrid,Manual,SUV,Yellow,1,0,0.0,60718.974565449826
Kia,2016,97662.0,Electric,Manual,Convertible,Blue,1,0,,3874.43
Volkswagen,2015,256217.0,Petrol,Manual,SUV,Yellow,1,0,1.0,1239.52
Subaru,2016,76811.0,Petrol,Automatic,Wagon,Yellow,1,1,1.0,3403.85
Nissan,2020,20513.0,Petrol,Automatic,Hatchback,Brown,1,0,1.0,13219.76
Suzuki,2014,148020.0,Petrol,Automatic,Hatchback,White,1,0,1.0,2128.26
BMW,2023,3681.0,Petrol,Automatic,SUV,Brown,1,0,0.0,32038.69
Tesla,2012,113072.0,Hybrid,Automatic,Wagon,Orange,4,0,1.0,2922.51
Mercedes,2021,19923.0,Hybrid,Manual,Coupe,Red,2,0,1.0,41952.47
Mazda,2017,300000.0,CNG,Automatic,Sedan,Black,1,0,0.0,960.06
BMW,2014,81305.0,Diesel,Manual,Hatchback,Silver,3,1,0.0,5289.34
Toyota,2014,126373.0,Diesel,Manual,Sedan,Yellow,1,0,0.0,2310.16
Honda,2015,49519.0,Petrol,Manual,Sedan,Black,1,1,0.0,3837.94
Mercedes,2012,63219.0,Hybrid,Automatic,SUV,Gray,2,0,1.0,4913.72
Honda,2014,50061.0,Diesel,Manual,SUV,Silver,3,0,0.0,3701.92
Ford,2016,49134.0,Diesel,Automatic,Wagon,Yellow,2,1,1.0,2877.96
Toyota,2014,161190.0,CNG,Manual,Sedan,Red,2,0,1.0,812.29
BMW,2023,2964.0,Electric,Manual,SUV,Orange,1,0,0.0,34822.55
Chevrolet,2020,82822.0,Electric,Manual,Hatchback,Brown,3,0,1.0,5843.38
Hyundai,2011,82611.0,Diesel,DSG,SUV,Yellow,1,0,1.0,1344.62
Volkswagen,2013,36143.0,Hybrid,Automatic,Hatchback,Yellow,1,0,1.0,5527.36
Mitsubishi,2021,22926.0,Petrol,Manual,Sedan,Orange,4,0,1.0,8572.13
Honda,2011,36956.0,Hybrid,Manual,Sedan,Blue,2,1,1.0,2380.14
Toyota,2016,21763.0,Petrol,Automatic,Hatchback,Gray,1,0,1.0,9727.65
Mercedes,2015,47704.0,Petrol,Automatic,Pickup,Red,1,0,1.0,11807.95
Volvo,2023,3344.0,Petrol,CVT,Sedan,Gray,3,1,1.0,37902.45
Toyota,2018,180813.0,Petrol,Automatic,Convertible,White,1,1,1.0,2858.81
Volkswagen,2020,5232.0,Hybrid,Automatic,Hatchback,Yellow,2,0,0.0,14652.15
Toyota,2017,10052.0,Petrol,Automatic,SUV,Blue,2,0,1.0,12918.68
Ford,2022,38143.0,Petrol,Automatic,Sedan,Silver,3,0,0.0,14989.2
Toyota,2022,189919.0,Hybrid,Automatic,SUV,Gray,1,0,1.0,5655.68
Honda,2021,17469.0,CNG,Automatic,Sedan,Brown,2,0,1.0,13707.58
Nissan,2022,29413.0,Petrol,Automatic,Pickup,White,3,1,0.0,12764.53
Audi,2017,58164.0,Hybrid,Automatic,Sedan,Yellow,2,0,1.0,11243.58
Lexus,2021,12318.0,Petrol,Automatic,SUV,White,1,0,1.0,45540.8
Chevrolet,2015,91566.0,Diesel,Automatic,SUV,Orange,1,0,1.0,6137.41
Subaru,2019,54414.0,Petrol,Automatic,SUV,Gray,2,0,0.0,11283.03
Chevrolet,2011,25760.0,Hybrid,CVT,Wagon,Brown,2,0,1.0,3263.26
Honda,2010,71823.0,Petrol,Automatic,Sedan,Gray,2,1,1.0,1494.7
BMW,2012,293633.0,Hybrid,Automatic,SUV,White,1,0,1.0,1358.98
Hyundai,2012,169326.0,CNG,DSG,Wagon,Black,1,0,0.0,1082.04
Honda,2013,63803.0,Hybrid,Manual,Sedan,Gray,1,0,1.0,3188.23
Mercedes,2018,,Electric,CVT,Sedan,Orange,3,0,1.0,18445.42
Honda,2019,44213.0,Diesel,Manual,SUV,Silver,4,0,0.0,8308.44
Ford,2020,35925.0,Petrol,Manual,Sedan,Blue,1,1,1.0,6317.7
Toyota,2020,9981.0,Petrol,Manual,Sedan,Red,1,0,1.0,9763.11
Ford,2017,43130.0,Petrol,Manual,SUV,Orange,3,0,1.0,7459.76
Nissan,2018,22260.0,Petrol,Automatic,Convertible,Blue,1,0,1.0,10874.32
Lexus,2020,20121.0,Petrol,Manual,SUV,Brown,2,0,0.0,24219.28
Kia,2022,27429.0,Diesel,Manual,SUV,Blue,2,0,1.0,14827.26
Hyundai,2015,1274.6350048202899,Diesel,Manual,Pickup,Brown,2,0,1.0,3455.9014488168623
Ford,2018,29814.0,Hybrid,CVT,Pickup,Green,2,1,1.0,9018.74
Nissan,2013,123455.0,Petrol,CVT,SUV,Yellow,1,0,1.0,2439.79
Ford,2018,33284.0,Petrol,Automatic,Wagon,Yellow,3,1,0.0,7315.59
Hyundai,2022,12261.0,Petrol,Manual,Hatchback,Brown,1,1,0.0,9782.13
Chevrolet,2010,129146.0,Hybrid,Automatic,Sedan,White,3,0,1.0,1212.94
Toyota,2022,1965.0,Petrol,Manual,Sedan,Yellow,1,0,1.0,14038.98
Mazda,2017,27080.0,Diesel,Manual,SUV,Brown,2,0,0.0,6212.21
Toyota,2022,14607.0,Diesel,Manual,Sedan,Black,2,0,1.0,27026.7
Mercedes,2016,56712.0,Electric,Manual,Convertible,Blue,1,1,1.0,11149.15
Volvo,2023,4553.0,Hybrid,Automatic,Wagon,Blue,2,0,0.0,46423.86
Mercedes,2010,74528.0,Electric,Automatic,SUV,Red,1,0,1.0,3650.92
Toyota,2023,6341.0,Hybrid,Automatic,Sedan,Silver,1,0,1.0,24595.42
Honda,2012,110549.0,Hybrid,Automatic,SUV,Blue,1,0,1.0,1977.49
Kia,2022,16462.0,Diesel,CVT,Sedan,Red,1,1,1.0,9263.75
Volvo,2014,74129.0,Petrol,Automatic,SUV,Orange,1,1,1.0,5250.0
Mazda,2015,53470.0,Electric,Automatic,Wagon,Gray,2,0,0.0,4516.61
Ford,2020,15037.0,Hybrid,Automatic,Sedan,Orange,1,0,1.0,10291.47
Volkswagen,2021,30217.0,Hybrid,DSG,Sedan,Orange,4,0,1.0,13252.81
Audi,2021,19184.0,Petrol,Automatic,Hatchback,White,3,1,1.0,24671.21
Hyundai,2014,73299.0,Petrol,Automatic,SUV,Brown,1,0,0.0,2337.0
Mercedes,2021,21659.0,Hybrid,Manual,Coupe,Blue,1,0,1.0,27220.19
Ford,2012,24395.0,Electric,Automatic,Coupe,Silver,1,0,1.0,4139.03
Hyundai,2023,3550.0,Petrol,Manual,Coupe,Green,2,0,1.0,22712.36
Tesla,2010,67181.0,Hybrid,Manual,Coupe,Black,1,0,0.0,3786.94
BMW,2023,4230.0,Electric,Manual,Convertible,Blue,1,1,0.0,44717.91
Kia,2015,25010.0,Petrol,Automatic,Hatchback,Yellow,1,0,1.0,3172.13
Ford,2021,65709.0,Diesel,Manual,Convertible,Yellow,1,0,0.0,13613.48
Toyota,2010,,Petrol,Automatic,SUV,Gray,1,1,1.0,1667.12
Subaru,2012,81870.0,Petrol,Manual,SUV,Red,3,0,1.0,2505.55
Honda,2019,54349.0,Petrol,Manual,SUV,Orange,1,0,1.0,7424.5
Ford,2010,248676.0,Petrol,CVT,SUV,Blue,3,0,1.0,394.87
Ford,2012,127533.0,Petrol,Automatic,SUV,Green,1,0,0.0,1988.39
Kia,2011,67981.0,Diesel,CVT,Pickup,Orange,2,0,1.0,509.48
Honda,2016,74481.0,Electric,Automatic,SUV,Brown,1,0,1.0,3835.39
Ford,2012,139211.0,CNG,Manual,Sedan,White,2,0,1.0,2059.95
Honda,2016,,Petrol,Manual,Wagon,Brown,2,0,0.0,7940.89
Honda,2021,77091.0,Diesel,Manual,SUV,Green,1,0,1.0,8173.58
Mercedes,2022,3664.0,CNG,Automatic,Coupe,Green,1,0,0.0,40564.51
Mercedes,2020,,Petrol,Manual,SUV,Blue,1,0,0.0,33421.73
Honda,2010,34675.0,Petrol,DSG,SUV,Gray,1,0,1.0,2429.2
Volkswagen,2010,90378.0,Petrol,Automatic,Sedan,Black,1,0,1.0,1661.93
Nissan,2010,50092.0,Petrol,CVT,SUV,Blue,4,0,0.0,1765.4
Mercedes,2011,34208.0,Hybrid,Manual,Hatchback,Yellow,1,0,1.0,5894.9
BMW,2013,61401.0,Petrol,Manual,Wagon,Green,2,0,1.0,8754.57
Honda,2016,11696.0,Diesel,CVT,SUV,Green,1,0,,7444.4
Kia,2012,85615.0,Petrol,Manual,Hatchback,Orange,2,0,0.0,1926.94
Mercedes,2022,7390.0,Petrol,Automatic,Hatchback,White,1,0,1.0,57095.22
Mazda,2011,121116.0,Hybrid,Automatic,Sedan,Red,3,0,0.0,1148.36
Chevrolet,2021,27199.0,Petrol,CVT,Coupe,Red,1,0,0.0,15327.88
Mercedes,2023,9365.0,Petrol,Automatic,SUV,Gray,1,0,1.0,68669.02
Ford,2015,76075.0,Petrol,DSG,Sedan,Yellow,3,0,1.0,4283.37
Honda,2022,22030.0,Diesel,Manual,Sedan,Yellow,1,0,1.0,15591.36
Volkswagen,2015,91089.0,Electric,Manual,Sedan,Orange,1,0,1.0,4018.84
Chevrolet,2012,138160.0,Petrol,Manual,Wagon,Yellow,2,0,1.0,2358.01
Mercedes,2013,51221.0,Diesel,Manual,SUV,Green,1,0,1.0,7455.8
Subaru,2017,22396.0,Petrol,Automatic,SUV,Gray,1,0,1.0,9959.48
Volkswagen,2020,48307.0,Petrol,CVT,Sedan,Blue,2,1,1.0,13745.84
Kia,2017,74647.0,Electric,Manual,Hatchback,Orange,2,0,1.0,3799.49
Ford,2018,12656.0,Petrol,Automatic,Wagon,Green,3,0,0.0,9385.94
Honda,2019,161856.0,Petrol,CVT,Wagon,Yellow,2,0,1.0,5826.79
Mercedes,2014,144342.0,Petrol,Automatic,SUV,Black,1,0,1.0,4767.45
Subaru,2023,,Hybrid,Manual,Convertible,White,2,0,0.0,17767.89
Honda,2015,109153.0,Hybrid,CVT,Convertible,Black,2,0,1.0,2065.58
Audi,2016,300000.0,Petrol,CVT,Sedan,White,1,0,0.0,2316.23
Porsche,2020,23786.0,Diesel,Automatic,Sedan,Green,4,0,1.0,21932.74
Nissan,2010,300000.0,Hybrid,Automatic,Wagon,Green,2,0,1.0,314.9
Hyundai,2015,39786.0,Diesel,Automatic,SUV,Green,4,0,0.0,2634.25
Hyundai,2018,13495.0,Petrol,Manual,Sedan,Gray,1,1,1.0,7726.25
Toyota,2023,3550.0,Petrol,Manual,Convertible,Black,1,0,0.0,36127.32
Hyundai,2016,28318.0,Hybrid,CVT,Pickup,Green,1,0,1.0,5910.0
Subaru,2022,27839.0,Petrol,Automatic,Wagon,Green,2,0,1.0,18159.12
Volvo,2021,9421.0,Petrol,Automatic,SUV,Silver,4,0,0.0,24540.44
Honda,2016,53738.0,Hybrid,Manual,Hatchback,Black,1,0,1.0,6129.82
Audi,2022,27894.0,CNG,Automatic,Wagon,Gray,1,0,1.0,34701.7
Kia,2019,66338.0,Hybrid,Automatic,Pickup,Brown,2,0,0.0,5596.15
Hyundai,2012,44240.0,Petrol,Automatic,Sedan,Silver,4,0,1.0,1683.88
Audi,2018,21113.0,Petrol,Manual,Hatchback,Yellow,1,0,0.0,15564.5
Subaru,2011,49038.0,Petrol,DSG,Hatchback,Orange,1,0,1.0,2428.22
Audi,2018,32458.0,Diesel,Automatic,SUV,Silver,1,0,1.0,19394.6
Ford,2020,119445.0,Petrol,CVT,SUV,Brown,1,0,1.0,6043.6
Ford,2020,21143.0,Petrol,CVT,Hatchback,Gray,1,0,0.0,6490.89
Subaru,2015,24215.0,Diesel,DSG,SUV,White,1,1,1.0,3024.04
Ford,2020,28548.0,Petrol,Automatic,Hatchback,White,2,0,1.0,7896.77
Ford,2022,32888.0,Diesel,Automatic,SUV,Blue,1,1,0.0,3376.74
Nissan,2021,11505.0,Diesel,Automatic,Wagon,Red,1,0,1.0,9872.98
Volkswagen,2011,245587.0,Hybrid,Manual,Hatchback,Brown,1,0,1.0,828.44
Ford,2020,121148.0,Petrol,CVT,Convertible,Green,3,0,0.0,4930.25
Porsche,2013,92369.0,Hybrid,Manual,Hatchback,Blue,1,0,1.0,10184.49
Suzuki,2013,73392.0,Hybrid,Manual,SUV,Yellow,1,0,1.0,2266.26
Toyota,2019,28671.0,Petrol,Automatic,Hatchback,Silver,2,0,0.0,7697.24
Nissan,2020,16264.0,Diesel,Manual,Hatchback,Yellow,2,0,1.0,9646.13
Mercedes,2015,72770.0,Petrol,Automatic,Coupe,Gray,3,1,0.0,6410.09
Toyota,2018,25238.0,Diesel,Automatic,Hatchback,Black,4,0,1.0,8710.8
Hyundai,2020,28239.0,Diesel,Manual,Sedan,Gray,1,1,1.0,7921.5
Lexus,2023,1399.1793363589065,Diesel,CVT,Sedan,White,1,0,0.0,116074.03855920282
Honda,2014,234631.0,Hybrid,Manual,SUV,Blue,1,0,1.0,1232.46
Ford,2022,15828.0,Petrol,Manual,Sedan,Yellow,1,0,1.0,19758.42
Lexus,2011,73240.0,Petrol,DSG,Wagon,Red,2,0,1.0,4341.59
Lexus,2011,180621.0,Petrol,Automatic,Wagon,Black,1,0,1.0,1771.7
Tesla,2011,46400.0,Petrol,Manual,Hatchback,White,1,0,0.0,3688.63
Hyundai,2022,7300.0,Petrol,CVT,SUV,Gray,2,0,1.0,15196.49
Audi,2010,55421.0,Hybrid,Manual,SUV,Brown,1,0,1.0,3726.52
Mitsubishi,2021,11648.0,Petrol,Manual,Sedan,Yellow,3,0,1.0,11314.32
Honda,2021,40795.0,Petrol,Manual,Pickup,Green,3,1,1.0,11415.76
Kia,2013,170450.0,Electric,Manual,Hatchback,Gray,2,0,1.0,1106.26
Lexus,2021,9465.0,Diesel,Manual,Wagon,Gray,1,0,1.0,32832.92
Volkswagen,2012,83864.0,Petrol,Automatic,Hatchback,Green,2,0,0.0,2436.11
BMW,2010,66611.0,Diesel,Automatic,SUV,Gray,1,0,1.0,4324.53
BMW,2017,300000.0,Petrol,Automatic,SUV,Gray,2,0,1.0,2535.42
Volkswagen,2011,130147.0,Petrol,Manual,Hatchback,Brown,1,0,1.0,2036.29
Hyundai,2020,50615.0,Hybrid,Automatic,Sedan,Brown,2,0,1.0,9745.14
Volkswagen,2022,12472.0,Petrol,Manual,Hatchback,Black,1,0,1.0,21153.39
Mitsubishi,2020,26774.0,Petrol,Automatic,Convertible,Green,3,1,1.0,5817.6
Kia,2012,96586.0,Hybrid,Automatic,Wagon,Silver,1,0,1.0,2018.13
Mazda,2023,4495.0,Hybrid,Automatic,Hatchback,Green,1,0,1.0,21149.06
Honda,2016,13190.0,Petrol,Automatic,Coupe,Red,1,0,0.0,5360.97
Nissan,2012,87522.0,Diesel,CVT,SUV,Brown,1,0,0.0,2197.73
Nissan,2023,12980.0,Petrol,Manual,Pickup,Orange,1,0,0.0,18841.3
Hyundai,2019,17734.0,Hybrid,Manual,SUV,Black,2,0,1.0,7982.4
BMW,2021,12596.0,Diesel,DSG,Sedan,Orange,1,0,0.0,31145.35
Ford,2019,39804.0,Hybrid,Automatic,Hatchback,Silver,2,0,1.0,10895.69
Honda,2017,42475.0,Diesel,CVT,SUV,Blue,1,0,0.0,9502.13
Subaru,2018,,Petrol,Manual,SUV,Silver,1,1,1.0,10084.85
Kia,2010,197203.0,Hybrid,Automatic,Pickup,Red,1,0,0.0,448.8
BMW,2012,153276.0,Hybrid,Automatic,Coupe,Gray,2,0,1.0,3428.44
Toyota,2014,27458.0,Diesel,Manual,SUV,White,1,0,1.0,7074.76
Hyundai,2011,222774.0,Electric,CVT,Convertible,Red,3,0,1.0,679.49
Toyota,2018,29333.0,Petrol,Automatic,Sedan,Red,2,0,0.0,6273.13
Mazda,2015,74493.0,Diesel,Manual,Sedan,Brown,2,0,1.0,3171.66
Toyota,2014,78135.0,Petrol,Manual,Wagon,Red,2,0,1.0,4081.07
Suzuki,2016,25253.0,Electric,Automatic,SUV,Black,1,0,1.0,5245.67
Volkswagen,2018,45042.0,Petrol,CVT,Sedan,Yellow,1,0,0.0,8554.09
Lexus,2023,2610.0,Petrol,Manual,Sedan,Gray,1,1,1.0,38343.08
Nissan,2014,105638.0,Diesel,Automatic,Sedan,Red,2,0,1.0,2711.74
Toyota,2012,46535.0,Petrol,Automatic,SUV,Black,2,0,1.0,2921.75
Mercedes,2020,50835.0,Hybrid,CVT,Hatchback,Gray,1,0,1.0,22863.86
Nissan,2014,57660.0,Diesel,CVT,SUV,White,1,0,0.0,2930.11
Chevrolet,2023,8725.0,Diesel,Manual,Sedan,Silver,1,0,1.0,30971.72
Mercedes,2022,111268.0,Petrol,Automatic,Wagon,Green,2,0,1.0,18596.64
Kia,2023,6336.0,Diesel,CVT,Hatchback,Green,1,0,1.0,14509.89
Honda,2023,,Electric,Automatic,Sedan,Black,1,0,1.0,21504.52
Hyundai,2012,168375.0,Petrol,Automatic,SUV,White,1,0,1.0,1454.41
Lexus,2017,58881.0,Hybrid,Manual,SUV,Yellow,1,0,0.0,10668.98
Honda,2021,58143.0,Petrol,Automatic,Hatchback,Silver,1,0,0.0,8853.84
Kia,2022,12170.0,Electric,Manual,SUV,Yellow,1,0,1.0,11497.86
Volvo,2022,13474.0,Electric,Automatic,SUV,Yellow,2,1,0.0,18747.31
Hyundai,2016,46364.0,Petrol,CVT,SUV,Gray,2,1,0.0,3139.06
Honda,2011,137278.0,Diesel,Manual,Pickup,Orange,1,0,1.0,1351.17
BMW,2021,18719.0,Hybrid,DSG,SUV,Silver,1,1,1.0,25355.48
Jeep,2020,8760.0,Petrol,Manual,Pickup,Orange,4,0,0.0,15817.33
Mercedes,2011,93319.0,Petrol,Automatic,Hatchback,Yellow,1,0,1.0,4086.08
Lexus,2016,,Electric,Manual,SUV,Silver,2,0,1.0,11376.07
Volkswagen,2015,59923.0,Hybrid,Automatic,SUV,Black,1,1,0.0,4535.98
Audi,2021,10516.0,Hybrid,Manual,Hatchback,Brown,1,0,1.0,28935.82
Chevrolet,2010,216318.0,Diesel,Automatic,SUV,Gray,3,0,,292.79
Tesla,2015,19536.0,Electric,Manual,SUV,Gray,1,0,1.0,15122.93
Lexus,2015,113205.0,Petrol,CVT,Coupe,Yellow,1,0,1.0,6947.57
Lexus,2022,8690.0,Hybrid,Manual,SUV,Brown,1,0,1.0,48521.75
Jeep,2012,113567.0,Petrol,CVT,SUV,White,1,0,0.0,2676.78
Toyota,2015,74211.0,Electric,Manual,Convertible,White,1,0,1.0,5273.65
Honda,2012,155099.0,CNG,Manual,Sedan,Green,2,0,1.0,1404.33
Ford,2017,34179.0,Hybrid,Automatic,Sedan,Black,4,0,1.0,4416.36
Mercedes,2015,30656.0,Petrol,Manual,Hatchback,Black,2,0,1.0,12094.44
Mercedes,2010,101522.0,Petrol,Automatic,SUV,Gray,1,0,1.0,3213.66
Mercedes,2011,179405.0,Petrol,Manual,SUV,Gray,1,0,1.0,2079.21
Mercedes,2013,194630.0,Electric,DSG,Sedan,White,1,0,0.0,2293.58
Tesla,2015,52083.0,Petrol,Automatic,Sedan,Yellow,1,0,1.0,13155.71
Mitsubishi,2022,33390.0,Petrol,Automatic,SUV,Green,4,0,1.0,11448.39
Mercedes,2022,5448.0,Diesel,Automatic,Wagon,Green,3,0,0.0,37943.83
Volvo,2018,23273.0,Diesel,Automatic,Hatchback,White,2,1,0.0,9824.69
Chevrolet,2016,42401.0,Diesel,Automatic,SUV,Blue,2,0,1.0,7101.84
Audi,2011,238730.0,Diesel,Automatic,SUV,Black,1,0,1.0,1187.03
Toyota,2014,17863.0,CNG,Automatic,Coupe,White,3,1,1.0,4282.79
Honda,2021,8057.0,Petrol,Manual,SUV,Black,1,0,0.0,17361.9
Lexus,2013,147720.0,Petrol,Automatic,Hatchback,Black,3,1,1.0,3543.87
Audi,2020,64662.0,Petrol,Automatic,Pickup,Black,4,1,0.0,9518.48
Volkswagen,2017,58066.0,Hybrid,CVT,Hatchback,Orange,1,0,1.0,5722.99
Honda,2023,2875.0,Hybrid,Manual,Sedan,Red,1,0,1.0,16286.37
Jeep,2022,143119.0,Petrol,Manual,SUV,Orange,4,0,0.0,5317.45
Suzuki,2018,7363.0,Petrol,CVT,Wagon,White,1,0,1.0,7464.74
Jeep,2019,24488.0,Hybrid,CVT,Sedan,Silver,3,0,1.0,15141.75
Toyota,2011,37958.0,Diesel,Manual,Sedan,Blue,1,0,1.0,3430.07
Honda,2016,94024.0,Hybrid,CVT,SUV,Brown,2,0,0.0,4286.26
Honda,2010,92184.0,Hybrid,Manual,Pickup,Green,2,0,1.0,1689.82
Honda,2019,50378.0,Diesel,Automatic,SUV,Yellow,1,1,1.0,7156.23
Chevrolet,2019,20100.0,Petrol,Automatic,Coupe,White,1,0,1.0,12154.61
Chevrolet,2014,128103.0,Diesel,Manual,Wagon,Black,4,0,0.0,2220.94
Hyundai,2022,7385.0,Hybrid,Automatic,SUV,Silver,2,0,1.0,16514.37
Toyota,2010,300000.0,Hybrid,Automatic,SUV,Silver,2,0,1.0,651.85
Subaru,2013,30053.0,Diesel,Automatic,Sedan,White,1,0,0.0,3447.83
Ford,2020,29238.0,Diesel,CVT,Hatchback,Brown,2,0,0.0,11661.41
Nissan,2010,35060.0,Petrol,Manual,Convertible,Silver,1,1,0.0,1444.46
Audi,2022,5144.0,Electric,Automatic,Wagon,White,2,0,0.0,39529.64
Ford,2022,3390.0,Petrol,Manual,Coupe,White,1,1,1.0,12422.84
Lexus,2015,205327.0,Diesel,CVT,Sedan,Red,2,0,,3522.03
Honda,2017,67245.0,Petrol,DSG,Convertible,White,3,0,1.0,4243.12
Subaru,2023,13362.0,Diesel,Automatic,Sedan,Orange,2,1,0.0,16852.61
Hyundai,2018,53281.0,Petrol,Manual,Wagon,Orange,1,0,1.0,8295.17
Mercedes,2022,37792.0,Petrol,Manual,Sedan,Black,1,1,1.0,31970.09
Honda,2010,31316.0,Petrol,Automatic,SUV,Silver,1,0,1.0,2655.57
Toyota,2019,76410.0,Hybrid,Automatic,Sedan,Gray,1,0,1.0,8154.57
Honda,2019,19577.0,Hybrid,Automatic,SUV,Red,1,1,0.0,9263.99
Toyota,2011,211954.0,Diesel,DSG,Convertible,Gray,3,0,1.0,865.18
Ford,2016,15305.0,Petrol,Manual,SUV,Green,3,0,1.0,6755.83
Chevrolet,2019,35473.0,Petrol,Automatic,Sedan,White,1,0,1.0,10734.17
Tesla,2012,300000.0,Petrol,Automatic,Sedan,Silver,1,0,0.0,1983.9
Toyota,2017,47487.0,Petrol,Manual,Hatchback,Blue,2,1,1.0,5097.66
Toyota,2021,20943.0,Petrol,Automatic,Hatchback,Blue,3,0,1.0,11743.98
Mercedes,2014,10432.0,Petrol,CVT,Wagon,White,1,0,0.0,8825.54
Mercedes,2015,4532.0,Petrol,Manual,Hatchback,Silver,1,0,0.0,13296.8
Honda,2012,130225.0,Petrol,Automatic,SUV,White,1,0,0.0,2814.81
Audi,2011,105753.0,Petrol,Automatic,Wagon,Silver,2,0,0.0,2460.51
Ford,2020,19879.0,Petrol,Automatic,Hatchback,Blue,2,1,1.0,9325.13
Ford,2021,11494.0,Hybrid,Automatic,SUV,Orange,3,0,0.0,18485.07
Hyundai,2011,194532.0,Petrol,CVT,Sedan,Gray,2,0,1.0,780.11
Mercedes,2015,86434.0,Diesel,Automatic,Convertible,Yellow,1,0,1.0,5826.63
Honda,2015,30436.0,Hybrid,DSG,SUV,White,1,0,1.0,4636.18
Toyota,2018,130205.0,Petrol,Manual,SUV,Orange,1,0,0.0,3851.59
Honda,2010,104866.0,Diesel,CVT,Sedan,Red,1,0,0.0,1304.01
Mercedes,2018,33531.0,Diesel,Automatic,Convertible,Blue,3,0,1.0,16317.41
Honda,2020,10235.0,Petrol,Automatic,Hatchback,Orange,2,0,0.0,11373.53
Volkswagen,2018,88372.0,Diesel,Manual,Hatchback,Black,1,0,1.0,7772.61
Ford,2012,170582.0,Petrol,Manual,SUV,Black,1,1,0.0,833.49
Ford,2023,17146.0,Petrol,Manual,Sedan,Red,1,0,1.0,23185.34
Audi,2011,52468.0,Hybrid,Manual,Pickup,White,1,0,1.0,5432.74
Toyota,2011,137189.0,Petrol,Manual,SUV,Yellow,2,0,1.0,2471.67
Chevrolet,2020,68930.0,Electric,Automatic,Convertible,Gray,3,0,1.0,11877.57
Volkswagen,2016,66484.0,Petrol,DSG,Hatchback,Brown,1,0,1.0,6940.69
Mazda,2012,131526.0,Petrol,Automatic,Hatchback,Yellow,2,0,1.0,2005.31
Honda,2016,64313.0,Petrol,Manual,SUV,Yellow,2,0,0.0,4753.78
Volvo,2016,293625.0,Hybrid,Manual,Convertible,Blue,1,0,1.0,2550.12
Toyota,2018,113891.0,Diesel,CVT,SUV,Brown,2,0,1.0,4528.29
Suzuki,2020,7030.0,Petrol,CVT,SUV,Brown,2,0,1.0,11935.48
Mercedes,2013,53869.0,Diesel,CVT,Pickup,Blue,3,0,0.0,5442.71
Lexus,2014,155138.0,Electric,Automatic,SUV,Green,2,0,0.0,5347.18
Volkswagen,2015,9434.0,Diesel,Manual,Hatchback,Blue,1,0,0.0,8416.3
Porsche,2011,129874.0,Hybrid,DSG,Sedan,Silver,1,0,1.0,3520.64
Mercedes,2022,8904.0,Hybrid,Automatic,Hatchback,Gray,3,0,1.0,28910.23
BMW,2023,13469.0,Diesel,Manual,Wagon,Red,2,1,1.0,21137.96
Honda,2017,19139.0,Petrol,CVT,Sedan,Orange,1,0,0.0,5766.11
BMW,2019,1315.8192483714838,Petrol,DSG,Convertible,Yellow,2,0,1.0,66290.98500805449
Subaru,2019,21010.0,Petrol,Automatic,Hatchback,Blue,1,0,0.0,12160.58
Kia,2014,22963.0,Diesel,DSG,Convertible,White,2,1,1.0,2707.68
Audi,2019,116033.0,Diesel,Manual,Wagon,Red,4,0,1.0,10165.14
Subaru,2019,25695.0,Electric,Manual,Wagon,Red,1,0,0.0,10382.53
Chevrolet,2010,66869.0,Petrol,Manual,Coupe,Silver,1,0,1.0,1669.34
Honda,2023,7023.0,Diesel,Automatic,Hatchback,White,1,1,1.0,24156.84
Hyundai,2021,34125.0,Petrol,DSG,Hatchback,Yellow,1,0,1.0,11594.08
Honda,2022,71743.0,Petrol,Automatic,Hatchback,Orange,1,0,1.0,15714.54
Subaru,2022,7045.0,CNG,Manual,SUV,Green,1,0,1.0,19363.23
Audi,2019,32797.0,Electric,CVT,Sedan,Blue,3,0,1.0,7507.48
Subaru,2015,14644.0,Hybrid,Manual,Sedan,Silver,1,0,1.0,4648.5
Honda,2014,45351.0,Petrol,Automatic,Wagon,Blue,1,0,0.0,3830.63
Toyota,2023,2045.0,Electric,Automatic,Hatchback,White,2,0,1.0,25360.28
Kia,2011,78225.0,Petrol,Automatic,SUV,White,1,0,0.0,2120.25
Suzuki,2014,153911.0,Petrol,Manual,Sedan,Silver,1,0,1.0,1231.07
Audi,2016,28045.0,Diesel,Manual,Coupe,Black,2,0,0.0,10797.85
Toyota,2021,13748.0,Diesel,Manual,Sedan,Yellow,1,0,0.0,17101.68
Hyundai,2010,96940.0,CNG,Manual,Hatchback,Green,2,0,1.0,1398.71
BMW,2012,121624.0,Petrol,CVT,Hatchback,Black,1,1,1.0,2531.8
Toyota,2012,66929.0,Diesel,Automatic,Pickup,Silver,2,0,1.0,2844.19
Toyota,2016,13150.0,Diesel,Automatic,Hatchback,Gray,1,0,1.0,6627.64
Mercedes,2023,17039.0,Petrol,DSG,SUV,Silver,1,1,0.0,34503.35
Ford,2019,22720.0,Diesel,Automatic,Hatchback,Silver,2,1,1.0,4792.93
Nissan,2012,28391.0,Petrol,Automatic,Sedan,Red,2,0,1.0,3056.87
Toyota,2014,130132.0,Electric,Automatic,Hatchback,Gray,1,0,1.0,2014.82
Kia,2022,13708.0,Hybrid,Manual,Hatchback,Gray,1,0,1.0,11908.66
Honda,2020,27902.0,Petrol,Automatic,Hatchback,White,1,0,1.0,10058.71
Kia,2022,6613.0,Petrol,CVT,Hatchback,Gray,1,0,1.0,13798.67
Mitsubishi,2013,109535.0,Hybrid,Automatic,SUV,Black,2,0,1.0,2126.36
Kia,2020,21783.0,Petrol,CVT,Wagon,Red,1,0,1.0,7829.35
Audi,2022,15161.0,Diesel,Automatic,SUV,Green,2,0,1.0,27659.87
Kia,2013,26691.0,Hybrid,Manual,Hatchback,Blue,2,0,1.0,2677.83
Mazda,2020,76142.0,Diesel,Manual,SUV,Brown,1,1,1.0,8518.05
Audi,2013,47832.0,Diesel,CVT,SUV,Black,4,0,1.0,5682.5
Honda,2018,27104.0,Hybrid,CVT,Coupe,Green,1,0,1.0,7736.95
Hyundai,2012,76053.0,Petrol,Manual,SUV,Orange,1,0,1.0,2940.59
Mercedes,2021,56652.0,Diesel,Automatic,SUV,Silver,2,0,0.0,34831.5
Toyota,2022,19760.0,CNG,Automatic,Sedan,Brown,3,0,1.0,18126.74
Honda,2016,138562.0,Hybrid,Manual,SUV,Green,1,1,1.0,2321.62
Mercedes,2019,27872.0,Diesel,Automatic,Hatchback,Green,1,1,1.0,19406.7
Hyundai,2010,46941.0,Diesel,Automatic,Sedan,Red,4,0,1.0,1575.81
Mercedes,2018,25966.0,Petrol,CVT,Sedan,Yellow,1,0,0.0,17501.27
BMW,2017,75684.0,Petrol,CVT,Pickup,White,1,0,1.0,9411.68
Nissan,2014,,Diesel,Manual,Sedan,Red,2,0,1.0,3421.42
Volkswagen,2012,166518.0,Petrol,Automatic,Pickup,White,1,0,1.0,1850.7
Jeep,2015,38119.0,Diesel,Manual,SUV,Red,2,1,1.0,5547.26
Lexus,2016,142648.0,Hybrid,Automatic,Hatchback,Red,1,1,1.0,4254.12
Ford,2014,99904.0,Diesel,Automatic,SUV,Yellow,2,0,1.0,2041.89
Volkswagen,2010,60283.0,Petrol,Automatic,Wagon,Silver,1,0,1.0,2454.02
Ford,2019,186258.0,Petrol,CVT,SUV,Silver,3,0,1.0,2628.96
Hyundai,2012,144760.0,Hybrid,Automatic,Wagon,Orange,1,0,0.0,988.37
Nissan,2010,81308.0,Electric,Automatic,SUV,Black,2,1,1.0,1203.72
Honda,2017,19700.0,Petrol,Manual,Hatchback,Gray,1,1,0.0,7759.85
Mercedes,2020,100837.0,Diesel,Manual,SUV,Black,2,0,1.0,18597.82
Volkswagen,2022,14161.0,Petrol,DSG,Sedan,Green,1,0,1.0,20212.0
Mitsubishi,2016,26880.0,CNG,Automatic,SUV,Black,1,0,0.0,2895.76
BMW,2020,12128.0,Petrol,CVT,Pickup,Black,1,0,1.0,21874.77
BMW,2020,1406.8693402359343,Petrol,Manual,Convertible,Silver,2,0,1.0,98700.68290099906
Hyundai,2016,52117.0,Petrol,Automatic,SUV,Blue,3,1,1.0,4126.4
Volkswagen,2023,1182.0,Diesel,Automatic,SUV,Green,1,0,1.0,25574.29
Volkswagen,2020,32079.0,Petrol,DSG,Coupe,Gray,1,0,0.0,14769.36
Jeep,2015,30093.0,Petrol,Automatic,SUV,White,1,0,1.0,4278.19
Subaru,2013,87377.0,Petrol,Manual,Sedan,Orange,2,0,0.0,2540.79
Toyota,2015,214002.0,Diesel,Automatic,Sedan,Gray,2,0,1.0,1583.53
Audi,2013,91511.0,Petrol,Automatic,Pickup,Black,1,0,1.0,3408.2
Lexus,2020,114686.0,Diesel,Manual,Hatchback,Black,1,0,0.0,15927.39
Kia,2020,21813.0,Petrol,Automatic,Sedan,Red,1,0,1.0,8236.45
Chevrolet,2019,14749.0,Diesel,Manual,SUV,Gray,2,0,1.0,13769.02
Ford,2022,4976.0,Petrol,Automatic,Coupe,White,2,0,0.0,18309.76
Ford,2021,19264.0,Electric,Automatic,SUV,Green,1,0,1.0,13601.86
Hyundai,2010,300000.0,Electric,CVT,Sedan,Silver,2,0,1.0,308.36
Ford,2020,37704.0,Diesel,CVT,Sedan,Green,1,0,1.0,14561.46
BMW,2013,16517.0,Diesel,Automatic,Hatchback,Orange,1,1,1.0,8230.54
Toyota,2023,17469.0,Petrol,Manual,Pickup,Blue,1,0,1.0,27624.15
Kia,2014,255284.0,Petrol,Manual,Hatchback,Green,2,0,0.0,601.29
Volkswagen,2017,47315.0,Petrol,CVT,Wagon,Brown,1,0,1.0,7023.34
Lexus,2020,15817.0,Hybrid,CVT,SUV,Green,1,0,1.0,25319.32
